<mujoco>
    <asset>
        <mesh name="D_156_1" file="objects/D_156/D_156_1.stl"/>
        <mesh name="D_156_2" file="objects/D_156/D_156_2.stl"/>
        <mesh name="D_156_3" file="objects/D_156/D_156_3.stl"/>
        <mesh name="D_156_4" file="objects/D_156/D_156_4.stl"/>
        <mesh name="D_156_5" file="objects/D_156/D_156_5.stl"/>
        <mesh name="D_156_6" file="objects/D_156/D_156_6.stl"/>
        <mesh name="D_156_7" file="objects/D_156/D_156_7.stl"/>
        <mesh name="D_156_8" file="objects/D_156/D_156_8.stl"/>
        <mesh name="D_156_9" file="objects/D_156/D_156_9.stl"/>
        <mesh name="D_156_10" file="objects/D_156/D_156_10.stl"/>
        <mesh name="D_156_11" file="objects/D_156/D_156_11.stl"/>
        <mesh name="D_156_12" file="objects/D_156/D_156_12.stl"/>
        <mesh name="D_156_13" file="objects/D_156/D_156_13.stl"/>
        <mesh name="D_156_14" file="objects/D_156/D_156_14.stl"/>
        <mesh name="D_156_15" file="objects/D_156/D_156_15.stl"/>
        <mesh name="D_156_16" file="objects/D_156/D_156_16.stl"/>
        <mesh name="D_156_17" file="objects/D_156/D_156_17.stl"/>
        <mesh name="D_156_18" file="objects/D_156/D_156_18.stl"/>
        <mesh name="D_156_19" file="objects/D_156/D_156_19.stl"/>
        <mesh name="D_156_20" file="objects/D_156/D_156_20.stl"/>
        <mesh name="D_156_21" file="objects/D_156/D_156_21.stl"/>
        <mesh name="D_156_22" file="objects/D_156/D_156_22.stl"/>
        <mesh name="D_156_23" file="objects/D_156/D_156_23.stl"/>
        <mesh name="D_156_24" file="objects/D_156/D_156_24.stl"/>
        <mesh name="D_156_25" file="objects/D_156/D_156_25.stl"/>
        <mesh name="D_156_26" file="objects/D_156/D_156_26.stl"/>
        <mesh name="D_156_27" file="objects/D_156/D_156_27.stl"/>
        <mesh name="D_156_28" file="objects/D_156/D_156_28.stl"/>
        <mesh name="D_156_29" file="objects/D_156/D_156_29.stl"/>
        <mesh name="D_156_30" file="objects/D_156/D_156_30.stl"/>
        <mesh name="D_156_31" file="objects/D_156/D_156_31.stl"/>
        <mesh name="D_156_32" file="objects/D_156/D_156_32.stl"/>
        <mesh name="D_156_33" file="objects/D_156/D_156_33.stl"/>
        <mesh name="D_156_34" file="objects/D_156/D_156_34.stl"/>
        <mesh name="D_156_35" file="objects/D_156/D_156_35.stl"/>
        <mesh name="D_156_36" file="objects/D_156/D_156_36.stl"/>
        <mesh name="D_156_37" file="objects/D_156/D_156_37.stl"/>
        <mesh name="D_156_38" file="objects/D_156/D_156_38.stl"/>
        <mesh name="D_156_39" file="objects/D_156/D_156_39.stl"/>
        <mesh name="D_156_40" file="objects/D_156/D_156_40.stl"/>
        <mesh name="D_156_41" file="objects/D_156/D_156_41.stl"/>
        <mesh name="D_156_42" file="objects/D_156/D_156_42.stl"/>
        <mesh name="D_156_43" file="objects/D_156/D_156_43.stl"/>
        <mesh name="D_156_44" file="objects/D_156/D_156_44.stl"/>
        <mesh name="D_156_45" file="objects/D_156/D_156_45.stl"/>
        <mesh name="D_156_46" file="objects/D_156/D_156_46.stl"/>
        <mesh name="D_156_47" file="objects/D_156/D_156_47.stl"/>
        <mesh name="D_156_visual" file="objects/D_156/D_156_full.stl"/>
    </asset>
</mujoco>