<mujoco>
    <asset>
        <mesh name="D_48_1" file="objects/D_48/D_48_1.stl"/>
        <mesh name="D_48_2" file="objects/D_48/D_48_2.stl"/>
        <mesh name="D_48_3" file="objects/D_48/D_48_3.stl"/>
        <mesh name="D_48_4" file="objects/D_48/D_48_4.stl"/>
        <mesh name="D_48_5" file="objects/D_48/D_48_5.stl"/>
        <mesh name="D_48_6" file="objects/D_48/D_48_6.stl"/>
        <mesh name="D_48_7" file="objects/D_48/D_48_7.stl"/>
        <mesh name="D_48_8" file="objects/D_48/D_48_8.stl"/>
        <mesh name="D_48_9" file="objects/D_48/D_48_9.stl"/>
        <mesh name="D_48_10" file="objects/D_48/D_48_10.stl"/>
        <mesh name="D_48_11" file="objects/D_48/D_48_11.stl"/>
        <mesh name="D_48_12" file="objects/D_48/D_48_12.stl"/>
        <mesh name="D_48_13" file="objects/D_48/D_48_13.stl"/>
        <mesh name="D_48_14" file="objects/D_48/D_48_14.stl"/>
        <mesh name="D_48_15" file="objects/D_48/D_48_15.stl"/>
        <mesh name="D_48_16" file="objects/D_48/D_48_16.stl"/>
        <mesh name="D_48_17" file="objects/D_48/D_48_17.stl"/>
        <mesh name="D_48_18" file="objects/D_48/D_48_18.stl"/>
        <mesh name="D_48_19" file="objects/D_48/D_48_19.stl"/>
        <mesh name="D_48_20" file="objects/D_48/D_48_20.stl"/>
        <mesh name="D_48_21" file="objects/D_48/D_48_21.stl"/>
        <mesh name="D_48_22" file="objects/D_48/D_48_22.stl"/>
        <mesh name="D_48_23" file="objects/D_48/D_48_23.stl"/>
        <mesh name="D_48_24" file="objects/D_48/D_48_24.stl"/>
        <mesh name="D_48_25" file="objects/D_48/D_48_25.stl"/>
        <mesh name="D_48_26" file="objects/D_48/D_48_26.stl"/>
        <mesh name="D_48_27" file="objects/D_48/D_48_27.stl"/>
        <mesh name="D_48_28" file="objects/D_48/D_48_28.stl"/>
        <mesh name="D_48_29" file="objects/D_48/D_48_29.stl"/>
        <mesh name="D_48_30" file="objects/D_48/D_48_30.stl"/>
        <mesh name="D_48_31" file="objects/D_48/D_48_31.stl"/>
        <mesh name="D_48_32" file="objects/D_48/D_48_32.stl"/>
        <mesh name="D_48_33" file="objects/D_48/D_48_33.stl"/>
        <mesh name="D_48_34" file="objects/D_48/D_48_34.stl"/>
        <mesh name="D_48_35" file="objects/D_48/D_48_35.stl"/>
        <mesh name="D_48_36" file="objects/D_48/D_48_36.stl"/>
        <mesh name="D_48_37" file="objects/D_48/D_48_37.stl"/>
        <mesh name="D_48_38" file="objects/D_48/D_48_38.stl"/>
        <mesh name="D_48_39" file="objects/D_48/D_48_39.stl"/>
        <mesh name="D_48_40" file="objects/D_48/D_48_40.stl"/>
        <mesh name="D_48_41" file="objects/D_48/D_48_41.stl"/>
        <mesh name="D_48_42" file="objects/D_48/D_48_42.stl"/>
        <mesh name="D_48_43" file="objects/D_48/D_48_43.stl"/>
        <mesh name="D_48_44" file="objects/D_48/D_48_44.stl"/>
        <mesh name="D_48_45" file="objects/D_48/D_48_45.stl"/>
        <mesh name="D_48_46" file="objects/D_48/D_48_46.stl"/>
        <mesh name="D_48_47" file="objects/D_48/D_48_47.stl"/>
        <mesh name="D_48_48" file="objects/D_48/D_48_48.stl"/>
        <mesh name="D_48_49" file="objects/D_48/D_48_49.stl"/>
        <mesh name="D_48_50" file="objects/D_48/D_48_50.stl"/>
        <mesh name="D_48_51" file="objects/D_48/D_48_51.stl"/>
        <mesh name="D_48_52" file="objects/D_48/D_48_52.stl"/>
        <mesh name="D_48_53" file="objects/D_48/D_48_53.stl"/>
        <mesh name="D_48_54" file="objects/D_48/D_48_54.stl"/>
        <mesh name="D_48_55" file="objects/D_48/D_48_55.stl"/>
        <mesh name="D_48_56" file="objects/D_48/D_48_56.stl"/>
        <mesh name="D_48_57" file="objects/D_48/D_48_57.stl"/>
        <mesh name="D_48_58" file="objects/D_48/D_48_58.stl"/>
        <mesh name="D_48_59" file="objects/D_48/D_48_59.stl"/>
        <mesh name="D_48_60" file="objects/D_48/D_48_60.stl"/>
        <mesh name="D_48_61" file="objects/D_48/D_48_61.stl"/>
        <mesh name="D_48_62" file="objects/D_48/D_48_62.stl"/>
        <mesh name="D_48_63" file="objects/D_48/D_48_63.stl"/>
        <mesh name="D_48_64" file="objects/D_48/D_48_64.stl"/>
        <mesh name="D_48_65" file="objects/D_48/D_48_65.stl"/>
        <mesh name="D_48_66" file="objects/D_48/D_48_66.stl"/>
        <mesh name="D_48_67" file="objects/D_48/D_48_67.stl"/>
        <mesh name="D_48_68" file="objects/D_48/D_48_68.stl"/>
        <mesh name="D_48_69" file="objects/D_48/D_48_69.stl"/>
        <mesh name="D_48_70" file="objects/D_48/D_48_70.stl"/>
        <mesh name="D_48_71" file="objects/D_48/D_48_71.stl"/>
        <mesh name="D_48_72" file="objects/D_48/D_48_72.stl"/>
        <mesh name="D_48_73" file="objects/D_48/D_48_73.stl"/>
        <mesh name="D_48_74" file="objects/D_48/D_48_74.stl"/>
        <mesh name="D_48_75" file="objects/D_48/D_48_75.stl"/>
        <mesh name="D_48_76" file="objects/D_48/D_48_76.stl"/>
        <mesh name="D_48_77" file="objects/D_48/D_48_77.stl"/>
        <mesh name="D_48_78" file="objects/D_48/D_48_78.stl"/>
        <mesh name="D_48_79" file="objects/D_48/D_48_79.stl"/>
        <mesh name="D_48_visual" file="objects/D_48/D_48_full.stl"/>
    </asset>
</mujoco>