<mujoco>
    <asset>
        <mesh name="D_34_1" file="objects/D_34/D_34_1.stl"/>
        <mesh name="D_34_2" file="objects/D_34/D_34_2.stl"/>
        <mesh name="D_34_3" file="objects/D_34/D_34_3.stl"/>
        <mesh name="D_34_4" file="objects/D_34/D_34_4.stl"/>
        <mesh name="D_34_5" file="objects/D_34/D_34_5.stl"/>
        <mesh name="D_34_6" file="objects/D_34/D_34_6.stl"/>
        <mesh name="D_34_7" file="objects/D_34/D_34_7.stl"/>
        <mesh name="D_34_8" file="objects/D_34/D_34_8.stl"/>
        <mesh name="D_34_9" file="objects/D_34/D_34_9.stl"/>
        <mesh name="D_34_10" file="objects/D_34/D_34_10.stl"/>
        <mesh name="D_34_11" file="objects/D_34/D_34_11.stl"/>
        <mesh name="D_34_12" file="objects/D_34/D_34_12.stl"/>
        <mesh name="D_34_13" file="objects/D_34/D_34_13.stl"/>
        <mesh name="D_34_14" file="objects/D_34/D_34_14.stl"/>
        <mesh name="D_34_15" file="objects/D_34/D_34_15.stl"/>
        <mesh name="D_34_16" file="objects/D_34/D_34_16.stl"/>
        <mesh name="D_34_17" file="objects/D_34/D_34_17.stl"/>
        <mesh name="D_34_18" file="objects/D_34/D_34_18.stl"/>
        <mesh name="D_34_19" file="objects/D_34/D_34_19.stl"/>
        <mesh name="D_34_20" file="objects/D_34/D_34_20.stl"/>
        <mesh name="D_34_21" file="objects/D_34/D_34_21.stl"/>
        <mesh name="D_34_22" file="objects/D_34/D_34_22.stl"/>
        <mesh name="D_34_23" file="objects/D_34/D_34_23.stl"/>
        <mesh name="D_34_24" file="objects/D_34/D_34_24.stl"/>
        <mesh name="D_34_25" file="objects/D_34/D_34_25.stl"/>
        <mesh name="D_34_26" file="objects/D_34/D_34_26.stl"/>
        <mesh name="D_34_27" file="objects/D_34/D_34_27.stl"/>
        <mesh name="D_34_28" file="objects/D_34/D_34_28.stl"/>
        <mesh name="D_34_29" file="objects/D_34/D_34_29.stl"/>
        <mesh name="D_34_30" file="objects/D_34/D_34_30.stl"/>
        <mesh name="D_34_31" file="objects/D_34/D_34_31.stl"/>
        <mesh name="D_34_32" file="objects/D_34/D_34_32.stl"/>
        <mesh name="D_34_33" file="objects/D_34/D_34_33.stl"/>
        <mesh name="D_34_34" file="objects/D_34/D_34_34.stl"/>
        <mesh name="D_34_35" file="objects/D_34/D_34_35.stl"/>
        <mesh name="D_34_36" file="objects/D_34/D_34_36.stl"/>
        <mesh name="D_34_37" file="objects/D_34/D_34_37.stl"/>
        <mesh name="D_34_38" file="objects/D_34/D_34_38.stl"/>
        <mesh name="D_34_39" file="objects/D_34/D_34_39.stl"/>
        <mesh name="D_34_40" file="objects/D_34/D_34_40.stl"/>
        <mesh name="D_34_41" file="objects/D_34/D_34_41.stl"/>
        <mesh name="D_34_42" file="objects/D_34/D_34_42.stl"/>
        <mesh name="D_34_43" file="objects/D_34/D_34_43.stl"/>
        <mesh name="D_34_44" file="objects/D_34/D_34_44.stl"/>
        <mesh name="D_34_45" file="objects/D_34/D_34_45.stl"/>
        <mesh name="D_34_46" file="objects/D_34/D_34_46.stl"/>
        <mesh name="D_34_47" file="objects/D_34/D_34_47.stl"/>
        <mesh name="D_34_48" file="objects/D_34/D_34_48.stl"/>
        <mesh name="D_34_49" file="objects/D_34/D_34_49.stl"/>
        <mesh name="D_34_50" file="objects/D_34/D_34_50.stl"/>
        <mesh name="D_34_51" file="objects/D_34/D_34_51.stl"/>
        <mesh name="D_34_52" file="objects/D_34/D_34_52.stl"/>
        <mesh name="D_34_53" file="objects/D_34/D_34_53.stl"/>
        <mesh name="D_34_54" file="objects/D_34/D_34_54.stl"/>
        <mesh name="D_34_55" file="objects/D_34/D_34_55.stl"/>
        <mesh name="D_34_56" file="objects/D_34/D_34_56.stl"/>
        <mesh name="D_34_57" file="objects/D_34/D_34_57.stl"/>
        <mesh name="D_34_58" file="objects/D_34/D_34_58.stl"/>
        <mesh name="D_34_59" file="objects/D_34/D_34_59.stl"/>
        <mesh name="D_34_60" file="objects/D_34/D_34_60.stl"/>
        <mesh name="D_34_61" file="objects/D_34/D_34_61.stl"/>
        <mesh name="D_34_62" file="objects/D_34/D_34_62.stl"/>
        <mesh name="D_34_63" file="objects/D_34/D_34_63.stl"/>
        <mesh name="D_34_64" file="objects/D_34/D_34_64.stl"/>
        <mesh name="D_34_65" file="objects/D_34/D_34_65.stl"/>
        <mesh name="D_34_66" file="objects/D_34/D_34_66.stl"/>
        <mesh name="D_34_67" file="objects/D_34/D_34_67.stl"/>
        <mesh name="D_34_68" file="objects/D_34/D_34_68.stl"/>
        <mesh name="D_34_69" file="objects/D_34/D_34_69.stl"/>
        <mesh name="D_34_70" file="objects/D_34/D_34_70.stl"/>
        <mesh name="D_34_71" file="objects/D_34/D_34_71.stl"/>
        <mesh name="D_34_72" file="objects/D_34/D_34_72.stl"/>
        <mesh name="D_34_73" file="objects/D_34/D_34_73.stl"/>
        <mesh name="D_34_74" file="objects/D_34/D_34_74.stl"/>
        <mesh name="D_34_75" file="objects/D_34/D_34_75.stl"/>
        <mesh name="D_34_76" file="objects/D_34/D_34_76.stl"/>
        <mesh name="D_34_77" file="objects/D_34/D_34_77.stl"/>
        <mesh name="D_34_78" file="objects/D_34/D_34_78.stl"/>
        <mesh name="D_34_79" file="objects/D_34/D_34_79.stl"/>
        <mesh name="D_34_80" file="objects/D_34/D_34_80.stl"/>
        <mesh name="D_34_81" file="objects/D_34/D_34_81.stl"/>
        <mesh name="D_34_visual" file="objects/D_34/D_34_full.stl"/>
    </asset>
</mujoco>