<mujoco>
    <asset>
        <mesh name="D_200_1" file="objects/D_200/D_200_1.stl"/>
        <mesh name="D_200_2" file="objects/D_200/D_200_2.stl"/>
        <mesh name="D_200_3" file="objects/D_200/D_200_3.stl"/>
        <mesh name="D_200_4" file="objects/D_200/D_200_4.stl"/>
        <mesh name="D_200_5" file="objects/D_200/D_200_5.stl"/>
        <mesh name="D_200_6" file="objects/D_200/D_200_6.stl"/>
        <mesh name="D_200_7" file="objects/D_200/D_200_7.stl"/>
        <mesh name="D_200_8" file="objects/D_200/D_200_8.stl"/>
        <mesh name="D_200_9" file="objects/D_200/D_200_9.stl"/>
        <mesh name="D_200_10" file="objects/D_200/D_200_10.stl"/>
        <mesh name="D_200_11" file="objects/D_200/D_200_11.stl"/>
        <mesh name="D_200_12" file="objects/D_200/D_200_12.stl"/>
        <mesh name="D_200_13" file="objects/D_200/D_200_13.stl"/>
        <mesh name="D_200_14" file="objects/D_200/D_200_14.stl"/>
        <mesh name="D_200_15" file="objects/D_200/D_200_15.stl"/>
        <mesh name="D_200_16" file="objects/D_200/D_200_16.stl"/>
        <mesh name="D_200_17" file="objects/D_200/D_200_17.stl"/>
        <mesh name="D_200_18" file="objects/D_200/D_200_18.stl"/>
        <mesh name="D_200_19" file="objects/D_200/D_200_19.stl"/>
        <mesh name="D_200_20" file="objects/D_200/D_200_20.stl"/>
        <mesh name="D_200_21" file="objects/D_200/D_200_21.stl"/>
        <mesh name="D_200_22" file="objects/D_200/D_200_22.stl"/>
        <mesh name="D_200_23" file="objects/D_200/D_200_23.stl"/>
        <mesh name="D_200_24" file="objects/D_200/D_200_24.stl"/>
        <mesh name="D_200_25" file="objects/D_200/D_200_25.stl"/>
        <mesh name="D_200_26" file="objects/D_200/D_200_26.stl"/>
        <mesh name="D_200_27" file="objects/D_200/D_200_27.stl"/>
        <mesh name="D_200_28" file="objects/D_200/D_200_28.stl"/>
        <mesh name="D_200_29" file="objects/D_200/D_200_29.stl"/>
        <mesh name="D_200_30" file="objects/D_200/D_200_30.stl"/>
        <mesh name="D_200_31" file="objects/D_200/D_200_31.stl"/>
        <mesh name="D_200_32" file="objects/D_200/D_200_32.stl"/>
        <mesh name="D_200_33" file="objects/D_200/D_200_33.stl"/>
        <mesh name="D_200_34" file="objects/D_200/D_200_34.stl"/>
        <mesh name="D_200_35" file="objects/D_200/D_200_35.stl"/>
        <mesh name="D_200_36" file="objects/D_200/D_200_36.stl"/>
        <mesh name="D_200_37" file="objects/D_200/D_200_37.stl"/>
        <mesh name="D_200_38" file="objects/D_200/D_200_38.stl"/>
        <mesh name="D_200_39" file="objects/D_200/D_200_39.stl"/>
        <mesh name="D_200_40" file="objects/D_200/D_200_40.stl"/>
        <mesh name="D_200_41" file="objects/D_200/D_200_41.stl"/>
        <mesh name="D_200_visual" file="objects/D_200/D_200_full.stl"/>
    </asset>
</mujoco>