<mujoco>
    <asset>
        <mesh name="D_100_1" file="objects/D_100/D_100_1.stl"/>
        <mesh name="D_100_2" file="objects/D_100/D_100_2.stl"/>
        <mesh name="D_100_3" file="objects/D_100/D_100_3.stl"/>
        <mesh name="D_100_4" file="objects/D_100/D_100_4.stl"/>
        <mesh name="D_100_5" file="objects/D_100/D_100_5.stl"/>
        <mesh name="D_100_6" file="objects/D_100/D_100_6.stl"/>
        <mesh name="D_100_7" file="objects/D_100/D_100_7.stl"/>
        <mesh name="D_100_8" file="objects/D_100/D_100_8.stl"/>
        <mesh name="D_100_9" file="objects/D_100/D_100_9.stl"/>
        <mesh name="D_100_10" file="objects/D_100/D_100_10.stl"/>
        <mesh name="D_100_11" file="objects/D_100/D_100_11.stl"/>
        <mesh name="D_100_12" file="objects/D_100/D_100_12.stl"/>
        <mesh name="D_100_13" file="objects/D_100/D_100_13.stl"/>
        <mesh name="D_100_14" file="objects/D_100/D_100_14.stl"/>
        <mesh name="D_100_15" file="objects/D_100/D_100_15.stl"/>
        <mesh name="D_100_16" file="objects/D_100/D_100_16.stl"/>
        <mesh name="D_100_17" file="objects/D_100/D_100_17.stl"/>
        <mesh name="D_100_18" file="objects/D_100/D_100_18.stl"/>
        <mesh name="D_100_19" file="objects/D_100/D_100_19.stl"/>
        <mesh name="D_100_20" file="objects/D_100/D_100_20.stl"/>
        <mesh name="D_100_21" file="objects/D_100/D_100_21.stl"/>
        <mesh name="D_100_22" file="objects/D_100/D_100_22.stl"/>
        <mesh name="D_100_visual" file="objects/D_100/D_100_full.stl"/>
    </asset>
</mujoco>