<mujoco>
    <asset>
        <mesh name="D_29_1" file="objects/D_29/D_29_1.stl"/>
        <mesh name="D_29_2" file="objects/D_29/D_29_2.stl"/>
        <mesh name="D_29_3" file="objects/D_29/D_29_3.stl"/>
        <mesh name="D_29_4" file="objects/D_29/D_29_4.stl"/>
        <mesh name="D_29_5" file="objects/D_29/D_29_5.stl"/>
        <mesh name="D_29_6" file="objects/D_29/D_29_6.stl"/>
        <mesh name="D_29_7" file="objects/D_29/D_29_7.stl"/>
        <mesh name="D_29_8" file="objects/D_29/D_29_8.stl"/>
        <mesh name="D_29_9" file="objects/D_29/D_29_9.stl"/>
        <mesh name="D_29_10" file="objects/D_29/D_29_10.stl"/>
        <mesh name="D_29_11" file="objects/D_29/D_29_11.stl"/>
        <mesh name="D_29_12" file="objects/D_29/D_29_12.stl"/>
        <mesh name="D_29_13" file="objects/D_29/D_29_13.stl"/>
        <mesh name="D_29_14" file="objects/D_29/D_29_14.stl"/>
        <mesh name="D_29_15" file="objects/D_29/D_29_15.stl"/>
        <mesh name="D_29_16" file="objects/D_29/D_29_16.stl"/>
        <mesh name="D_29_17" file="objects/D_29/D_29_17.stl"/>
        <mesh name="D_29_18" file="objects/D_29/D_29_18.stl"/>
        <mesh name="D_29_19" file="objects/D_29/D_29_19.stl"/>
        <mesh name="D_29_20" file="objects/D_29/D_29_20.stl"/>
        <mesh name="D_29_21" file="objects/D_29/D_29_21.stl"/>
        <mesh name="D_29_22" file="objects/D_29/D_29_22.stl"/>
        <mesh name="D_29_23" file="objects/D_29/D_29_23.stl"/>
        <mesh name="D_29_24" file="objects/D_29/D_29_24.stl"/>
        <mesh name="D_29_25" file="objects/D_29/D_29_25.stl"/>
        <mesh name="D_29_26" file="objects/D_29/D_29_26.stl"/>
        <mesh name="D_29_27" file="objects/D_29/D_29_27.stl"/>
        <mesh name="D_29_28" file="objects/D_29/D_29_28.stl"/>
        <mesh name="D_29_29" file="objects/D_29/D_29_29.stl"/>
        <mesh name="D_29_30" file="objects/D_29/D_29_30.stl"/>
        <mesh name="D_29_31" file="objects/D_29/D_29_31.stl"/>
        <mesh name="D_29_32" file="objects/D_29/D_29_32.stl"/>
        <mesh name="D_29_33" file="objects/D_29/D_29_33.stl"/>
        <mesh name="D_29_34" file="objects/D_29/D_29_34.stl"/>
        <mesh name="D_29_35" file="objects/D_29/D_29_35.stl"/>
        <mesh name="D_29_36" file="objects/D_29/D_29_36.stl"/>
        <mesh name="D_29_37" file="objects/D_29/D_29_37.stl"/>
        <mesh name="D_29_38" file="objects/D_29/D_29_38.stl"/>
        <mesh name="D_29_39" file="objects/D_29/D_29_39.stl"/>
        <mesh name="D_29_40" file="objects/D_29/D_29_40.stl"/>
        <mesh name="D_29_41" file="objects/D_29/D_29_41.stl"/>
        <mesh name="D_29_42" file="objects/D_29/D_29_42.stl"/>
        <mesh name="D_29_43" file="objects/D_29/D_29_43.stl"/>
        <mesh name="D_29_44" file="objects/D_29/D_29_44.stl"/>
        <mesh name="D_29_45" file="objects/D_29/D_29_45.stl"/>
        <mesh name="D_29_46" file="objects/D_29/D_29_46.stl"/>
        <mesh name="D_29_47" file="objects/D_29/D_29_47.stl"/>
        <mesh name="D_29_48" file="objects/D_29/D_29_48.stl"/>
        <mesh name="D_29_visual" file="objects/D_29/D_29_full.stl"/>
    </asset>
</mujoco>