<mujoco>
    <asset>
        <mesh name="D_31_1" file="objects/D_31/D_31_1.stl"/>
        <mesh name="D_31_2" file="objects/D_31/D_31_2.stl"/>
        <mesh name="D_31_3" file="objects/D_31/D_31_3.stl"/>
        <mesh name="D_31_4" file="objects/D_31/D_31_4.stl"/>
        <mesh name="D_31_5" file="objects/D_31/D_31_5.stl"/>
        <mesh name="D_31_6" file="objects/D_31/D_31_6.stl"/>
        <mesh name="D_31_7" file="objects/D_31/D_31_7.stl"/>
        <mesh name="D_31_8" file="objects/D_31/D_31_8.stl"/>
        <mesh name="D_31_9" file="objects/D_31/D_31_9.stl"/>
        <mesh name="D_31_10" file="objects/D_31/D_31_10.stl"/>
        <mesh name="D_31_11" file="objects/D_31/D_31_11.stl"/>
        <mesh name="D_31_12" file="objects/D_31/D_31_12.stl"/>
        <mesh name="D_31_13" file="objects/D_31/D_31_13.stl"/>
        <mesh name="D_31_14" file="objects/D_31/D_31_14.stl"/>
        <mesh name="D_31_15" file="objects/D_31/D_31_15.stl"/>
        <mesh name="D_31_16" file="objects/D_31/D_31_16.stl"/>
        <mesh name="D_31_17" file="objects/D_31/D_31_17.stl"/>
        <mesh name="D_31_18" file="objects/D_31/D_31_18.stl"/>
        <mesh name="D_31_19" file="objects/D_31/D_31_19.stl"/>
        <mesh name="D_31_20" file="objects/D_31/D_31_20.stl"/>
        <mesh name="D_31_21" file="objects/D_31/D_31_21.stl"/>
        <mesh name="D_31_22" file="objects/D_31/D_31_22.stl"/>
        <mesh name="D_31_23" file="objects/D_31/D_31_23.stl"/>
        <mesh name="D_31_24" file="objects/D_31/D_31_24.stl"/>
        <mesh name="D_31_25" file="objects/D_31/D_31_25.stl"/>
        <mesh name="D_31_26" file="objects/D_31/D_31_26.stl"/>
        <mesh name="D_31_27" file="objects/D_31/D_31_27.stl"/>
        <mesh name="D_31_28" file="objects/D_31/D_31_28.stl"/>
        <mesh name="D_31_29" file="objects/D_31/D_31_29.stl"/>
        <mesh name="D_31_30" file="objects/D_31/D_31_30.stl"/>
        <mesh name="D_31_31" file="objects/D_31/D_31_31.stl"/>
        <mesh name="D_31_32" file="objects/D_31/D_31_32.stl"/>
        <mesh name="D_31_33" file="objects/D_31/D_31_33.stl"/>
        <mesh name="D_31_34" file="objects/D_31/D_31_34.stl"/>
        <mesh name="D_31_35" file="objects/D_31/D_31_35.stl"/>
        <mesh name="D_31_36" file="objects/D_31/D_31_36.stl"/>
        <mesh name="D_31_37" file="objects/D_31/D_31_37.stl"/>
        <mesh name="D_31_38" file="objects/D_31/D_31_38.stl"/>
        <mesh name="D_31_39" file="objects/D_31/D_31_39.stl"/>
        <mesh name="D_31_40" file="objects/D_31/D_31_40.stl"/>
        <mesh name="D_31_41" file="objects/D_31/D_31_41.stl"/>
        <mesh name="D_31_42" file="objects/D_31/D_31_42.stl"/>
        <mesh name="D_31_43" file="objects/D_31/D_31_43.stl"/>
        <mesh name="D_31_44" file="objects/D_31/D_31_44.stl"/>
        <mesh name="D_31_45" file="objects/D_31/D_31_45.stl"/>
        <mesh name="D_31_46" file="objects/D_31/D_31_46.stl"/>
        <mesh name="D_31_47" file="objects/D_31/D_31_47.stl"/>
        <mesh name="D_31_48" file="objects/D_31/D_31_48.stl"/>
        <mesh name="D_31_49" file="objects/D_31/D_31_49.stl"/>
        <mesh name="D_31_50" file="objects/D_31/D_31_50.stl"/>
        <mesh name="D_31_51" file="objects/D_31/D_31_51.stl"/>
        <mesh name="D_31_52" file="objects/D_31/D_31_52.stl"/>
        <mesh name="D_31_53" file="objects/D_31/D_31_53.stl"/>
        <mesh name="D_31_54" file="objects/D_31/D_31_54.stl"/>
        <mesh name="D_31_55" file="objects/D_31/D_31_55.stl"/>
        <mesh name="D_31_56" file="objects/D_31/D_31_56.stl"/>
        <mesh name="D_31_57" file="objects/D_31/D_31_57.stl"/>
        <mesh name="D_31_58" file="objects/D_31/D_31_58.stl"/>
        <mesh name="D_31_59" file="objects/D_31/D_31_59.stl"/>
        <mesh name="D_31_60" file="objects/D_31/D_31_60.stl"/>
        <mesh name="D_31_61" file="objects/D_31/D_31_61.stl"/>
        <mesh name="D_31_62" file="objects/D_31/D_31_62.stl"/>
        <mesh name="D_31_63" file="objects/D_31/D_31_63.stl"/>
        <mesh name="D_31_64" file="objects/D_31/D_31_64.stl"/>
        <mesh name="D_31_65" file="objects/D_31/D_31_65.stl"/>
        <mesh name="D_31_66" file="objects/D_31/D_31_66.stl"/>
        <mesh name="D_31_67" file="objects/D_31/D_31_67.stl"/>
        <mesh name="D_31_68" file="objects/D_31/D_31_68.stl"/>
        <mesh name="D_31_69" file="objects/D_31/D_31_69.stl"/>
        <mesh name="D_31_70" file="objects/D_31/D_31_70.stl"/>
        <mesh name="D_31_71" file="objects/D_31/D_31_71.stl"/>
        <mesh name="D_31_visual" file="objects/D_31/D_31_full.stl"/>
    </asset>
</mujoco>