<mujoco>
    <asset>
        <mesh name="D_104_1" file="objects/D_104/D_104_1.stl"/>
        <mesh name="D_104_2" file="objects/D_104/D_104_2.stl"/>
        <mesh name="D_104_3" file="objects/D_104/D_104_3.stl"/>
        <mesh name="D_104_4" file="objects/D_104/D_104_4.stl"/>
        <mesh name="D_104_5" file="objects/D_104/D_104_5.stl"/>
        <mesh name="D_104_6" file="objects/D_104/D_104_6.stl"/>
        <mesh name="D_104_7" file="objects/D_104/D_104_7.stl"/>
        <mesh name="D_104_8" file="objects/D_104/D_104_8.stl"/>
        <mesh name="D_104_9" file="objects/D_104/D_104_9.stl"/>
        <mesh name="D_104_10" file="objects/D_104/D_104_10.stl"/>
        <mesh name="D_104_11" file="objects/D_104/D_104_11.stl"/>
        <mesh name="D_104_12" file="objects/D_104/D_104_12.stl"/>
        <mesh name="D_104_13" file="objects/D_104/D_104_13.stl"/>
        <mesh name="D_104_14" file="objects/D_104/D_104_14.stl"/>
        <mesh name="D_104_15" file="objects/D_104/D_104_15.stl"/>
        <mesh name="D_104_16" file="objects/D_104/D_104_16.stl"/>
        <mesh name="D_104_17" file="objects/D_104/D_104_17.stl"/>
        <mesh name="D_104_18" file="objects/D_104/D_104_18.stl"/>
        <mesh name="D_104_19" file="objects/D_104/D_104_19.stl"/>
        <mesh name="D_104_20" file="objects/D_104/D_104_20.stl"/>
        <mesh name="D_104_21" file="objects/D_104/D_104_21.stl"/>
        <mesh name="D_104_22" file="objects/D_104/D_104_22.stl"/>
        <mesh name="D_104_23" file="objects/D_104/D_104_23.stl"/>
        <mesh name="D_104_24" file="objects/D_104/D_104_24.stl"/>
        <mesh name="D_104_25" file="objects/D_104/D_104_25.stl"/>
        <mesh name="D_104_26" file="objects/D_104/D_104_26.stl"/>
        <mesh name="D_104_27" file="objects/D_104/D_104_27.stl"/>
        <mesh name="D_104_28" file="objects/D_104/D_104_28.stl"/>
        <mesh name="D_104_29" file="objects/D_104/D_104_29.stl"/>
        <mesh name="D_104_30" file="objects/D_104/D_104_30.stl"/>
        <mesh name="D_104_31" file="objects/D_104/D_104_31.stl"/>
        <mesh name="D_104_32" file="objects/D_104/D_104_32.stl"/>
        <mesh name="D_104_33" file="objects/D_104/D_104_33.stl"/>
        <mesh name="D_104_34" file="objects/D_104/D_104_34.stl"/>
        <mesh name="D_104_visual" file="objects/D_104/D_104_full.stl"/>
    </asset>
</mujoco>