<mujoco>
    <asset>
        <mesh name="D_83_1" file="objects/D_83/D_83_1.stl"/>
        <mesh name="D_83_2" file="objects/D_83/D_83_2.stl"/>
        <mesh name="D_83_3" file="objects/D_83/D_83_3.stl"/>
        <mesh name="D_83_4" file="objects/D_83/D_83_4.stl"/>
        <mesh name="D_83_5" file="objects/D_83/D_83_5.stl"/>
        <mesh name="D_83_6" file="objects/D_83/D_83_6.stl"/>
        <mesh name="D_83_7" file="objects/D_83/D_83_7.stl"/>
        <mesh name="D_83_8" file="objects/D_83/D_83_8.stl"/>
        <mesh name="D_83_9" file="objects/D_83/D_83_9.stl"/>
        <mesh name="D_83_10" file="objects/D_83/D_83_10.stl"/>
        <mesh name="D_83_11" file="objects/D_83/D_83_11.stl"/>
        <mesh name="D_83_12" file="objects/D_83/D_83_12.stl"/>
        <mesh name="D_83_13" file="objects/D_83/D_83_13.stl"/>
        <mesh name="D_83_14" file="objects/D_83/D_83_14.stl"/>
        <mesh name="D_83_15" file="objects/D_83/D_83_15.stl"/>
        <mesh name="D_83_16" file="objects/D_83/D_83_16.stl"/>
        <mesh name="D_83_17" file="objects/D_83/D_83_17.stl"/>
        <mesh name="D_83_18" file="objects/D_83/D_83_18.stl"/>
        <mesh name="D_83_19" file="objects/D_83/D_83_19.stl"/>
        <mesh name="D_83_20" file="objects/D_83/D_83_20.stl"/>
        <mesh name="D_83_21" file="objects/D_83/D_83_21.stl"/>
        <mesh name="D_83_22" file="objects/D_83/D_83_22.stl"/>
        <mesh name="D_83_23" file="objects/D_83/D_83_23.stl"/>
        <mesh name="D_83_24" file="objects/D_83/D_83_24.stl"/>
        <mesh name="D_83_25" file="objects/D_83/D_83_25.stl"/>
        <mesh name="D_83_26" file="objects/D_83/D_83_26.stl"/>
        <mesh name="D_83_27" file="objects/D_83/D_83_27.stl"/>
        <mesh name="D_83_28" file="objects/D_83/D_83_28.stl"/>
        <mesh name="D_83_29" file="objects/D_83/D_83_29.stl"/>
        <mesh name="D_83_30" file="objects/D_83/D_83_30.stl"/>
        <mesh name="D_83_31" file="objects/D_83/D_83_31.stl"/>
        <mesh name="D_83_32" file="objects/D_83/D_83_32.stl"/>
        <mesh name="D_83_33" file="objects/D_83/D_83_33.stl"/>
        <mesh name="D_83_34" file="objects/D_83/D_83_34.stl"/>
        <mesh name="D_83_35" file="objects/D_83/D_83_35.stl"/>
        <mesh name="D_83_36" file="objects/D_83/D_83_36.stl"/>
        <mesh name="D_83_37" file="objects/D_83/D_83_37.stl"/>
        <mesh name="D_83_38" file="objects/D_83/D_83_38.stl"/>
        <mesh name="D_83_39" file="objects/D_83/D_83_39.stl"/>
        <mesh name="D_83_40" file="objects/D_83/D_83_40.stl"/>
        <mesh name="D_83_41" file="objects/D_83/D_83_41.stl"/>
        <mesh name="D_83_42" file="objects/D_83/D_83_42.stl"/>
        <mesh name="D_83_43" file="objects/D_83/D_83_43.stl"/>
        <mesh name="D_83_44" file="objects/D_83/D_83_44.stl"/>
        <mesh name="D_83_45" file="objects/D_83/D_83_45.stl"/>
        <mesh name="D_83_46" file="objects/D_83/D_83_46.stl"/>
        <mesh name="D_83_47" file="objects/D_83/D_83_47.stl"/>
        <mesh name="D_83_48" file="objects/D_83/D_83_48.stl"/>
        <mesh name="D_83_49" file="objects/D_83/D_83_49.stl"/>
        <mesh name="D_83_50" file="objects/D_83/D_83_50.stl"/>
        <mesh name="D_83_51" file="objects/D_83/D_83_51.stl"/>
        <mesh name="D_83_52" file="objects/D_83/D_83_52.stl"/>
        <mesh name="D_83_53" file="objects/D_83/D_83_53.stl"/>
        <mesh name="D_83_54" file="objects/D_83/D_83_54.stl"/>
        <mesh name="D_83_55" file="objects/D_83/D_83_55.stl"/>
        <mesh name="D_83_visual" file="objects/D_83/D_83_full.stl"/>
    </asset>
</mujoco>