<mujoco>
    <asset>
        <mesh name="D_161_1" file="objects/D_161/D_161_1.stl"/>
        <mesh name="D_161_2" file="objects/D_161/D_161_2.stl"/>
        <mesh name="D_161_3" file="objects/D_161/D_161_3.stl"/>
        <mesh name="D_161_4" file="objects/D_161/D_161_4.stl"/>
        <mesh name="D_161_5" file="objects/D_161/D_161_5.stl"/>
        <mesh name="D_161_6" file="objects/D_161/D_161_6.stl"/>
        <mesh name="D_161_7" file="objects/D_161/D_161_7.stl"/>
        <mesh name="D_161_8" file="objects/D_161/D_161_8.stl"/>
        <mesh name="D_161_9" file="objects/D_161/D_161_9.stl"/>
        <mesh name="D_161_10" file="objects/D_161/D_161_10.stl"/>
        <mesh name="D_161_11" file="objects/D_161/D_161_11.stl"/>
        <mesh name="D_161_12" file="objects/D_161/D_161_12.stl"/>
        <mesh name="D_161_13" file="objects/D_161/D_161_13.stl"/>
        <mesh name="D_161_14" file="objects/D_161/D_161_14.stl"/>
        <mesh name="D_161_15" file="objects/D_161/D_161_15.stl"/>
        <mesh name="D_161_16" file="objects/D_161/D_161_16.stl"/>
        <mesh name="D_161_17" file="objects/D_161/D_161_17.stl"/>
        <mesh name="D_161_18" file="objects/D_161/D_161_18.stl"/>
        <mesh name="D_161_19" file="objects/D_161/D_161_19.stl"/>
        <mesh name="D_161_20" file="objects/D_161/D_161_20.stl"/>
        <mesh name="D_161_21" file="objects/D_161/D_161_21.stl"/>
        <mesh name="D_161_22" file="objects/D_161/D_161_22.stl"/>
        <mesh name="D_161_visual" file="objects/D_161/D_161_full.stl"/>
    </asset>
</mujoco>