<mujoco>
    <asset>
        <mesh name="D_196_1" file="objects/D_196/D_196_1.stl"/>
        <mesh name="D_196_2" file="objects/D_196/D_196_2.stl"/>
        <mesh name="D_196_3" file="objects/D_196/D_196_3.stl"/>
        <mesh name="D_196_4" file="objects/D_196/D_196_4.stl"/>
        <mesh name="D_196_5" file="objects/D_196/D_196_5.stl"/>
        <mesh name="D_196_6" file="objects/D_196/D_196_6.stl"/>
        <mesh name="D_196_7" file="objects/D_196/D_196_7.stl"/>
        <mesh name="D_196_8" file="objects/D_196/D_196_8.stl"/>
        <mesh name="D_196_9" file="objects/D_196/D_196_9.stl"/>
        <mesh name="D_196_10" file="objects/D_196/D_196_10.stl"/>
        <mesh name="D_196_11" file="objects/D_196/D_196_11.stl"/>
        <mesh name="D_196_12" file="objects/D_196/D_196_12.stl"/>
        <mesh name="D_196_13" file="objects/D_196/D_196_13.stl"/>
        <mesh name="D_196_14" file="objects/D_196/D_196_14.stl"/>
        <mesh name="D_196_15" file="objects/D_196/D_196_15.stl"/>
        <mesh name="D_196_16" file="objects/D_196/D_196_16.stl"/>
        <mesh name="D_196_17" file="objects/D_196/D_196_17.stl"/>
        <mesh name="D_196_18" file="objects/D_196/D_196_18.stl"/>
        <mesh name="D_196_19" file="objects/D_196/D_196_19.stl"/>
        <mesh name="D_196_20" file="objects/D_196/D_196_20.stl"/>
        <mesh name="D_196_21" file="objects/D_196/D_196_21.stl"/>
        <mesh name="D_196_22" file="objects/D_196/D_196_22.stl"/>
        <mesh name="D_196_23" file="objects/D_196/D_196_23.stl"/>
        <mesh name="D_196_24" file="objects/D_196/D_196_24.stl"/>
        <mesh name="D_196_25" file="objects/D_196/D_196_25.stl"/>
        <mesh name="D_196_26" file="objects/D_196/D_196_26.stl"/>
        <mesh name="D_196_27" file="objects/D_196/D_196_27.stl"/>
        <mesh name="D_196_28" file="objects/D_196/D_196_28.stl"/>
        <mesh name="D_196_29" file="objects/D_196/D_196_29.stl"/>
        <mesh name="D_196_30" file="objects/D_196/D_196_30.stl"/>
        <mesh name="D_196_31" file="objects/D_196/D_196_31.stl"/>
        <mesh name="D_196_32" file="objects/D_196/D_196_32.stl"/>
        <mesh name="D_196_33" file="objects/D_196/D_196_33.stl"/>
        <mesh name="D_196_34" file="objects/D_196/D_196_34.stl"/>
        <mesh name="D_196_35" file="objects/D_196/D_196_35.stl"/>
        <mesh name="D_196_36" file="objects/D_196/D_196_36.stl"/>
        <mesh name="D_196_37" file="objects/D_196/D_196_37.stl"/>
        <mesh name="D_196_38" file="objects/D_196/D_196_38.stl"/>
        <mesh name="D_196_39" file="objects/D_196/D_196_39.stl"/>
        <mesh name="D_196_40" file="objects/D_196/D_196_40.stl"/>
        <mesh name="D_196_41" file="objects/D_196/D_196_41.stl"/>
        <mesh name="D_196_42" file="objects/D_196/D_196_42.stl"/>
        <mesh name="D_196_43" file="objects/D_196/D_196_43.stl"/>
        <mesh name="D_196_44" file="objects/D_196/D_196_44.stl"/>
        <mesh name="D_196_45" file="objects/D_196/D_196_45.stl"/>
        <mesh name="D_196_46" file="objects/D_196/D_196_46.stl"/>
        <mesh name="D_196_47" file="objects/D_196/D_196_47.stl"/>
        <mesh name="D_196_48" file="objects/D_196/D_196_48.stl"/>
        <mesh name="D_196_49" file="objects/D_196/D_196_49.stl"/>
        <mesh name="D_196_50" file="objects/D_196/D_196_50.stl"/>
        <mesh name="D_196_51" file="objects/D_196/D_196_51.stl"/>
        <mesh name="D_196_52" file="objects/D_196/D_196_52.stl"/>
        <mesh name="D_196_53" file="objects/D_196/D_196_53.stl"/>
        <mesh name="D_196_54" file="objects/D_196/D_196_54.stl"/>
        <mesh name="D_196_55" file="objects/D_196/D_196_55.stl"/>
        <mesh name="D_196_56" file="objects/D_196/D_196_56.stl"/>
        <mesh name="D_196_57" file="objects/D_196/D_196_57.stl"/>
        <mesh name="D_196_58" file="objects/D_196/D_196_58.stl"/>
        <mesh name="D_196_59" file="objects/D_196/D_196_59.stl"/>
        <mesh name="D_196_60" file="objects/D_196/D_196_60.stl"/>
        <mesh name="D_196_visual" file="objects/D_196/D_196_full.stl"/>
    </asset>
</mujoco>