<mujoco>
    <asset>
        <mesh name="D_32_1" file="objects/D_32/D_32_1.stl"/>
        <mesh name="D_32_2" file="objects/D_32/D_32_2.stl"/>
        <mesh name="D_32_3" file="objects/D_32/D_32_3.stl"/>
        <mesh name="D_32_4" file="objects/D_32/D_32_4.stl"/>
        <mesh name="D_32_5" file="objects/D_32/D_32_5.stl"/>
        <mesh name="D_32_6" file="objects/D_32/D_32_6.stl"/>
        <mesh name="D_32_7" file="objects/D_32/D_32_7.stl"/>
        <mesh name="D_32_8" file="objects/D_32/D_32_8.stl"/>
        <mesh name="D_32_9" file="objects/D_32/D_32_9.stl"/>
        <mesh name="D_32_10" file="objects/D_32/D_32_10.stl"/>
        <mesh name="D_32_11" file="objects/D_32/D_32_11.stl"/>
        <mesh name="D_32_12" file="objects/D_32/D_32_12.stl"/>
        <mesh name="D_32_13" file="objects/D_32/D_32_13.stl"/>
        <mesh name="D_32_14" file="objects/D_32/D_32_14.stl"/>
        <mesh name="D_32_15" file="objects/D_32/D_32_15.stl"/>
        <mesh name="D_32_16" file="objects/D_32/D_32_16.stl"/>
        <mesh name="D_32_17" file="objects/D_32/D_32_17.stl"/>
        <mesh name="D_32_18" file="objects/D_32/D_32_18.stl"/>
        <mesh name="D_32_19" file="objects/D_32/D_32_19.stl"/>
        <mesh name="D_32_20" file="objects/D_32/D_32_20.stl"/>
        <mesh name="D_32_21" file="objects/D_32/D_32_21.stl"/>
        <mesh name="D_32_22" file="objects/D_32/D_32_22.stl"/>
        <mesh name="D_32_23" file="objects/D_32/D_32_23.stl"/>
        <mesh name="D_32_24" file="objects/D_32/D_32_24.stl"/>
        <mesh name="D_32_25" file="objects/D_32/D_32_25.stl"/>
        <mesh name="D_32_26" file="objects/D_32/D_32_26.stl"/>
        <mesh name="D_32_27" file="objects/D_32/D_32_27.stl"/>
        <mesh name="D_32_28" file="objects/D_32/D_32_28.stl"/>
        <mesh name="D_32_29" file="objects/D_32/D_32_29.stl"/>
        <mesh name="D_32_30" file="objects/D_32/D_32_30.stl"/>
        <mesh name="D_32_31" file="objects/D_32/D_32_31.stl"/>
        <mesh name="D_32_32" file="objects/D_32/D_32_32.stl"/>
        <mesh name="D_32_33" file="objects/D_32/D_32_33.stl"/>
        <mesh name="D_32_34" file="objects/D_32/D_32_34.stl"/>
        <mesh name="D_32_35" file="objects/D_32/D_32_35.stl"/>
        <mesh name="D_32_36" file="objects/D_32/D_32_36.stl"/>
        <mesh name="D_32_37" file="objects/D_32/D_32_37.stl"/>
        <mesh name="D_32_38" file="objects/D_32/D_32_38.stl"/>
        <mesh name="D_32_39" file="objects/D_32/D_32_39.stl"/>
        <mesh name="D_32_40" file="objects/D_32/D_32_40.stl"/>
        <mesh name="D_32_41" file="objects/D_32/D_32_41.stl"/>
        <mesh name="D_32_42" file="objects/D_32/D_32_42.stl"/>
        <mesh name="D_32_43" file="objects/D_32/D_32_43.stl"/>
        <mesh name="D_32_44" file="objects/D_32/D_32_44.stl"/>
        <mesh name="D_32_45" file="objects/D_32/D_32_45.stl"/>
        <mesh name="D_32_46" file="objects/D_32/D_32_46.stl"/>
        <mesh name="D_32_47" file="objects/D_32/D_32_47.stl"/>
        <mesh name="D_32_48" file="objects/D_32/D_32_48.stl"/>
        <mesh name="D_32_49" file="objects/D_32/D_32_49.stl"/>
        <mesh name="D_32_50" file="objects/D_32/D_32_50.stl"/>
        <mesh name="D_32_51" file="objects/D_32/D_32_51.stl"/>
        <mesh name="D_32_52" file="objects/D_32/D_32_52.stl"/>
        <mesh name="D_32_53" file="objects/D_32/D_32_53.stl"/>
        <mesh name="D_32_54" file="objects/D_32/D_32_54.stl"/>
        <mesh name="D_32_55" file="objects/D_32/D_32_55.stl"/>
        <mesh name="D_32_56" file="objects/D_32/D_32_56.stl"/>
        <mesh name="D_32_57" file="objects/D_32/D_32_57.stl"/>
        <mesh name="D_32_58" file="objects/D_32/D_32_58.stl"/>
        <mesh name="D_32_59" file="objects/D_32/D_32_59.stl"/>
        <mesh name="D_32_60" file="objects/D_32/D_32_60.stl"/>
        <mesh name="D_32_61" file="objects/D_32/D_32_61.stl"/>
        <mesh name="D_32_62" file="objects/D_32/D_32_62.stl"/>
        <mesh name="D_32_63" file="objects/D_32/D_32_63.stl"/>
        <mesh name="D_32_64" file="objects/D_32/D_32_64.stl"/>
        <mesh name="D_32_65" file="objects/D_32/D_32_65.stl"/>
        <mesh name="D_32_66" file="objects/D_32/D_32_66.stl"/>
        <mesh name="D_32_67" file="objects/D_32/D_32_67.stl"/>
        <mesh name="D_32_68" file="objects/D_32/D_32_68.stl"/>
        <mesh name="D_32_69" file="objects/D_32/D_32_69.stl"/>
        <mesh name="D_32_visual" file="objects/D_32/D_32_full.stl"/>
    </asset>
</mujoco>