<mujoco>
    <asset>
        <mesh name="D_239_1" file="objects/D_239/D_239_1.stl"/>
        <mesh name="D_239_2" file="objects/D_239/D_239_2.stl"/>
        <mesh name="D_239_3" file="objects/D_239/D_239_3.stl"/>
        <mesh name="D_239_4" file="objects/D_239/D_239_4.stl"/>
        <mesh name="D_239_5" file="objects/D_239/D_239_5.stl"/>
        <mesh name="D_239_6" file="objects/D_239/D_239_6.stl"/>
        <mesh name="D_239_7" file="objects/D_239/D_239_7.stl"/>
        <mesh name="D_239_8" file="objects/D_239/D_239_8.stl"/>
        <mesh name="D_239_9" file="objects/D_239/D_239_9.stl"/>
        <mesh name="D_239_10" file="objects/D_239/D_239_10.stl"/>
        <mesh name="D_239_11" file="objects/D_239/D_239_11.stl"/>
        <mesh name="D_239_12" file="objects/D_239/D_239_12.stl"/>
        <mesh name="D_239_13" file="objects/D_239/D_239_13.stl"/>
        <mesh name="D_239_14" file="objects/D_239/D_239_14.stl"/>
        <mesh name="D_239_15" file="objects/D_239/D_239_15.stl"/>
        <mesh name="D_239_16" file="objects/D_239/D_239_16.stl"/>
        <mesh name="D_239_17" file="objects/D_239/D_239_17.stl"/>
        <mesh name="D_239_18" file="objects/D_239/D_239_18.stl"/>
        <mesh name="D_239_19" file="objects/D_239/D_239_19.stl"/>
        <mesh name="D_239_20" file="objects/D_239/D_239_20.stl"/>
        <mesh name="D_239_21" file="objects/D_239/D_239_21.stl"/>
        <mesh name="D_239_22" file="objects/D_239/D_239_22.stl"/>
        <mesh name="D_239_23" file="objects/D_239/D_239_23.stl"/>
        <mesh name="D_239_visual" file="objects/D_239/D_239_full.stl"/>
    </asset>
</mujoco>