<mujoco>
    <asset>
        <mesh name="D_240_1" file="objects/D_240/D_240_1.stl"/>
        <mesh name="D_240_2" file="objects/D_240/D_240_2.stl"/>
        <mesh name="D_240_3" file="objects/D_240/D_240_3.stl"/>
        <mesh name="D_240_4" file="objects/D_240/D_240_4.stl"/>
        <mesh name="D_240_5" file="objects/D_240/D_240_5.stl"/>
        <mesh name="D_240_6" file="objects/D_240/D_240_6.stl"/>
        <mesh name="D_240_7" file="objects/D_240/D_240_7.stl"/>
        <mesh name="D_240_8" file="objects/D_240/D_240_8.stl"/>
        <mesh name="D_240_9" file="objects/D_240/D_240_9.stl"/>
        <mesh name="D_240_10" file="objects/D_240/D_240_10.stl"/>
        <mesh name="D_240_11" file="objects/D_240/D_240_11.stl"/>
        <mesh name="D_240_12" file="objects/D_240/D_240_12.stl"/>
        <mesh name="D_240_13" file="objects/D_240/D_240_13.stl"/>
        <mesh name="D_240_14" file="objects/D_240/D_240_14.stl"/>
        <mesh name="D_240_15" file="objects/D_240/D_240_15.stl"/>
        <mesh name="D_240_16" file="objects/D_240/D_240_16.stl"/>
        <mesh name="D_240_17" file="objects/D_240/D_240_17.stl"/>
        <mesh name="D_240_18" file="objects/D_240/D_240_18.stl"/>
        <mesh name="D_240_19" file="objects/D_240/D_240_19.stl"/>
        <mesh name="D_240_20" file="objects/D_240/D_240_20.stl"/>
        <mesh name="D_240_21" file="objects/D_240/D_240_21.stl"/>
        <mesh name="D_240_22" file="objects/D_240/D_240_22.stl"/>
        <mesh name="D_240_23" file="objects/D_240/D_240_23.stl"/>
        <mesh name="D_240_24" file="objects/D_240/D_240_24.stl"/>
        <mesh name="D_240_25" file="objects/D_240/D_240_25.stl"/>
        <mesh name="D_240_26" file="objects/D_240/D_240_26.stl"/>
        <mesh name="D_240_27" file="objects/D_240/D_240_27.stl"/>
        <mesh name="D_240_28" file="objects/D_240/D_240_28.stl"/>
        <mesh name="D_240_29" file="objects/D_240/D_240_29.stl"/>
        <mesh name="D_240_30" file="objects/D_240/D_240_30.stl"/>
        <mesh name="D_240_31" file="objects/D_240/D_240_31.stl"/>
        <mesh name="D_240_32" file="objects/D_240/D_240_32.stl"/>
        <mesh name="D_240_33" file="objects/D_240/D_240_33.stl"/>
        <mesh name="D_240_34" file="objects/D_240/D_240_34.stl"/>
        <mesh name="D_240_35" file="objects/D_240/D_240_35.stl"/>
        <mesh name="D_240_36" file="objects/D_240/D_240_36.stl"/>
        <mesh name="D_240_37" file="objects/D_240/D_240_37.stl"/>
        <mesh name="D_240_38" file="objects/D_240/D_240_38.stl"/>
        <mesh name="D_240_39" file="objects/D_240/D_240_39.stl"/>
        <mesh name="D_240_40" file="objects/D_240/D_240_40.stl"/>
        <mesh name="D_240_41" file="objects/D_240/D_240_41.stl"/>
        <mesh name="D_240_42" file="objects/D_240/D_240_42.stl"/>
        <mesh name="D_240_43" file="objects/D_240/D_240_43.stl"/>
        <mesh name="D_240_44" file="objects/D_240/D_240_44.stl"/>
        <mesh name="D_240_45" file="objects/D_240/D_240_45.stl"/>
        <mesh name="D_240_46" file="objects/D_240/D_240_46.stl"/>
        <mesh name="D_240_47" file="objects/D_240/D_240_47.stl"/>
        <mesh name="D_240_48" file="objects/D_240/D_240_48.stl"/>
        <mesh name="D_240_49" file="objects/D_240/D_240_49.stl"/>
        <mesh name="D_240_50" file="objects/D_240/D_240_50.stl"/>
        <mesh name="D_240_51" file="objects/D_240/D_240_51.stl"/>
        <mesh name="D_240_52" file="objects/D_240/D_240_52.stl"/>
        <mesh name="D_240_53" file="objects/D_240/D_240_53.stl"/>
        <mesh name="D_240_54" file="objects/D_240/D_240_54.stl"/>
        <mesh name="D_240_55" file="objects/D_240/D_240_55.stl"/>
        <mesh name="D_240_56" file="objects/D_240/D_240_56.stl"/>
        <mesh name="D_240_57" file="objects/D_240/D_240_57.stl"/>
        <mesh name="D_240_58" file="objects/D_240/D_240_58.stl"/>
        <mesh name="D_240_59" file="objects/D_240/D_240_59.stl"/>
        <mesh name="D_240_60" file="objects/D_240/D_240_60.stl"/>
        <mesh name="D_240_61" file="objects/D_240/D_240_61.stl"/>
        <mesh name="D_240_62" file="objects/D_240/D_240_62.stl"/>
        <mesh name="D_240_63" file="objects/D_240/D_240_63.stl"/>
        <mesh name="D_240_64" file="objects/D_240/D_240_64.stl"/>
        <mesh name="D_240_65" file="objects/D_240/D_240_65.stl"/>
        <mesh name="D_240_66" file="objects/D_240/D_240_66.stl"/>
        <mesh name="D_240_67" file="objects/D_240/D_240_67.stl"/>
        <mesh name="D_240_68" file="objects/D_240/D_240_68.stl"/>
        <mesh name="D_240_69" file="objects/D_240/D_240_69.stl"/>
        <mesh name="D_240_70" file="objects/D_240/D_240_70.stl"/>
        <mesh name="D_240_71" file="objects/D_240/D_240_71.stl"/>
        <mesh name="D_240_72" file="objects/D_240/D_240_72.stl"/>
        <mesh name="D_240_73" file="objects/D_240/D_240_73.stl"/>
        <mesh name="D_240_74" file="objects/D_240/D_240_74.stl"/>
        <mesh name="D_240_75" file="objects/D_240/D_240_75.stl"/>
        <mesh name="D_240_76" file="objects/D_240/D_240_76.stl"/>
        <mesh name="D_240_77" file="objects/D_240/D_240_77.stl"/>
        <mesh name="D_240_78" file="objects/D_240/D_240_78.stl"/>
        <mesh name="D_240_79" file="objects/D_240/D_240_79.stl"/>
        <mesh name="D_240_80" file="objects/D_240/D_240_80.stl"/>
        <mesh name="D_240_81" file="objects/D_240/D_240_81.stl"/>
        <mesh name="D_240_82" file="objects/D_240/D_240_82.stl"/>
        <mesh name="D_240_83" file="objects/D_240/D_240_83.stl"/>
        <mesh name="D_240_84" file="objects/D_240/D_240_84.stl"/>
        <mesh name="D_240_85" file="objects/D_240/D_240_85.stl"/>
        <mesh name="D_240_86" file="objects/D_240/D_240_86.stl"/>
        <mesh name="D_240_87" file="objects/D_240/D_240_87.stl"/>
        <mesh name="D_240_88" file="objects/D_240/D_240_88.stl"/>
        <mesh name="D_240_89" file="objects/D_240/D_240_89.stl"/>
        <mesh name="D_240_visual" file="objects/D_240/D_240_full.stl"/>
    </asset>
</mujoco>