<mujoco>
    <asset>
        <mesh name="D_145_1" file="objects/D_145/D_145_1.stl"/>
        <mesh name="D_145_2" file="objects/D_145/D_145_2.stl"/>
        <mesh name="D_145_3" file="objects/D_145/D_145_3.stl"/>
        <mesh name="D_145_4" file="objects/D_145/D_145_4.stl"/>
        <mesh name="D_145_5" file="objects/D_145/D_145_5.stl"/>
        <mesh name="D_145_6" file="objects/D_145/D_145_6.stl"/>
        <mesh name="D_145_7" file="objects/D_145/D_145_7.stl"/>
        <mesh name="D_145_8" file="objects/D_145/D_145_8.stl"/>
        <mesh name="D_145_9" file="objects/D_145/D_145_9.stl"/>
        <mesh name="D_145_10" file="objects/D_145/D_145_10.stl"/>
        <mesh name="D_145_11" file="objects/D_145/D_145_11.stl"/>
        <mesh name="D_145_12" file="objects/D_145/D_145_12.stl"/>
        <mesh name="D_145_13" file="objects/D_145/D_145_13.stl"/>
        <mesh name="D_145_14" file="objects/D_145/D_145_14.stl"/>
        <mesh name="D_145_15" file="objects/D_145/D_145_15.stl"/>
        <mesh name="D_145_16" file="objects/D_145/D_145_16.stl"/>
        <mesh name="D_145_17" file="objects/D_145/D_145_17.stl"/>
        <mesh name="D_145_18" file="objects/D_145/D_145_18.stl"/>
        <mesh name="D_145_19" file="objects/D_145/D_145_19.stl"/>
        <mesh name="D_145_20" file="objects/D_145/D_145_20.stl"/>
        <mesh name="D_145_21" file="objects/D_145/D_145_21.stl"/>
        <mesh name="D_145_22" file="objects/D_145/D_145_22.stl"/>
        <mesh name="D_145_23" file="objects/D_145/D_145_23.stl"/>
        <mesh name="D_145_24" file="objects/D_145/D_145_24.stl"/>
        <mesh name="D_145_25" file="objects/D_145/D_145_25.stl"/>
        <mesh name="D_145_26" file="objects/D_145/D_145_26.stl"/>
        <mesh name="D_145_27" file="objects/D_145/D_145_27.stl"/>
        <mesh name="D_145_28" file="objects/D_145/D_145_28.stl"/>
        <mesh name="D_145_29" file="objects/D_145/D_145_29.stl"/>
        <mesh name="D_145_30" file="objects/D_145/D_145_30.stl"/>
        <mesh name="D_145_31" file="objects/D_145/D_145_31.stl"/>
        <mesh name="D_145_32" file="objects/D_145/D_145_32.stl"/>
        <mesh name="D_145_33" file="objects/D_145/D_145_33.stl"/>
        <mesh name="D_145_34" file="objects/D_145/D_145_34.stl"/>
        <mesh name="D_145_35" file="objects/D_145/D_145_35.stl"/>
        <mesh name="D_145_36" file="objects/D_145/D_145_36.stl"/>
        <mesh name="D_145_37" file="objects/D_145/D_145_37.stl"/>
        <mesh name="D_145_38" file="objects/D_145/D_145_38.stl"/>
        <mesh name="D_145_39" file="objects/D_145/D_145_39.stl"/>
        <mesh name="D_145_40" file="objects/D_145/D_145_40.stl"/>
        <mesh name="D_145_41" file="objects/D_145/D_145_41.stl"/>
        <mesh name="D_145_42" file="objects/D_145/D_145_42.stl"/>
        <mesh name="D_145_43" file="objects/D_145/D_145_43.stl"/>
        <mesh name="D_145_44" file="objects/D_145/D_145_44.stl"/>
        <mesh name="D_145_45" file="objects/D_145/D_145_45.stl"/>
        <mesh name="D_145_46" file="objects/D_145/D_145_46.stl"/>
        <mesh name="D_145_47" file="objects/D_145/D_145_47.stl"/>
        <mesh name="D_145_48" file="objects/D_145/D_145_48.stl"/>
        <mesh name="D_145_49" file="objects/D_145/D_145_49.stl"/>
        <mesh name="D_145_50" file="objects/D_145/D_145_50.stl"/>
        <mesh name="D_145_51" file="objects/D_145/D_145_51.stl"/>
        <mesh name="D_145_52" file="objects/D_145/D_145_52.stl"/>
        <mesh name="D_145_53" file="objects/D_145/D_145_53.stl"/>
        <mesh name="D_145_54" file="objects/D_145/D_145_54.stl"/>
        <mesh name="D_145_55" file="objects/D_145/D_145_55.stl"/>
        <mesh name="D_145_56" file="objects/D_145/D_145_56.stl"/>
        <mesh name="D_145_visual" file="objects/D_145/D_145_full.stl"/>
    </asset>
</mujoco>