<mujoco>
    <asset>
        <mesh name="D_236_1" file="objects/D_236/D_236_1.stl"/>
        <mesh name="D_236_2" file="objects/D_236/D_236_2.stl"/>
        <mesh name="D_236_3" file="objects/D_236/D_236_3.stl"/>
        <mesh name="D_236_4" file="objects/D_236/D_236_4.stl"/>
        <mesh name="D_236_5" file="objects/D_236/D_236_5.stl"/>
        <mesh name="D_236_6" file="objects/D_236/D_236_6.stl"/>
        <mesh name="D_236_7" file="objects/D_236/D_236_7.stl"/>
        <mesh name="D_236_8" file="objects/D_236/D_236_8.stl"/>
        <mesh name="D_236_9" file="objects/D_236/D_236_9.stl"/>
        <mesh name="D_236_10" file="objects/D_236/D_236_10.stl"/>
        <mesh name="D_236_11" file="objects/D_236/D_236_11.stl"/>
        <mesh name="D_236_12" file="objects/D_236/D_236_12.stl"/>
        <mesh name="D_236_13" file="objects/D_236/D_236_13.stl"/>
        <mesh name="D_236_14" file="objects/D_236/D_236_14.stl"/>
        <mesh name="D_236_15" file="objects/D_236/D_236_15.stl"/>
        <mesh name="D_236_16" file="objects/D_236/D_236_16.stl"/>
        <mesh name="D_236_17" file="objects/D_236/D_236_17.stl"/>
        <mesh name="D_236_18" file="objects/D_236/D_236_18.stl"/>
        <mesh name="D_236_19" file="objects/D_236/D_236_19.stl"/>
        <mesh name="D_236_20" file="objects/D_236/D_236_20.stl"/>
        <mesh name="D_236_21" file="objects/D_236/D_236_21.stl"/>
        <mesh name="D_236_22" file="objects/D_236/D_236_22.stl"/>
        <mesh name="D_236_23" file="objects/D_236/D_236_23.stl"/>
        <mesh name="D_236_24" file="objects/D_236/D_236_24.stl"/>
        <mesh name="D_236_25" file="objects/D_236/D_236_25.stl"/>
        <mesh name="D_236_26" file="objects/D_236/D_236_26.stl"/>
        <mesh name="D_236_27" file="objects/D_236/D_236_27.stl"/>
        <mesh name="D_236_28" file="objects/D_236/D_236_28.stl"/>
        <mesh name="D_236_29" file="objects/D_236/D_236_29.stl"/>
        <mesh name="D_236_30" file="objects/D_236/D_236_30.stl"/>
        <mesh name="D_236_31" file="objects/D_236/D_236_31.stl"/>
        <mesh name="D_236_32" file="objects/D_236/D_236_32.stl"/>
        <mesh name="D_236_33" file="objects/D_236/D_236_33.stl"/>
        <mesh name="D_236_34" file="objects/D_236/D_236_34.stl"/>
        <mesh name="D_236_35" file="objects/D_236/D_236_35.stl"/>
        <mesh name="D_236_36" file="objects/D_236/D_236_36.stl"/>
        <mesh name="D_236_37" file="objects/D_236/D_236_37.stl"/>
        <mesh name="D_236_38" file="objects/D_236/D_236_38.stl"/>
        <mesh name="D_236_39" file="objects/D_236/D_236_39.stl"/>
        <mesh name="D_236_40" file="objects/D_236/D_236_40.stl"/>
        <mesh name="D_236_41" file="objects/D_236/D_236_41.stl"/>
        <mesh name="D_236_42" file="objects/D_236/D_236_42.stl"/>
        <mesh name="D_236_43" file="objects/D_236/D_236_43.stl"/>
        <mesh name="D_236_44" file="objects/D_236/D_236_44.stl"/>
        <mesh name="D_236_45" file="objects/D_236/D_236_45.stl"/>
        <mesh name="D_236_46" file="objects/D_236/D_236_46.stl"/>
        <mesh name="D_236_47" file="objects/D_236/D_236_47.stl"/>
        <mesh name="D_236_48" file="objects/D_236/D_236_48.stl"/>
        <mesh name="D_236_49" file="objects/D_236/D_236_49.stl"/>
        <mesh name="D_236_50" file="objects/D_236/D_236_50.stl"/>
        <mesh name="D_236_51" file="objects/D_236/D_236_51.stl"/>
        <mesh name="D_236_52" file="objects/D_236/D_236_52.stl"/>
        <mesh name="D_236_53" file="objects/D_236/D_236_53.stl"/>
        <mesh name="D_236_54" file="objects/D_236/D_236_54.stl"/>
        <mesh name="D_236_55" file="objects/D_236/D_236_55.stl"/>
        <mesh name="D_236_56" file="objects/D_236/D_236_56.stl"/>
        <mesh name="D_236_57" file="objects/D_236/D_236_57.stl"/>
        <mesh name="D_236_58" file="objects/D_236/D_236_58.stl"/>
        <mesh name="D_236_59" file="objects/D_236/D_236_59.stl"/>
        <mesh name="D_236_60" file="objects/D_236/D_236_60.stl"/>
        <mesh name="D_236_61" file="objects/D_236/D_236_61.stl"/>
        <mesh name="D_236_62" file="objects/D_236/D_236_62.stl"/>
        <mesh name="D_236_63" file="objects/D_236/D_236_63.stl"/>
        <mesh name="D_236_64" file="objects/D_236/D_236_64.stl"/>
        <mesh name="D_236_65" file="objects/D_236/D_236_65.stl"/>
        <mesh name="D_236_66" file="objects/D_236/D_236_66.stl"/>
        <mesh name="D_236_67" file="objects/D_236/D_236_67.stl"/>
        <mesh name="D_236_68" file="objects/D_236/D_236_68.stl"/>
        <mesh name="D_236_69" file="objects/D_236/D_236_69.stl"/>
        <mesh name="D_236_70" file="objects/D_236/D_236_70.stl"/>
        <mesh name="D_236_71" file="objects/D_236/D_236_71.stl"/>
        <mesh name="D_236_72" file="objects/D_236/D_236_72.stl"/>
        <mesh name="D_236_73" file="objects/D_236/D_236_73.stl"/>
        <mesh name="D_236_74" file="objects/D_236/D_236_74.stl"/>
        <mesh name="D_236_75" file="objects/D_236/D_236_75.stl"/>
        <mesh name="D_236_76" file="objects/D_236/D_236_76.stl"/>
        <mesh name="D_236_77" file="objects/D_236/D_236_77.stl"/>
        <mesh name="D_236_78" file="objects/D_236/D_236_78.stl"/>
        <mesh name="D_236_79" file="objects/D_236/D_236_79.stl"/>
        <mesh name="D_236_80" file="objects/D_236/D_236_80.stl"/>
        <mesh name="D_236_81" file="objects/D_236/D_236_81.stl"/>
        <mesh name="D_236_82" file="objects/D_236/D_236_82.stl"/>
        <mesh name="D_236_83" file="objects/D_236/D_236_83.stl"/>
        <mesh name="D_236_84" file="objects/D_236/D_236_84.stl"/>
        <mesh name="D_236_85" file="objects/D_236/D_236_85.stl"/>
        <mesh name="D_236_86" file="objects/D_236/D_236_86.stl"/>
        <mesh name="D_236_87" file="objects/D_236/D_236_87.stl"/>
        <mesh name="D_236_88" file="objects/D_236/D_236_88.stl"/>
        <mesh name="D_236_89" file="objects/D_236/D_236_89.stl"/>
        <mesh name="D_236_90" file="objects/D_236/D_236_90.stl"/>
        <mesh name="D_236_91" file="objects/D_236/D_236_91.stl"/>
        <mesh name="D_236_92" file="objects/D_236/D_236_92.stl"/>
        <mesh name="D_236_93" file="objects/D_236/D_236_93.stl"/>
        <mesh name="D_236_94" file="objects/D_236/D_236_94.stl"/>
        <mesh name="D_236_95" file="objects/D_236/D_236_95.stl"/>
        <mesh name="D_236_96" file="objects/D_236/D_236_96.stl"/>
        <mesh name="D_236_97" file="objects/D_236/D_236_97.stl"/>
        <mesh name="D_236_98" file="objects/D_236/D_236_98.stl"/>
        <mesh name="D_236_99" file="objects/D_236/D_236_99.stl"/>
        <mesh name="D_236_100" file="objects/D_236/D_236_100.stl"/>
        <mesh name="D_236_101" file="objects/D_236/D_236_101.stl"/>
        <mesh name="D_236_102" file="objects/D_236/D_236_102.stl"/>
        <mesh name="D_236_103" file="objects/D_236/D_236_103.stl"/>
        <mesh name="D_236_104" file="objects/D_236/D_236_104.stl"/>
        <mesh name="D_236_105" file="objects/D_236/D_236_105.stl"/>
        <mesh name="D_236_106" file="objects/D_236/D_236_106.stl"/>
        <mesh name="D_236_107" file="objects/D_236/D_236_107.stl"/>
        <mesh name="D_236_108" file="objects/D_236/D_236_108.stl"/>
        <mesh name="D_236_109" file="objects/D_236/D_236_109.stl"/>
        <mesh name="D_236_110" file="objects/D_236/D_236_110.stl"/>
        <mesh name="D_236_111" file="objects/D_236/D_236_111.stl"/>
        <mesh name="D_236_112" file="objects/D_236/D_236_112.stl"/>
        <mesh name="D_236_visual" file="objects/D_236/D_236_full.stl"/>
    </asset>
</mujoco>