<mujoco>
    <asset>
        <mesh name="D_147_1" file="objects/D_147/D_147_1.stl"/>
        <mesh name="D_147_2" file="objects/D_147/D_147_2.stl"/>
        <mesh name="D_147_3" file="objects/D_147/D_147_3.stl"/>
        <mesh name="D_147_4" file="objects/D_147/D_147_4.stl"/>
        <mesh name="D_147_5" file="objects/D_147/D_147_5.stl"/>
        <mesh name="D_147_6" file="objects/D_147/D_147_6.stl"/>
        <mesh name="D_147_7" file="objects/D_147/D_147_7.stl"/>
        <mesh name="D_147_8" file="objects/D_147/D_147_8.stl"/>
        <mesh name="D_147_9" file="objects/D_147/D_147_9.stl"/>
        <mesh name="D_147_10" file="objects/D_147/D_147_10.stl"/>
        <mesh name="D_147_11" file="objects/D_147/D_147_11.stl"/>
        <mesh name="D_147_12" file="objects/D_147/D_147_12.stl"/>
        <mesh name="D_147_13" file="objects/D_147/D_147_13.stl"/>
        <mesh name="D_147_14" file="objects/D_147/D_147_14.stl"/>
        <mesh name="D_147_15" file="objects/D_147/D_147_15.stl"/>
        <mesh name="D_147_16" file="objects/D_147/D_147_16.stl"/>
        <mesh name="D_147_17" file="objects/D_147/D_147_17.stl"/>
        <mesh name="D_147_18" file="objects/D_147/D_147_18.stl"/>
        <mesh name="D_147_19" file="objects/D_147/D_147_19.stl"/>
        <mesh name="D_147_20" file="objects/D_147/D_147_20.stl"/>
        <mesh name="D_147_21" file="objects/D_147/D_147_21.stl"/>
        <mesh name="D_147_22" file="objects/D_147/D_147_22.stl"/>
        <mesh name="D_147_23" file="objects/D_147/D_147_23.stl"/>
        <mesh name="D_147_24" file="objects/D_147/D_147_24.stl"/>
        <mesh name="D_147_25" file="objects/D_147/D_147_25.stl"/>
        <mesh name="D_147_26" file="objects/D_147/D_147_26.stl"/>
        <mesh name="D_147_27" file="objects/D_147/D_147_27.stl"/>
        <mesh name="D_147_28" file="objects/D_147/D_147_28.stl"/>
        <mesh name="D_147_29" file="objects/D_147/D_147_29.stl"/>
        <mesh name="D_147_30" file="objects/D_147/D_147_30.stl"/>
        <mesh name="D_147_31" file="objects/D_147/D_147_31.stl"/>
        <mesh name="D_147_32" file="objects/D_147/D_147_32.stl"/>
        <mesh name="D_147_33" file="objects/D_147/D_147_33.stl"/>
        <mesh name="D_147_34" file="objects/D_147/D_147_34.stl"/>
        <mesh name="D_147_35" file="objects/D_147/D_147_35.stl"/>
        <mesh name="D_147_36" file="objects/D_147/D_147_36.stl"/>
        <mesh name="D_147_37" file="objects/D_147/D_147_37.stl"/>
        <mesh name="D_147_38" file="objects/D_147/D_147_38.stl"/>
        <mesh name="D_147_39" file="objects/D_147/D_147_39.stl"/>
        <mesh name="D_147_40" file="objects/D_147/D_147_40.stl"/>
        <mesh name="D_147_visual" file="objects/D_147/D_147_full.stl"/>
    </asset>
</mujoco>