<mujoco>
    <asset>
        <mesh name="D_17_1" file="objects/D_17/D_17_1.stl"/>
        <mesh name="D_17_2" file="objects/D_17/D_17_2.stl"/>
        <mesh name="D_17_3" file="objects/D_17/D_17_3.stl"/>
        <mesh name="D_17_4" file="objects/D_17/D_17_4.stl"/>
        <mesh name="D_17_5" file="objects/D_17/D_17_5.stl"/>
        <mesh name="D_17_6" file="objects/D_17/D_17_6.stl"/>
        <mesh name="D_17_7" file="objects/D_17/D_17_7.stl"/>
        <mesh name="D_17_8" file="objects/D_17/D_17_8.stl"/>
        <mesh name="D_17_9" file="objects/D_17/D_17_9.stl"/>
        <mesh name="D_17_10" file="objects/D_17/D_17_10.stl"/>
        <mesh name="D_17_11" file="objects/D_17/D_17_11.stl"/>
        <mesh name="D_17_12" file="objects/D_17/D_17_12.stl"/>
        <mesh name="D_17_13" file="objects/D_17/D_17_13.stl"/>
        <mesh name="D_17_14" file="objects/D_17/D_17_14.stl"/>
        <mesh name="D_17_15" file="objects/D_17/D_17_15.stl"/>
        <mesh name="D_17_16" file="objects/D_17/D_17_16.stl"/>
        <mesh name="D_17_17" file="objects/D_17/D_17_17.stl"/>
        <mesh name="D_17_18" file="objects/D_17/D_17_18.stl"/>
        <mesh name="D_17_19" file="objects/D_17/D_17_19.stl"/>
        <mesh name="D_17_20" file="objects/D_17/D_17_20.stl"/>
        <mesh name="D_17_21" file="objects/D_17/D_17_21.stl"/>
        <mesh name="D_17_22" file="objects/D_17/D_17_22.stl"/>
        <mesh name="D_17_23" file="objects/D_17/D_17_23.stl"/>
        <mesh name="D_17_24" file="objects/D_17/D_17_24.stl"/>
        <mesh name="D_17_25" file="objects/D_17/D_17_25.stl"/>
        <mesh name="D_17_26" file="objects/D_17/D_17_26.stl"/>
        <mesh name="D_17_27" file="objects/D_17/D_17_27.stl"/>
        <mesh name="D_17_28" file="objects/D_17/D_17_28.stl"/>
        <mesh name="D_17_29" file="objects/D_17/D_17_29.stl"/>
        <mesh name="D_17_30" file="objects/D_17/D_17_30.stl"/>
        <mesh name="D_17_31" file="objects/D_17/D_17_31.stl"/>
        <mesh name="D_17_32" file="objects/D_17/D_17_32.stl"/>
        <mesh name="D_17_33" file="objects/D_17/D_17_33.stl"/>
        <mesh name="D_17_34" file="objects/D_17/D_17_34.stl"/>
        <mesh name="D_17_35" file="objects/D_17/D_17_35.stl"/>
        <mesh name="D_17_36" file="objects/D_17/D_17_36.stl"/>
        <mesh name="D_17_37" file="objects/D_17/D_17_37.stl"/>
        <mesh name="D_17_38" file="objects/D_17/D_17_38.stl"/>
        <mesh name="D_17_39" file="objects/D_17/D_17_39.stl"/>
        <mesh name="D_17_40" file="objects/D_17/D_17_40.stl"/>
        <mesh name="D_17_41" file="objects/D_17/D_17_41.stl"/>
        <mesh name="D_17_42" file="objects/D_17/D_17_42.stl"/>
        <mesh name="D_17_43" file="objects/D_17/D_17_43.stl"/>
        <mesh name="D_17_44" file="objects/D_17/D_17_44.stl"/>
        <mesh name="D_17_45" file="objects/D_17/D_17_45.stl"/>
        <mesh name="D_17_46" file="objects/D_17/D_17_46.stl"/>
        <mesh name="D_17_47" file="objects/D_17/D_17_47.stl"/>
        <mesh name="D_17_48" file="objects/D_17/D_17_48.stl"/>
        <mesh name="D_17_49" file="objects/D_17/D_17_49.stl"/>
        <mesh name="D_17_50" file="objects/D_17/D_17_50.stl"/>
        <mesh name="D_17_51" file="objects/D_17/D_17_51.stl"/>
        <mesh name="D_17_52" file="objects/D_17/D_17_52.stl"/>
        <mesh name="D_17_53" file="objects/D_17/D_17_53.stl"/>
        <mesh name="D_17_54" file="objects/D_17/D_17_54.stl"/>
        <mesh name="D_17_55" file="objects/D_17/D_17_55.stl"/>
        <mesh name="D_17_56" file="objects/D_17/D_17_56.stl"/>
        <mesh name="D_17_57" file="objects/D_17/D_17_57.stl"/>
        <mesh name="D_17_58" file="objects/D_17/D_17_58.stl"/>
        <mesh name="D_17_59" file="objects/D_17/D_17_59.stl"/>
        <mesh name="D_17_60" file="objects/D_17/D_17_60.stl"/>
        <mesh name="D_17_61" file="objects/D_17/D_17_61.stl"/>
        <mesh name="D_17_62" file="objects/D_17/D_17_62.stl"/>
        <mesh name="D_17_63" file="objects/D_17/D_17_63.stl"/>
        <mesh name="D_17_64" file="objects/D_17/D_17_64.stl"/>
        <mesh name="D_17_65" file="objects/D_17/D_17_65.stl"/>
        <mesh name="D_17_66" file="objects/D_17/D_17_66.stl"/>
        <mesh name="D_17_67" file="objects/D_17/D_17_67.stl"/>
        <mesh name="D_17_68" file="objects/D_17/D_17_68.stl"/>
        <mesh name="D_17_69" file="objects/D_17/D_17_69.stl"/>
        <mesh name="D_17_70" file="objects/D_17/D_17_70.stl"/>
        <mesh name="D_17_71" file="objects/D_17/D_17_71.stl"/>
        <mesh name="D_17_72" file="objects/D_17/D_17_72.stl"/>
        <mesh name="D_17_73" file="objects/D_17/D_17_73.stl"/>
        <mesh name="D_17_74" file="objects/D_17/D_17_74.stl"/>
        <mesh name="D_17_75" file="objects/D_17/D_17_75.stl"/>
        <mesh name="D_17_76" file="objects/D_17/D_17_76.stl"/>
        <mesh name="D_17_77" file="objects/D_17/D_17_77.stl"/>
        <mesh name="D_17_78" file="objects/D_17/D_17_78.stl"/>
        <mesh name="D_17_79" file="objects/D_17/D_17_79.stl"/>
        <mesh name="D_17_80" file="objects/D_17/D_17_80.stl"/>
        <mesh name="D_17_81" file="objects/D_17/D_17_81.stl"/>
        <mesh name="D_17_82" file="objects/D_17/D_17_82.stl"/>
        <mesh name="D_17_83" file="objects/D_17/D_17_83.stl"/>
        <mesh name="D_17_84" file="objects/D_17/D_17_84.stl"/>
        <mesh name="D_17_85" file="objects/D_17/D_17_85.stl"/>
        <mesh name="D_17_86" file="objects/D_17/D_17_86.stl"/>
        <mesh name="D_17_visual" file="objects/D_17/D_17_full.stl"/>
    </asset>
</mujoco>