<mujoco>
    <asset>
        <mesh name="D_224_1" file="objects/D_224/D_224_1.stl"/>
        <mesh name="D_224_2" file="objects/D_224/D_224_2.stl"/>
        <mesh name="D_224_3" file="objects/D_224/D_224_3.stl"/>
        <mesh name="D_224_4" file="objects/D_224/D_224_4.stl"/>
        <mesh name="D_224_5" file="objects/D_224/D_224_5.stl"/>
        <mesh name="D_224_6" file="objects/D_224/D_224_6.stl"/>
        <mesh name="D_224_7" file="objects/D_224/D_224_7.stl"/>
        <mesh name="D_224_8" file="objects/D_224/D_224_8.stl"/>
        <mesh name="D_224_9" file="objects/D_224/D_224_9.stl"/>
        <mesh name="D_224_10" file="objects/D_224/D_224_10.stl"/>
        <mesh name="D_224_11" file="objects/D_224/D_224_11.stl"/>
        <mesh name="D_224_12" file="objects/D_224/D_224_12.stl"/>
        <mesh name="D_224_13" file="objects/D_224/D_224_13.stl"/>
        <mesh name="D_224_14" file="objects/D_224/D_224_14.stl"/>
        <mesh name="D_224_15" file="objects/D_224/D_224_15.stl"/>
        <mesh name="D_224_16" file="objects/D_224/D_224_16.stl"/>
        <mesh name="D_224_17" file="objects/D_224/D_224_17.stl"/>
        <mesh name="D_224_18" file="objects/D_224/D_224_18.stl"/>
        <mesh name="D_224_19" file="objects/D_224/D_224_19.stl"/>
        <mesh name="D_224_20" file="objects/D_224/D_224_20.stl"/>
        <mesh name="D_224_21" file="objects/D_224/D_224_21.stl"/>
        <mesh name="D_224_22" file="objects/D_224/D_224_22.stl"/>
        <mesh name="D_224_23" file="objects/D_224/D_224_23.stl"/>
        <mesh name="D_224_24" file="objects/D_224/D_224_24.stl"/>
        <mesh name="D_224_25" file="objects/D_224/D_224_25.stl"/>
        <mesh name="D_224_26" file="objects/D_224/D_224_26.stl"/>
        <mesh name="D_224_27" file="objects/D_224/D_224_27.stl"/>
        <mesh name="D_224_28" file="objects/D_224/D_224_28.stl"/>
        <mesh name="D_224_29" file="objects/D_224/D_224_29.stl"/>
        <mesh name="D_224_30" file="objects/D_224/D_224_30.stl"/>
        <mesh name="D_224_31" file="objects/D_224/D_224_31.stl"/>
        <mesh name="D_224_32" file="objects/D_224/D_224_32.stl"/>
        <mesh name="D_224_33" file="objects/D_224/D_224_33.stl"/>
        <mesh name="D_224_34" file="objects/D_224/D_224_34.stl"/>
        <mesh name="D_224_35" file="objects/D_224/D_224_35.stl"/>
        <mesh name="D_224_36" file="objects/D_224/D_224_36.stl"/>
        <mesh name="D_224_37" file="objects/D_224/D_224_37.stl"/>
        <mesh name="D_224_38" file="objects/D_224/D_224_38.stl"/>
        <mesh name="D_224_39" file="objects/D_224/D_224_39.stl"/>
        <mesh name="D_224_40" file="objects/D_224/D_224_40.stl"/>
        <mesh name="D_224_41" file="objects/D_224/D_224_41.stl"/>
        <mesh name="D_224_42" file="objects/D_224/D_224_42.stl"/>
        <mesh name="D_224_43" file="objects/D_224/D_224_43.stl"/>
        <mesh name="D_224_44" file="objects/D_224/D_224_44.stl"/>
        <mesh name="D_224_45" file="objects/D_224/D_224_45.stl"/>
        <mesh name="D_224_46" file="objects/D_224/D_224_46.stl"/>
        <mesh name="D_224_47" file="objects/D_224/D_224_47.stl"/>
        <mesh name="D_224_48" file="objects/D_224/D_224_48.stl"/>
        <mesh name="D_224_49" file="objects/D_224/D_224_49.stl"/>
        <mesh name="D_224_50" file="objects/D_224/D_224_50.stl"/>
        <mesh name="D_224_51" file="objects/D_224/D_224_51.stl"/>
        <mesh name="D_224_52" file="objects/D_224/D_224_52.stl"/>
        <mesh name="D_224_53" file="objects/D_224/D_224_53.stl"/>
        <mesh name="D_224_54" file="objects/D_224/D_224_54.stl"/>
        <mesh name="D_224_55" file="objects/D_224/D_224_55.stl"/>
        <mesh name="D_224_56" file="objects/D_224/D_224_56.stl"/>
        <mesh name="D_224_57" file="objects/D_224/D_224_57.stl"/>
        <mesh name="D_224_58" file="objects/D_224/D_224_58.stl"/>
        <mesh name="D_224_59" file="objects/D_224/D_224_59.stl"/>
        <mesh name="D_224_60" file="objects/D_224/D_224_60.stl"/>
        <mesh name="D_224_61" file="objects/D_224/D_224_61.stl"/>
        <mesh name="D_224_62" file="objects/D_224/D_224_62.stl"/>
        <mesh name="D_224_63" file="objects/D_224/D_224_63.stl"/>
        <mesh name="D_224_64" file="objects/D_224/D_224_64.stl"/>
        <mesh name="D_224_65" file="objects/D_224/D_224_65.stl"/>
        <mesh name="D_224_66" file="objects/D_224/D_224_66.stl"/>
        <mesh name="D_224_67" file="objects/D_224/D_224_67.stl"/>
        <mesh name="D_224_68" file="objects/D_224/D_224_68.stl"/>
        <mesh name="D_224_69" file="objects/D_224/D_224_69.stl"/>
        <mesh name="D_224_70" file="objects/D_224/D_224_70.stl"/>
        <mesh name="D_224_71" file="objects/D_224/D_224_71.stl"/>
        <mesh name="D_224_72" file="objects/D_224/D_224_72.stl"/>
        <mesh name="D_224_73" file="objects/D_224/D_224_73.stl"/>
        <mesh name="D_224_74" file="objects/D_224/D_224_74.stl"/>
        <mesh name="D_224_75" file="objects/D_224/D_224_75.stl"/>
        <mesh name="D_224_76" file="objects/D_224/D_224_76.stl"/>
        <mesh name="D_224_77" file="objects/D_224/D_224_77.stl"/>
        <mesh name="D_224_78" file="objects/D_224/D_224_78.stl"/>
        <mesh name="D_224_79" file="objects/D_224/D_224_79.stl"/>
        <mesh name="D_224_80" file="objects/D_224/D_224_80.stl"/>
        <mesh name="D_224_81" file="objects/D_224/D_224_81.stl"/>
        <mesh name="D_224_visual" file="objects/D_224/D_224_full.stl"/>
    </asset>
</mujoco>