<mujoco>
    <asset>
        <mesh name="D_110_1" file="objects/D_110/D_110_1.stl"/>
        <mesh name="D_110_2" file="objects/D_110/D_110_2.stl"/>
        <mesh name="D_110_3" file="objects/D_110/D_110_3.stl"/>
        <mesh name="D_110_4" file="objects/D_110/D_110_4.stl"/>
        <mesh name="D_110_5" file="objects/D_110/D_110_5.stl"/>
        <mesh name="D_110_6" file="objects/D_110/D_110_6.stl"/>
        <mesh name="D_110_7" file="objects/D_110/D_110_7.stl"/>
        <mesh name="D_110_visual" file="objects/D_110/D_110_full.stl"/>
    </asset>
</mujoco>