<mujoco>
    <asset>
        <mesh name="D_51_1" file="objects/D_51/D_51_1.stl"/>
        <mesh name="D_51_2" file="objects/D_51/D_51_2.stl"/>
        <mesh name="D_51_3" file="objects/D_51/D_51_3.stl"/>
        <mesh name="D_51_4" file="objects/D_51/D_51_4.stl"/>
        <mesh name="D_51_5" file="objects/D_51/D_51_5.stl"/>
        <mesh name="D_51_6" file="objects/D_51/D_51_6.stl"/>
        <mesh name="D_51_7" file="objects/D_51/D_51_7.stl"/>
        <mesh name="D_51_8" file="objects/D_51/D_51_8.stl"/>
        <mesh name="D_51_9" file="objects/D_51/D_51_9.stl"/>
        <mesh name="D_51_10" file="objects/D_51/D_51_10.stl"/>
        <mesh name="D_51_11" file="objects/D_51/D_51_11.stl"/>
        <mesh name="D_51_12" file="objects/D_51/D_51_12.stl"/>
        <mesh name="D_51_13" file="objects/D_51/D_51_13.stl"/>
        <mesh name="D_51_14" file="objects/D_51/D_51_14.stl"/>
        <mesh name="D_51_15" file="objects/D_51/D_51_15.stl"/>
        <mesh name="D_51_16" file="objects/D_51/D_51_16.stl"/>
        <mesh name="D_51_17" file="objects/D_51/D_51_17.stl"/>
        <mesh name="D_51_18" file="objects/D_51/D_51_18.stl"/>
        <mesh name="D_51_19" file="objects/D_51/D_51_19.stl"/>
        <mesh name="D_51_20" file="objects/D_51/D_51_20.stl"/>
        <mesh name="D_51_21" file="objects/D_51/D_51_21.stl"/>
        <mesh name="D_51_22" file="objects/D_51/D_51_22.stl"/>
        <mesh name="D_51_23" file="objects/D_51/D_51_23.stl"/>
        <mesh name="D_51_24" file="objects/D_51/D_51_24.stl"/>
        <mesh name="D_51_25" file="objects/D_51/D_51_25.stl"/>
        <mesh name="D_51_26" file="objects/D_51/D_51_26.stl"/>
        <mesh name="D_51_27" file="objects/D_51/D_51_27.stl"/>
        <mesh name="D_51_28" file="objects/D_51/D_51_28.stl"/>
        <mesh name="D_51_29" file="objects/D_51/D_51_29.stl"/>
        <mesh name="D_51_visual" file="objects/D_51/D_51_full.stl"/>
    </asset>
</mujoco>