<mujoco>
    <asset>
        <mesh name="D_15_1" file="objects/D_15/D_15_1.stl"/>
        <mesh name="D_15_2" file="objects/D_15/D_15_2.stl"/>
        <mesh name="D_15_3" file="objects/D_15/D_15_3.stl"/>
        <mesh name="D_15_4" file="objects/D_15/D_15_4.stl"/>
        <mesh name="D_15_5" file="objects/D_15/D_15_5.stl"/>
        <mesh name="D_15_6" file="objects/D_15/D_15_6.stl"/>
        <mesh name="D_15_7" file="objects/D_15/D_15_7.stl"/>
        <mesh name="D_15_8" file="objects/D_15/D_15_8.stl"/>
        <mesh name="D_15_9" file="objects/D_15/D_15_9.stl"/>
        <mesh name="D_15_10" file="objects/D_15/D_15_10.stl"/>
        <mesh name="D_15_11" file="objects/D_15/D_15_11.stl"/>
        <mesh name="D_15_12" file="objects/D_15/D_15_12.stl"/>
        <mesh name="D_15_13" file="objects/D_15/D_15_13.stl"/>
        <mesh name="D_15_14" file="objects/D_15/D_15_14.stl"/>
        <mesh name="D_15_15" file="objects/D_15/D_15_15.stl"/>
        <mesh name="D_15_16" file="objects/D_15/D_15_16.stl"/>
        <mesh name="D_15_17" file="objects/D_15/D_15_17.stl"/>
        <mesh name="D_15_18" file="objects/D_15/D_15_18.stl"/>
        <mesh name="D_15_19" file="objects/D_15/D_15_19.stl"/>
        <mesh name="D_15_20" file="objects/D_15/D_15_20.stl"/>
        <mesh name="D_15_21" file="objects/D_15/D_15_21.stl"/>
        <mesh name="D_15_22" file="objects/D_15/D_15_22.stl"/>
        <mesh name="D_15_23" file="objects/D_15/D_15_23.stl"/>
        <mesh name="D_15_24" file="objects/D_15/D_15_24.stl"/>
        <mesh name="D_15_25" file="objects/D_15/D_15_25.stl"/>
        <mesh name="D_15_26" file="objects/D_15/D_15_26.stl"/>
        <mesh name="D_15_27" file="objects/D_15/D_15_27.stl"/>
        <mesh name="D_15_28" file="objects/D_15/D_15_28.stl"/>
        <mesh name="D_15_29" file="objects/D_15/D_15_29.stl"/>
        <mesh name="D_15_30" file="objects/D_15/D_15_30.stl"/>
        <mesh name="D_15_31" file="objects/D_15/D_15_31.stl"/>
        <mesh name="D_15_32" file="objects/D_15/D_15_32.stl"/>
        <mesh name="D_15_33" file="objects/D_15/D_15_33.stl"/>
        <mesh name="D_15_34" file="objects/D_15/D_15_34.stl"/>
        <mesh name="D_15_35" file="objects/D_15/D_15_35.stl"/>
        <mesh name="D_15_36" file="objects/D_15/D_15_36.stl"/>
        <mesh name="D_15_37" file="objects/D_15/D_15_37.stl"/>
        <mesh name="D_15_38" file="objects/D_15/D_15_38.stl"/>
        <mesh name="D_15_39" file="objects/D_15/D_15_39.stl"/>
        <mesh name="D_15_40" file="objects/D_15/D_15_40.stl"/>
        <mesh name="D_15_41" file="objects/D_15/D_15_41.stl"/>
        <mesh name="D_15_42" file="objects/D_15/D_15_42.stl"/>
        <mesh name="D_15_43" file="objects/D_15/D_15_43.stl"/>
        <mesh name="D_15_44" file="objects/D_15/D_15_44.stl"/>
        <mesh name="D_15_45" file="objects/D_15/D_15_45.stl"/>
        <mesh name="D_15_46" file="objects/D_15/D_15_46.stl"/>
        <mesh name="D_15_47" file="objects/D_15/D_15_47.stl"/>
        <mesh name="D_15_48" file="objects/D_15/D_15_48.stl"/>
        <mesh name="D_15_49" file="objects/D_15/D_15_49.stl"/>
        <mesh name="D_15_50" file="objects/D_15/D_15_50.stl"/>
        <mesh name="D_15_51" file="objects/D_15/D_15_51.stl"/>
        <mesh name="D_15_52" file="objects/D_15/D_15_52.stl"/>
        <mesh name="D_15_53" file="objects/D_15/D_15_53.stl"/>
        <mesh name="D_15_54" file="objects/D_15/D_15_54.stl"/>
        <mesh name="D_15_55" file="objects/D_15/D_15_55.stl"/>
        <mesh name="D_15_56" file="objects/D_15/D_15_56.stl"/>
        <mesh name="D_15_57" file="objects/D_15/D_15_57.stl"/>
        <mesh name="D_15_58" file="objects/D_15/D_15_58.stl"/>
        <mesh name="D_15_59" file="objects/D_15/D_15_59.stl"/>
        <mesh name="D_15_60" file="objects/D_15/D_15_60.stl"/>
        <mesh name="D_15_61" file="objects/D_15/D_15_61.stl"/>
        <mesh name="D_15_62" file="objects/D_15/D_15_62.stl"/>
        <mesh name="D_15_63" file="objects/D_15/D_15_63.stl"/>
        <mesh name="D_15_64" file="objects/D_15/D_15_64.stl"/>
        <mesh name="D_15_65" file="objects/D_15/D_15_65.stl"/>
        <mesh name="D_15_66" file="objects/D_15/D_15_66.stl"/>
        <mesh name="D_15_67" file="objects/D_15/D_15_67.stl"/>
        <mesh name="D_15_68" file="objects/D_15/D_15_68.stl"/>
        <mesh name="D_15_69" file="objects/D_15/D_15_69.stl"/>
        <mesh name="D_15_70" file="objects/D_15/D_15_70.stl"/>
        <mesh name="D_15_71" file="objects/D_15/D_15_71.stl"/>
        <mesh name="D_15_72" file="objects/D_15/D_15_72.stl"/>
        <mesh name="D_15_73" file="objects/D_15/D_15_73.stl"/>
        <mesh name="D_15_74" file="objects/D_15/D_15_74.stl"/>
        <mesh name="D_15_75" file="objects/D_15/D_15_75.stl"/>
        <mesh name="D_15_76" file="objects/D_15/D_15_76.stl"/>
        <mesh name="D_15_77" file="objects/D_15/D_15_77.stl"/>
        <mesh name="D_15_78" file="objects/D_15/D_15_78.stl"/>
        <mesh name="D_15_79" file="objects/D_15/D_15_79.stl"/>
        <mesh name="D_15_80" file="objects/D_15/D_15_80.stl"/>
        <mesh name="D_15_81" file="objects/D_15/D_15_81.stl"/>
        <mesh name="D_15_82" file="objects/D_15/D_15_82.stl"/>
        <mesh name="D_15_83" file="objects/D_15/D_15_83.stl"/>
        <mesh name="D_15_84" file="objects/D_15/D_15_84.stl"/>
        <mesh name="D_15_85" file="objects/D_15/D_15_85.stl"/>
        <mesh name="D_15_86" file="objects/D_15/D_15_86.stl"/>
        <mesh name="D_15_87" file="objects/D_15/D_15_87.stl"/>
        <mesh name="D_15_88" file="objects/D_15/D_15_88.stl"/>
        <mesh name="D_15_89" file="objects/D_15/D_15_89.stl"/>
        <mesh name="D_15_90" file="objects/D_15/D_15_90.stl"/>
        <mesh name="D_15_91" file="objects/D_15/D_15_91.stl"/>
        <mesh name="D_15_92" file="objects/D_15/D_15_92.stl"/>
        <mesh name="D_15_93" file="objects/D_15/D_15_93.stl"/>
        <mesh name="D_15_94" file="objects/D_15/D_15_94.stl"/>
        <mesh name="D_15_95" file="objects/D_15/D_15_95.stl"/>
        <mesh name="D_15_96" file="objects/D_15/D_15_96.stl"/>
        <mesh name="D_15_97" file="objects/D_15/D_15_97.stl"/>
        <mesh name="D_15_98" file="objects/D_15/D_15_98.stl"/>
        <mesh name="D_15_99" file="objects/D_15/D_15_99.stl"/>
        <mesh name="D_15_100" file="objects/D_15/D_15_100.stl"/>
        <mesh name="D_15_101" file="objects/D_15/D_15_101.stl"/>
        <mesh name="D_15_102" file="objects/D_15/D_15_102.stl"/>
        <mesh name="D_15_103" file="objects/D_15/D_15_103.stl"/>
        <mesh name="D_15_104" file="objects/D_15/D_15_104.stl"/>
        <mesh name="D_15_105" file="objects/D_15/D_15_105.stl"/>
        <mesh name="D_15_106" file="objects/D_15/D_15_106.stl"/>
        <mesh name="D_15_107" file="objects/D_15/D_15_107.stl"/>
        <mesh name="D_15_108" file="objects/D_15/D_15_108.stl"/>
        <mesh name="D_15_109" file="objects/D_15/D_15_109.stl"/>
        <mesh name="D_15_110" file="objects/D_15/D_15_110.stl"/>
        <mesh name="D_15_111" file="objects/D_15/D_15_111.stl"/>
        <mesh name="D_15_112" file="objects/D_15/D_15_112.stl"/>
        <mesh name="D_15_113" file="objects/D_15/D_15_113.stl"/>
        <mesh name="D_15_114" file="objects/D_15/D_15_114.stl"/>
        <mesh name="D_15_115" file="objects/D_15/D_15_115.stl"/>
        <mesh name="D_15_visual" file="objects/D_15/D_15_full.stl"/>
    </asset>
</mujoco>