<mujoco>
    <asset>
        <mesh name="D_247_1" file="objects/D_247/D_247_1.stl"/>
        <mesh name="D_247_2" file="objects/D_247/D_247_2.stl"/>
        <mesh name="D_247_3" file="objects/D_247/D_247_3.stl"/>
        <mesh name="D_247_4" file="objects/D_247/D_247_4.stl"/>
        <mesh name="D_247_5" file="objects/D_247/D_247_5.stl"/>
        <mesh name="D_247_6" file="objects/D_247/D_247_6.stl"/>
        <mesh name="D_247_7" file="objects/D_247/D_247_7.stl"/>
        <mesh name="D_247_8" file="objects/D_247/D_247_8.stl"/>
        <mesh name="D_247_9" file="objects/D_247/D_247_9.stl"/>
        <mesh name="D_247_10" file="objects/D_247/D_247_10.stl"/>
        <mesh name="D_247_11" file="objects/D_247/D_247_11.stl"/>
        <mesh name="D_247_12" file="objects/D_247/D_247_12.stl"/>
        <mesh name="D_247_13" file="objects/D_247/D_247_13.stl"/>
        <mesh name="D_247_14" file="objects/D_247/D_247_14.stl"/>
        <mesh name="D_247_15" file="objects/D_247/D_247_15.stl"/>
        <mesh name="D_247_16" file="objects/D_247/D_247_16.stl"/>
        <mesh name="D_247_17" file="objects/D_247/D_247_17.stl"/>
        <mesh name="D_247_18" file="objects/D_247/D_247_18.stl"/>
        <mesh name="D_247_19" file="objects/D_247/D_247_19.stl"/>
        <mesh name="D_247_20" file="objects/D_247/D_247_20.stl"/>
        <mesh name="D_247_21" file="objects/D_247/D_247_21.stl"/>
        <mesh name="D_247_22" file="objects/D_247/D_247_22.stl"/>
        <mesh name="D_247_23" file="objects/D_247/D_247_23.stl"/>
        <mesh name="D_247_24" file="objects/D_247/D_247_24.stl"/>
        <mesh name="D_247_25" file="objects/D_247/D_247_25.stl"/>
        <mesh name="D_247_26" file="objects/D_247/D_247_26.stl"/>
        <mesh name="D_247_27" file="objects/D_247/D_247_27.stl"/>
        <mesh name="D_247_28" file="objects/D_247/D_247_28.stl"/>
        <mesh name="D_247_29" file="objects/D_247/D_247_29.stl"/>
        <mesh name="D_247_30" file="objects/D_247/D_247_30.stl"/>
        <mesh name="D_247_31" file="objects/D_247/D_247_31.stl"/>
        <mesh name="D_247_32" file="objects/D_247/D_247_32.stl"/>
        <mesh name="D_247_33" file="objects/D_247/D_247_33.stl"/>
        <mesh name="D_247_34" file="objects/D_247/D_247_34.stl"/>
        <mesh name="D_247_35" file="objects/D_247/D_247_35.stl"/>
        <mesh name="D_247_36" file="objects/D_247/D_247_36.stl"/>
        <mesh name="D_247_37" file="objects/D_247/D_247_37.stl"/>
        <mesh name="D_247_38" file="objects/D_247/D_247_38.stl"/>
        <mesh name="D_247_39" file="objects/D_247/D_247_39.stl"/>
        <mesh name="D_247_40" file="objects/D_247/D_247_40.stl"/>
        <mesh name="D_247_41" file="objects/D_247/D_247_41.stl"/>
        <mesh name="D_247_42" file="objects/D_247/D_247_42.stl"/>
        <mesh name="D_247_43" file="objects/D_247/D_247_43.stl"/>
        <mesh name="D_247_44" file="objects/D_247/D_247_44.stl"/>
        <mesh name="D_247_45" file="objects/D_247/D_247_45.stl"/>
        <mesh name="D_247_46" file="objects/D_247/D_247_46.stl"/>
        <mesh name="D_247_47" file="objects/D_247/D_247_47.stl"/>
        <mesh name="D_247_48" file="objects/D_247/D_247_48.stl"/>
        <mesh name="D_247_49" file="objects/D_247/D_247_49.stl"/>
        <mesh name="D_247_50" file="objects/D_247/D_247_50.stl"/>
        <mesh name="D_247_51" file="objects/D_247/D_247_51.stl"/>
        <mesh name="D_247_52" file="objects/D_247/D_247_52.stl"/>
        <mesh name="D_247_53" file="objects/D_247/D_247_53.stl"/>
        <mesh name="D_247_54" file="objects/D_247/D_247_54.stl"/>
        <mesh name="D_247_55" file="objects/D_247/D_247_55.stl"/>
        <mesh name="D_247_56" file="objects/D_247/D_247_56.stl"/>
        <mesh name="D_247_57" file="objects/D_247/D_247_57.stl"/>
        <mesh name="D_247_58" file="objects/D_247/D_247_58.stl"/>
        <mesh name="D_247_59" file="objects/D_247/D_247_59.stl"/>
        <mesh name="D_247_60" file="objects/D_247/D_247_60.stl"/>
        <mesh name="D_247_61" file="objects/D_247/D_247_61.stl"/>
        <mesh name="D_247_62" file="objects/D_247/D_247_62.stl"/>
        <mesh name="D_247_63" file="objects/D_247/D_247_63.stl"/>
        <mesh name="D_247_64" file="objects/D_247/D_247_64.stl"/>
        <mesh name="D_247_65" file="objects/D_247/D_247_65.stl"/>
        <mesh name="D_247_66" file="objects/D_247/D_247_66.stl"/>
        <mesh name="D_247_67" file="objects/D_247/D_247_67.stl"/>
        <mesh name="D_247_68" file="objects/D_247/D_247_68.stl"/>
        <mesh name="D_247_69" file="objects/D_247/D_247_69.stl"/>
        <mesh name="D_247_70" file="objects/D_247/D_247_70.stl"/>
        <mesh name="D_247_71" file="objects/D_247/D_247_71.stl"/>
        <mesh name="D_247_72" file="objects/D_247/D_247_72.stl"/>
        <mesh name="D_247_73" file="objects/D_247/D_247_73.stl"/>
        <mesh name="D_247_74" file="objects/D_247/D_247_74.stl"/>
        <mesh name="D_247_75" file="objects/D_247/D_247_75.stl"/>
        <mesh name="D_247_76" file="objects/D_247/D_247_76.stl"/>
        <mesh name="D_247_77" file="objects/D_247/D_247_77.stl"/>
        <mesh name="D_247_78" file="objects/D_247/D_247_78.stl"/>
        <mesh name="D_247_79" file="objects/D_247/D_247_79.stl"/>
        <mesh name="D_247_80" file="objects/D_247/D_247_80.stl"/>
        <mesh name="D_247_81" file="objects/D_247/D_247_81.stl"/>
        <mesh name="D_247_82" file="objects/D_247/D_247_82.stl"/>
        <mesh name="D_247_83" file="objects/D_247/D_247_83.stl"/>
        <mesh name="D_247_84" file="objects/D_247/D_247_84.stl"/>
        <mesh name="D_247_85" file="objects/D_247/D_247_85.stl"/>
        <mesh name="D_247_86" file="objects/D_247/D_247_86.stl"/>
        <mesh name="D_247_87" file="objects/D_247/D_247_87.stl"/>
        <mesh name="D_247_88" file="objects/D_247/D_247_88.stl"/>
        <mesh name="D_247_89" file="objects/D_247/D_247_89.stl"/>
        <mesh name="D_247_90" file="objects/D_247/D_247_90.stl"/>
        <mesh name="D_247_91" file="objects/D_247/D_247_91.stl"/>
        <mesh name="D_247_92" file="objects/D_247/D_247_92.stl"/>
        <mesh name="D_247_93" file="objects/D_247/D_247_93.stl"/>
        <mesh name="D_247_94" file="objects/D_247/D_247_94.stl"/>
        <mesh name="D_247_95" file="objects/D_247/D_247_95.stl"/>
        <mesh name="D_247_96" file="objects/D_247/D_247_96.stl"/>
        <mesh name="D_247_97" file="objects/D_247/D_247_97.stl"/>
        <mesh name="D_247_98" file="objects/D_247/D_247_98.stl"/>
        <mesh name="D_247_99" file="objects/D_247/D_247_99.stl"/>
        <mesh name="D_247_100" file="objects/D_247/D_247_100.stl"/>
        <mesh name="D_247_101" file="objects/D_247/D_247_101.stl"/>
        <mesh name="D_247_102" file="objects/D_247/D_247_102.stl"/>
        <mesh name="D_247_103" file="objects/D_247/D_247_103.stl"/>
        <mesh name="D_247_104" file="objects/D_247/D_247_104.stl"/>
        <mesh name="D_247_105" file="objects/D_247/D_247_105.stl"/>
        <mesh name="D_247_106" file="objects/D_247/D_247_106.stl"/>
        <mesh name="D_247_107" file="objects/D_247/D_247_107.stl"/>
        <mesh name="D_247_108" file="objects/D_247/D_247_108.stl"/>
        <mesh name="D_247_visual" file="objects/D_247/D_247_full.stl"/>
    </asset>
</mujoco>