<mujoco>
    <asset>
        <mesh name="D_232_1" file="objects/D_232/D_232_1.stl"/>
        <mesh name="D_232_2" file="objects/D_232/D_232_2.stl"/>
        <mesh name="D_232_3" file="objects/D_232/D_232_3.stl"/>
        <mesh name="D_232_4" file="objects/D_232/D_232_4.stl"/>
        <mesh name="D_232_5" file="objects/D_232/D_232_5.stl"/>
        <mesh name="D_232_6" file="objects/D_232/D_232_6.stl"/>
        <mesh name="D_232_7" file="objects/D_232/D_232_7.stl"/>
        <mesh name="D_232_8" file="objects/D_232/D_232_8.stl"/>
        <mesh name="D_232_9" file="objects/D_232/D_232_9.stl"/>
        <mesh name="D_232_10" file="objects/D_232/D_232_10.stl"/>
        <mesh name="D_232_11" file="objects/D_232/D_232_11.stl"/>
        <mesh name="D_232_12" file="objects/D_232/D_232_12.stl"/>
        <mesh name="D_232_13" file="objects/D_232/D_232_13.stl"/>
        <mesh name="D_232_14" file="objects/D_232/D_232_14.stl"/>
        <mesh name="D_232_15" file="objects/D_232/D_232_15.stl"/>
        <mesh name="D_232_16" file="objects/D_232/D_232_16.stl"/>
        <mesh name="D_232_17" file="objects/D_232/D_232_17.stl"/>
        <mesh name="D_232_18" file="objects/D_232/D_232_18.stl"/>
        <mesh name="D_232_19" file="objects/D_232/D_232_19.stl"/>
        <mesh name="D_232_20" file="objects/D_232/D_232_20.stl"/>
        <mesh name="D_232_21" file="objects/D_232/D_232_21.stl"/>
        <mesh name="D_232_22" file="objects/D_232/D_232_22.stl"/>
        <mesh name="D_232_23" file="objects/D_232/D_232_23.stl"/>
        <mesh name="D_232_24" file="objects/D_232/D_232_24.stl"/>
        <mesh name="D_232_25" file="objects/D_232/D_232_25.stl"/>
        <mesh name="D_232_26" file="objects/D_232/D_232_26.stl"/>
        <mesh name="D_232_27" file="objects/D_232/D_232_27.stl"/>
        <mesh name="D_232_28" file="objects/D_232/D_232_28.stl"/>
        <mesh name="D_232_29" file="objects/D_232/D_232_29.stl"/>
        <mesh name="D_232_30" file="objects/D_232/D_232_30.stl"/>
        <mesh name="D_232_31" file="objects/D_232/D_232_31.stl"/>
        <mesh name="D_232_32" file="objects/D_232/D_232_32.stl"/>
        <mesh name="D_232_33" file="objects/D_232/D_232_33.stl"/>
        <mesh name="D_232_34" file="objects/D_232/D_232_34.stl"/>
        <mesh name="D_232_35" file="objects/D_232/D_232_35.stl"/>
        <mesh name="D_232_36" file="objects/D_232/D_232_36.stl"/>
        <mesh name="D_232_37" file="objects/D_232/D_232_37.stl"/>
        <mesh name="D_232_38" file="objects/D_232/D_232_38.stl"/>
        <mesh name="D_232_39" file="objects/D_232/D_232_39.stl"/>
        <mesh name="D_232_40" file="objects/D_232/D_232_40.stl"/>
        <mesh name="D_232_41" file="objects/D_232/D_232_41.stl"/>
        <mesh name="D_232_42" file="objects/D_232/D_232_42.stl"/>
        <mesh name="D_232_43" file="objects/D_232/D_232_43.stl"/>
        <mesh name="D_232_44" file="objects/D_232/D_232_44.stl"/>
        <mesh name="D_232_45" file="objects/D_232/D_232_45.stl"/>
        <mesh name="D_232_46" file="objects/D_232/D_232_46.stl"/>
        <mesh name="D_232_47" file="objects/D_232/D_232_47.stl"/>
        <mesh name="D_232_48" file="objects/D_232/D_232_48.stl"/>
        <mesh name="D_232_49" file="objects/D_232/D_232_49.stl"/>
        <mesh name="D_232_50" file="objects/D_232/D_232_50.stl"/>
        <mesh name="D_232_51" file="objects/D_232/D_232_51.stl"/>
        <mesh name="D_232_52" file="objects/D_232/D_232_52.stl"/>
        <mesh name="D_232_53" file="objects/D_232/D_232_53.stl"/>
        <mesh name="D_232_54" file="objects/D_232/D_232_54.stl"/>
        <mesh name="D_232_55" file="objects/D_232/D_232_55.stl"/>
        <mesh name="D_232_56" file="objects/D_232/D_232_56.stl"/>
        <mesh name="D_232_57" file="objects/D_232/D_232_57.stl"/>
        <mesh name="D_232_58" file="objects/D_232/D_232_58.stl"/>
        <mesh name="D_232_59" file="objects/D_232/D_232_59.stl"/>
        <mesh name="D_232_60" file="objects/D_232/D_232_60.stl"/>
        <mesh name="D_232_61" file="objects/D_232/D_232_61.stl"/>
        <mesh name="D_232_62" file="objects/D_232/D_232_62.stl"/>
        <mesh name="D_232_63" file="objects/D_232/D_232_63.stl"/>
        <mesh name="D_232_64" file="objects/D_232/D_232_64.stl"/>
        <mesh name="D_232_65" file="objects/D_232/D_232_65.stl"/>
        <mesh name="D_232_66" file="objects/D_232/D_232_66.stl"/>
        <mesh name="D_232_67" file="objects/D_232/D_232_67.stl"/>
        <mesh name="D_232_68" file="objects/D_232/D_232_68.stl"/>
        <mesh name="D_232_visual" file="objects/D_232/D_232_full.stl"/>
    </asset>
</mujoco>