<mujoco>
    <asset>
        <mesh name="D_10_1" file="objects/D_10/D_10_1.stl"/>
        <mesh name="D_10_2" file="objects/D_10/D_10_2.stl"/>
        <mesh name="D_10_3" file="objects/D_10/D_10_3.stl"/>
        <mesh name="D_10_4" file="objects/D_10/D_10_4.stl"/>
        <mesh name="D_10_5" file="objects/D_10/D_10_5.stl"/>
        <mesh name="D_10_6" file="objects/D_10/D_10_6.stl"/>
        <mesh name="D_10_7" file="objects/D_10/D_10_7.stl"/>
        <mesh name="D_10_8" file="objects/D_10/D_10_8.stl"/>
        <mesh name="D_10_9" file="objects/D_10/D_10_9.stl"/>
        <mesh name="D_10_10" file="objects/D_10/D_10_10.stl"/>
        <mesh name="D_10_11" file="objects/D_10/D_10_11.stl"/>
        <mesh name="D_10_12" file="objects/D_10/D_10_12.stl"/>
        <mesh name="D_10_13" file="objects/D_10/D_10_13.stl"/>
        <mesh name="D_10_14" file="objects/D_10/D_10_14.stl"/>
        <mesh name="D_10_15" file="objects/D_10/D_10_15.stl"/>
        <mesh name="D_10_16" file="objects/D_10/D_10_16.stl"/>
        <mesh name="D_10_17" file="objects/D_10/D_10_17.stl"/>
        <mesh name="D_10_18" file="objects/D_10/D_10_18.stl"/>
        <mesh name="D_10_19" file="objects/D_10/D_10_19.stl"/>
        <mesh name="D_10_20" file="objects/D_10/D_10_20.stl"/>
        <mesh name="D_10_21" file="objects/D_10/D_10_21.stl"/>
        <mesh name="D_10_22" file="objects/D_10/D_10_22.stl"/>
        <mesh name="D_10_23" file="objects/D_10/D_10_23.stl"/>
        <mesh name="D_10_24" file="objects/D_10/D_10_24.stl"/>
        <mesh name="D_10_25" file="objects/D_10/D_10_25.stl"/>
        <mesh name="D_10_26" file="objects/D_10/D_10_26.stl"/>
        <mesh name="D_10_27" file="objects/D_10/D_10_27.stl"/>
        <mesh name="D_10_28" file="objects/D_10/D_10_28.stl"/>
        <mesh name="D_10_29" file="objects/D_10/D_10_29.stl"/>
        <mesh name="D_10_30" file="objects/D_10/D_10_30.stl"/>
        <mesh name="D_10_31" file="objects/D_10/D_10_31.stl"/>
        <mesh name="D_10_32" file="objects/D_10/D_10_32.stl"/>
        <mesh name="D_10_33" file="objects/D_10/D_10_33.stl"/>
        <mesh name="D_10_34" file="objects/D_10/D_10_34.stl"/>
        <mesh name="D_10_35" file="objects/D_10/D_10_35.stl"/>
        <mesh name="D_10_36" file="objects/D_10/D_10_36.stl"/>
        <mesh name="D_10_37" file="objects/D_10/D_10_37.stl"/>
        <mesh name="D_10_38" file="objects/D_10/D_10_38.stl"/>
        <mesh name="D_10_39" file="objects/D_10/D_10_39.stl"/>
        <mesh name="D_10_40" file="objects/D_10/D_10_40.stl"/>
        <mesh name="D_10_41" file="objects/D_10/D_10_41.stl"/>
        <mesh name="D_10_42" file="objects/D_10/D_10_42.stl"/>
        <mesh name="D_10_43" file="objects/D_10/D_10_43.stl"/>
        <mesh name="D_10_44" file="objects/D_10/D_10_44.stl"/>
        <mesh name="D_10_45" file="objects/D_10/D_10_45.stl"/>
        <mesh name="D_10_46" file="objects/D_10/D_10_46.stl"/>
        <mesh name="D_10_47" file="objects/D_10/D_10_47.stl"/>
        <mesh name="D_10_48" file="objects/D_10/D_10_48.stl"/>
        <mesh name="D_10_49" file="objects/D_10/D_10_49.stl"/>
        <mesh name="D_10_50" file="objects/D_10/D_10_50.stl"/>
        <mesh name="D_10_51" file="objects/D_10/D_10_51.stl"/>
        <mesh name="D_10_52" file="objects/D_10/D_10_52.stl"/>
        <mesh name="D_10_53" file="objects/D_10/D_10_53.stl"/>
        <mesh name="D_10_54" file="objects/D_10/D_10_54.stl"/>
        <mesh name="D_10_55" file="objects/D_10/D_10_55.stl"/>
        <mesh name="D_10_56" file="objects/D_10/D_10_56.stl"/>
        <mesh name="D_10_57" file="objects/D_10/D_10_57.stl"/>
        <mesh name="D_10_58" file="objects/D_10/D_10_58.stl"/>
        <mesh name="D_10_59" file="objects/D_10/D_10_59.stl"/>
        <mesh name="D_10_60" file="objects/D_10/D_10_60.stl"/>
        <mesh name="D_10_61" file="objects/D_10/D_10_61.stl"/>
        <mesh name="D_10_62" file="objects/D_10/D_10_62.stl"/>
        <mesh name="D_10_63" file="objects/D_10/D_10_63.stl"/>
        <mesh name="D_10_64" file="objects/D_10/D_10_64.stl"/>
        <mesh name="D_10_65" file="objects/D_10/D_10_65.stl"/>
        <mesh name="D_10_66" file="objects/D_10/D_10_66.stl"/>
        <mesh name="D_10_67" file="objects/D_10/D_10_67.stl"/>
        <mesh name="D_10_68" file="objects/D_10/D_10_68.stl"/>
        <mesh name="D_10_69" file="objects/D_10/D_10_69.stl"/>
        <mesh name="D_10_70" file="objects/D_10/D_10_70.stl"/>
        <mesh name="D_10_71" file="objects/D_10/D_10_71.stl"/>
        <mesh name="D_10_72" file="objects/D_10/D_10_72.stl"/>
        <mesh name="D_10_73" file="objects/D_10/D_10_73.stl"/>
        <mesh name="D_10_74" file="objects/D_10/D_10_74.stl"/>
        <mesh name="D_10_75" file="objects/D_10/D_10_75.stl"/>
        <mesh name="D_10_76" file="objects/D_10/D_10_76.stl"/>
        <mesh name="D_10_77" file="objects/D_10/D_10_77.stl"/>
        <mesh name="D_10_78" file="objects/D_10/D_10_78.stl"/>
        <mesh name="D_10_79" file="objects/D_10/D_10_79.stl"/>
        <mesh name="D_10_80" file="objects/D_10/D_10_80.stl"/>
        <mesh name="D_10_81" file="objects/D_10/D_10_81.stl"/>
        <mesh name="D_10_82" file="objects/D_10/D_10_82.stl"/>
        <mesh name="D_10_83" file="objects/D_10/D_10_83.stl"/>
        <mesh name="D_10_84" file="objects/D_10/D_10_84.stl"/>
        <mesh name="D_10_85" file="objects/D_10/D_10_85.stl"/>
        <mesh name="D_10_86" file="objects/D_10/D_10_86.stl"/>
        <mesh name="D_10_87" file="objects/D_10/D_10_87.stl"/>
        <mesh name="D_10_88" file="objects/D_10/D_10_88.stl"/>
        <mesh name="D_10_89" file="objects/D_10/D_10_89.stl"/>
        <mesh name="D_10_90" file="objects/D_10/D_10_90.stl"/>
        <mesh name="D_10_91" file="objects/D_10/D_10_91.stl"/>
        <mesh name="D_10_92" file="objects/D_10/D_10_92.stl"/>
        <mesh name="D_10_93" file="objects/D_10/D_10_93.stl"/>
        <mesh name="D_10_94" file="objects/D_10/D_10_94.stl"/>
        <mesh name="D_10_95" file="objects/D_10/D_10_95.stl"/>
        <mesh name="D_10_96" file="objects/D_10/D_10_96.stl"/>
        <mesh name="D_10_97" file="objects/D_10/D_10_97.stl"/>
        <mesh name="D_10_98" file="objects/D_10/D_10_98.stl"/>
        <mesh name="D_10_99" file="objects/D_10/D_10_99.stl"/>
        <mesh name="D_10_visual" file="objects/D_10/D_10_full.stl"/>
    </asset>
</mujoco>