<mujoco>
    <asset>
        <mesh name="D_28_1" file="objects/D_28/D_28_1.stl"/>
        <mesh name="D_28_2" file="objects/D_28/D_28_2.stl"/>
        <mesh name="D_28_3" file="objects/D_28/D_28_3.stl"/>
        <mesh name="D_28_4" file="objects/D_28/D_28_4.stl"/>
        <mesh name="D_28_5" file="objects/D_28/D_28_5.stl"/>
        <mesh name="D_28_6" file="objects/D_28/D_28_6.stl"/>
        <mesh name="D_28_7" file="objects/D_28/D_28_7.stl"/>
        <mesh name="D_28_8" file="objects/D_28/D_28_8.stl"/>
        <mesh name="D_28_9" file="objects/D_28/D_28_9.stl"/>
        <mesh name="D_28_10" file="objects/D_28/D_28_10.stl"/>
        <mesh name="D_28_11" file="objects/D_28/D_28_11.stl"/>
        <mesh name="D_28_12" file="objects/D_28/D_28_12.stl"/>
        <mesh name="D_28_13" file="objects/D_28/D_28_13.stl"/>
        <mesh name="D_28_14" file="objects/D_28/D_28_14.stl"/>
        <mesh name="D_28_15" file="objects/D_28/D_28_15.stl"/>
        <mesh name="D_28_16" file="objects/D_28/D_28_16.stl"/>
        <mesh name="D_28_17" file="objects/D_28/D_28_17.stl"/>
        <mesh name="D_28_18" file="objects/D_28/D_28_18.stl"/>
        <mesh name="D_28_19" file="objects/D_28/D_28_19.stl"/>
        <mesh name="D_28_20" file="objects/D_28/D_28_20.stl"/>
        <mesh name="D_28_21" file="objects/D_28/D_28_21.stl"/>
        <mesh name="D_28_22" file="objects/D_28/D_28_22.stl"/>
        <mesh name="D_28_23" file="objects/D_28/D_28_23.stl"/>
        <mesh name="D_28_24" file="objects/D_28/D_28_24.stl"/>
        <mesh name="D_28_25" file="objects/D_28/D_28_25.stl"/>
        <mesh name="D_28_26" file="objects/D_28/D_28_26.stl"/>
        <mesh name="D_28_27" file="objects/D_28/D_28_27.stl"/>
        <mesh name="D_28_28" file="objects/D_28/D_28_28.stl"/>
        <mesh name="D_28_29" file="objects/D_28/D_28_29.stl"/>
        <mesh name="D_28_visual" file="objects/D_28/D_28_full.stl"/>
    </asset>
</mujoco>