<mujoco>
    <asset>
        <mesh name="D_75_1" file="objects/D_75/D_75_1.stl"/>
        <mesh name="D_75_2" file="objects/D_75/D_75_2.stl"/>
        <mesh name="D_75_3" file="objects/D_75/D_75_3.stl"/>
        <mesh name="D_75_4" file="objects/D_75/D_75_4.stl"/>
        <mesh name="D_75_5" file="objects/D_75/D_75_5.stl"/>
        <mesh name="D_75_6" file="objects/D_75/D_75_6.stl"/>
        <mesh name="D_75_7" file="objects/D_75/D_75_7.stl"/>
        <mesh name="D_75_8" file="objects/D_75/D_75_8.stl"/>
        <mesh name="D_75_9" file="objects/D_75/D_75_9.stl"/>
        <mesh name="D_75_10" file="objects/D_75/D_75_10.stl"/>
        <mesh name="D_75_11" file="objects/D_75/D_75_11.stl"/>
        <mesh name="D_75_12" file="objects/D_75/D_75_12.stl"/>
        <mesh name="D_75_13" file="objects/D_75/D_75_13.stl"/>
        <mesh name="D_75_14" file="objects/D_75/D_75_14.stl"/>
        <mesh name="D_75_15" file="objects/D_75/D_75_15.stl"/>
        <mesh name="D_75_16" file="objects/D_75/D_75_16.stl"/>
        <mesh name="D_75_17" file="objects/D_75/D_75_17.stl"/>
        <mesh name="D_75_18" file="objects/D_75/D_75_18.stl"/>
        <mesh name="D_75_19" file="objects/D_75/D_75_19.stl"/>
        <mesh name="D_75_20" file="objects/D_75/D_75_20.stl"/>
        <mesh name="D_75_21" file="objects/D_75/D_75_21.stl"/>
        <mesh name="D_75_22" file="objects/D_75/D_75_22.stl"/>
        <mesh name="D_75_23" file="objects/D_75/D_75_23.stl"/>
        <mesh name="D_75_24" file="objects/D_75/D_75_24.stl"/>
        <mesh name="D_75_25" file="objects/D_75/D_75_25.stl"/>
        <mesh name="D_75_26" file="objects/D_75/D_75_26.stl"/>
        <mesh name="D_75_27" file="objects/D_75/D_75_27.stl"/>
        <mesh name="D_75_28" file="objects/D_75/D_75_28.stl"/>
        <mesh name="D_75_29" file="objects/D_75/D_75_29.stl"/>
        <mesh name="D_75_30" file="objects/D_75/D_75_30.stl"/>
        <mesh name="D_75_31" file="objects/D_75/D_75_31.stl"/>
        <mesh name="D_75_32" file="objects/D_75/D_75_32.stl"/>
        <mesh name="D_75_33" file="objects/D_75/D_75_33.stl"/>
        <mesh name="D_75_34" file="objects/D_75/D_75_34.stl"/>
        <mesh name="D_75_35" file="objects/D_75/D_75_35.stl"/>
        <mesh name="D_75_36" file="objects/D_75/D_75_36.stl"/>
        <mesh name="D_75_37" file="objects/D_75/D_75_37.stl"/>
        <mesh name="D_75_38" file="objects/D_75/D_75_38.stl"/>
        <mesh name="D_75_39" file="objects/D_75/D_75_39.stl"/>
        <mesh name="D_75_40" file="objects/D_75/D_75_40.stl"/>
        <mesh name="D_75_41" file="objects/D_75/D_75_41.stl"/>
        <mesh name="D_75_42" file="objects/D_75/D_75_42.stl"/>
        <mesh name="D_75_43" file="objects/D_75/D_75_43.stl"/>
        <mesh name="D_75_44" file="objects/D_75/D_75_44.stl"/>
        <mesh name="D_75_45" file="objects/D_75/D_75_45.stl"/>
        <mesh name="D_75_46" file="objects/D_75/D_75_46.stl"/>
        <mesh name="D_75_47" file="objects/D_75/D_75_47.stl"/>
        <mesh name="D_75_48" file="objects/D_75/D_75_48.stl"/>
        <mesh name="D_75_49" file="objects/D_75/D_75_49.stl"/>
        <mesh name="D_75_50" file="objects/D_75/D_75_50.stl"/>
        <mesh name="D_75_51" file="objects/D_75/D_75_51.stl"/>
        <mesh name="D_75_52" file="objects/D_75/D_75_52.stl"/>
        <mesh name="D_75_53" file="objects/D_75/D_75_53.stl"/>
        <mesh name="D_75_54" file="objects/D_75/D_75_54.stl"/>
        <mesh name="D_75_55" file="objects/D_75/D_75_55.stl"/>
        <mesh name="D_75_56" file="objects/D_75/D_75_56.stl"/>
        <mesh name="D_75_57" file="objects/D_75/D_75_57.stl"/>
        <mesh name="D_75_58" file="objects/D_75/D_75_58.stl"/>
        <mesh name="D_75_59" file="objects/D_75/D_75_59.stl"/>
        <mesh name="D_75_60" file="objects/D_75/D_75_60.stl"/>
        <mesh name="D_75_61" file="objects/D_75/D_75_61.stl"/>
        <mesh name="D_75_62" file="objects/D_75/D_75_62.stl"/>
        <mesh name="D_75_63" file="objects/D_75/D_75_63.stl"/>
        <mesh name="D_75_64" file="objects/D_75/D_75_64.stl"/>
        <mesh name="D_75_65" file="objects/D_75/D_75_65.stl"/>
        <mesh name="D_75_66" file="objects/D_75/D_75_66.stl"/>
        <mesh name="D_75_67" file="objects/D_75/D_75_67.stl"/>
        <mesh name="D_75_visual" file="objects/D_75/D_75_full.stl"/>
    </asset>
</mujoco>