<mujoco>
    <asset>
        <mesh name="D_250_1" file="objects/D_250/D_250_1.stl"/>
        <mesh name="D_250_2" file="objects/D_250/D_250_2.stl"/>
        <mesh name="D_250_3" file="objects/D_250/D_250_3.stl"/>
        <mesh name="D_250_4" file="objects/D_250/D_250_4.stl"/>
        <mesh name="D_250_5" file="objects/D_250/D_250_5.stl"/>
        <mesh name="D_250_6" file="objects/D_250/D_250_6.stl"/>
        <mesh name="D_250_7" file="objects/D_250/D_250_7.stl"/>
        <mesh name="D_250_8" file="objects/D_250/D_250_8.stl"/>
        <mesh name="D_250_9" file="objects/D_250/D_250_9.stl"/>
        <mesh name="D_250_visual" file="objects/D_250/D_250_full.stl"/>
    </asset>
</mujoco>