<mujoco>
    <asset>
        <mesh name="D_134_1" file="objects/D_134/D_134_1.stl"/>
        <mesh name="D_134_2" file="objects/D_134/D_134_2.stl"/>
        <mesh name="D_134_3" file="objects/D_134/D_134_3.stl"/>
        <mesh name="D_134_4" file="objects/D_134/D_134_4.stl"/>
        <mesh name="D_134_5" file="objects/D_134/D_134_5.stl"/>
        <mesh name="D_134_6" file="objects/D_134/D_134_6.stl"/>
        <mesh name="D_134_7" file="objects/D_134/D_134_7.stl"/>
        <mesh name="D_134_8" file="objects/D_134/D_134_8.stl"/>
        <mesh name="D_134_9" file="objects/D_134/D_134_9.stl"/>
        <mesh name="D_134_10" file="objects/D_134/D_134_10.stl"/>
        <mesh name="D_134_11" file="objects/D_134/D_134_11.stl"/>
        <mesh name="D_134_12" file="objects/D_134/D_134_12.stl"/>
        <mesh name="D_134_13" file="objects/D_134/D_134_13.stl"/>
        <mesh name="D_134_14" file="objects/D_134/D_134_14.stl"/>
        <mesh name="D_134_15" file="objects/D_134/D_134_15.stl"/>
        <mesh name="D_134_16" file="objects/D_134/D_134_16.stl"/>
        <mesh name="D_134_17" file="objects/D_134/D_134_17.stl"/>
        <mesh name="D_134_18" file="objects/D_134/D_134_18.stl"/>
        <mesh name="D_134_19" file="objects/D_134/D_134_19.stl"/>
        <mesh name="D_134_20" file="objects/D_134/D_134_20.stl"/>
        <mesh name="D_134_21" file="objects/D_134/D_134_21.stl"/>
        <mesh name="D_134_22" file="objects/D_134/D_134_22.stl"/>
        <mesh name="D_134_23" file="objects/D_134/D_134_23.stl"/>
        <mesh name="D_134_24" file="objects/D_134/D_134_24.stl"/>
        <mesh name="D_134_25" file="objects/D_134/D_134_25.stl"/>
        <mesh name="D_134_26" file="objects/D_134/D_134_26.stl"/>
        <mesh name="D_134_27" file="objects/D_134/D_134_27.stl"/>
        <mesh name="D_134_28" file="objects/D_134/D_134_28.stl"/>
        <mesh name="D_134_29" file="objects/D_134/D_134_29.stl"/>
        <mesh name="D_134_30" file="objects/D_134/D_134_30.stl"/>
        <mesh name="D_134_31" file="objects/D_134/D_134_31.stl"/>
        <mesh name="D_134_32" file="objects/D_134/D_134_32.stl"/>
        <mesh name="D_134_33" file="objects/D_134/D_134_33.stl"/>
        <mesh name="D_134_34" file="objects/D_134/D_134_34.stl"/>
        <mesh name="D_134_35" file="objects/D_134/D_134_35.stl"/>
        <mesh name="D_134_36" file="objects/D_134/D_134_36.stl"/>
        <mesh name="D_134_37" file="objects/D_134/D_134_37.stl"/>
        <mesh name="D_134_38" file="objects/D_134/D_134_38.stl"/>
        <mesh name="D_134_39" file="objects/D_134/D_134_39.stl"/>
        <mesh name="D_134_40" file="objects/D_134/D_134_40.stl"/>
        <mesh name="D_134_visual" file="objects/D_134/D_134_full.stl"/>
    </asset>
</mujoco>