<mujoco>
    <asset>
        <mesh name="D_210_1" file="objects/D_210/D_210_1.stl"/>
        <mesh name="D_210_2" file="objects/D_210/D_210_2.stl"/>
        <mesh name="D_210_3" file="objects/D_210/D_210_3.stl"/>
        <mesh name="D_210_4" file="objects/D_210/D_210_4.stl"/>
        <mesh name="D_210_5" file="objects/D_210/D_210_5.stl"/>
        <mesh name="D_210_6" file="objects/D_210/D_210_6.stl"/>
        <mesh name="D_210_7" file="objects/D_210/D_210_7.stl"/>
        <mesh name="D_210_8" file="objects/D_210/D_210_8.stl"/>
        <mesh name="D_210_9" file="objects/D_210/D_210_9.stl"/>
        <mesh name="D_210_10" file="objects/D_210/D_210_10.stl"/>
        <mesh name="D_210_11" file="objects/D_210/D_210_11.stl"/>
        <mesh name="D_210_12" file="objects/D_210/D_210_12.stl"/>
        <mesh name="D_210_13" file="objects/D_210/D_210_13.stl"/>
        <mesh name="D_210_14" file="objects/D_210/D_210_14.stl"/>
        <mesh name="D_210_15" file="objects/D_210/D_210_15.stl"/>
        <mesh name="D_210_16" file="objects/D_210/D_210_16.stl"/>
        <mesh name="D_210_17" file="objects/D_210/D_210_17.stl"/>
        <mesh name="D_210_18" file="objects/D_210/D_210_18.stl"/>
        <mesh name="D_210_19" file="objects/D_210/D_210_19.stl"/>
        <mesh name="D_210_20" file="objects/D_210/D_210_20.stl"/>
        <mesh name="D_210_21" file="objects/D_210/D_210_21.stl"/>
        <mesh name="D_210_22" file="objects/D_210/D_210_22.stl"/>
        <mesh name="D_210_23" file="objects/D_210/D_210_23.stl"/>
        <mesh name="D_210_24" file="objects/D_210/D_210_24.stl"/>
        <mesh name="D_210_25" file="objects/D_210/D_210_25.stl"/>
        <mesh name="D_210_26" file="objects/D_210/D_210_26.stl"/>
        <mesh name="D_210_27" file="objects/D_210/D_210_27.stl"/>
        <mesh name="D_210_28" file="objects/D_210/D_210_28.stl"/>
        <mesh name="D_210_29" file="objects/D_210/D_210_29.stl"/>
        <mesh name="D_210_30" file="objects/D_210/D_210_30.stl"/>
        <mesh name="D_210_31" file="objects/D_210/D_210_31.stl"/>
        <mesh name="D_210_32" file="objects/D_210/D_210_32.stl"/>
        <mesh name="D_210_33" file="objects/D_210/D_210_33.stl"/>
        <mesh name="D_210_34" file="objects/D_210/D_210_34.stl"/>
        <mesh name="D_210_35" file="objects/D_210/D_210_35.stl"/>
        <mesh name="D_210_36" file="objects/D_210/D_210_36.stl"/>
        <mesh name="D_210_visual" file="objects/D_210/D_210_full.stl"/>
    </asset>
</mujoco>