<mujoco>
    <asset>
        <mesh name="D_164_1" file="objects/D_164/D_164_1.stl"/>
        <mesh name="D_164_2" file="objects/D_164/D_164_2.stl"/>
        <mesh name="D_164_3" file="objects/D_164/D_164_3.stl"/>
        <mesh name="D_164_4" file="objects/D_164/D_164_4.stl"/>
        <mesh name="D_164_5" file="objects/D_164/D_164_5.stl"/>
        <mesh name="D_164_6" file="objects/D_164/D_164_6.stl"/>
        <mesh name="D_164_7" file="objects/D_164/D_164_7.stl"/>
        <mesh name="D_164_8" file="objects/D_164/D_164_8.stl"/>
        <mesh name="D_164_9" file="objects/D_164/D_164_9.stl"/>
        <mesh name="D_164_10" file="objects/D_164/D_164_10.stl"/>
        <mesh name="D_164_11" file="objects/D_164/D_164_11.stl"/>
        <mesh name="D_164_12" file="objects/D_164/D_164_12.stl"/>
        <mesh name="D_164_13" file="objects/D_164/D_164_13.stl"/>
        <mesh name="D_164_14" file="objects/D_164/D_164_14.stl"/>
        <mesh name="D_164_15" file="objects/D_164/D_164_15.stl"/>
        <mesh name="D_164_16" file="objects/D_164/D_164_16.stl"/>
        <mesh name="D_164_17" file="objects/D_164/D_164_17.stl"/>
        <mesh name="D_164_18" file="objects/D_164/D_164_18.stl"/>
        <mesh name="D_164_19" file="objects/D_164/D_164_19.stl"/>
        <mesh name="D_164_20" file="objects/D_164/D_164_20.stl"/>
        <mesh name="D_164_21" file="objects/D_164/D_164_21.stl"/>
        <mesh name="D_164_22" file="objects/D_164/D_164_22.stl"/>
        <mesh name="D_164_23" file="objects/D_164/D_164_23.stl"/>
        <mesh name="D_164_24" file="objects/D_164/D_164_24.stl"/>
        <mesh name="D_164_25" file="objects/D_164/D_164_25.stl"/>
        <mesh name="D_164_26" file="objects/D_164/D_164_26.stl"/>
        <mesh name="D_164_27" file="objects/D_164/D_164_27.stl"/>
        <mesh name="D_164_28" file="objects/D_164/D_164_28.stl"/>
        <mesh name="D_164_29" file="objects/D_164/D_164_29.stl"/>
        <mesh name="D_164_30" file="objects/D_164/D_164_30.stl"/>
        <mesh name="D_164_31" file="objects/D_164/D_164_31.stl"/>
        <mesh name="D_164_32" file="objects/D_164/D_164_32.stl"/>
        <mesh name="D_164_33" file="objects/D_164/D_164_33.stl"/>
        <mesh name="D_164_34" file="objects/D_164/D_164_34.stl"/>
        <mesh name="D_164_35" file="objects/D_164/D_164_35.stl"/>
        <mesh name="D_164_36" file="objects/D_164/D_164_36.stl"/>
        <mesh name="D_164_37" file="objects/D_164/D_164_37.stl"/>
        <mesh name="D_164_38" file="objects/D_164/D_164_38.stl"/>
        <mesh name="D_164_39" file="objects/D_164/D_164_39.stl"/>
        <mesh name="D_164_40" file="objects/D_164/D_164_40.stl"/>
        <mesh name="D_164_41" file="objects/D_164/D_164_41.stl"/>
        <mesh name="D_164_42" file="objects/D_164/D_164_42.stl"/>
        <mesh name="D_164_43" file="objects/D_164/D_164_43.stl"/>
        <mesh name="D_164_44" file="objects/D_164/D_164_44.stl"/>
        <mesh name="D_164_45" file="objects/D_164/D_164_45.stl"/>
        <mesh name="D_164_46" file="objects/D_164/D_164_46.stl"/>
        <mesh name="D_164_47" file="objects/D_164/D_164_47.stl"/>
        <mesh name="D_164_48" file="objects/D_164/D_164_48.stl"/>
        <mesh name="D_164_49" file="objects/D_164/D_164_49.stl"/>
        <mesh name="D_164_50" file="objects/D_164/D_164_50.stl"/>
        <mesh name="D_164_51" file="objects/D_164/D_164_51.stl"/>
        <mesh name="D_164_52" file="objects/D_164/D_164_52.stl"/>
        <mesh name="D_164_53" file="objects/D_164/D_164_53.stl"/>
        <mesh name="D_164_54" file="objects/D_164/D_164_54.stl"/>
        <mesh name="D_164_55" file="objects/D_164/D_164_55.stl"/>
        <mesh name="D_164_56" file="objects/D_164/D_164_56.stl"/>
        <mesh name="D_164_57" file="objects/D_164/D_164_57.stl"/>
        <mesh name="D_164_58" file="objects/D_164/D_164_58.stl"/>
        <mesh name="D_164_59" file="objects/D_164/D_164_59.stl"/>
        <mesh name="D_164_60" file="objects/D_164/D_164_60.stl"/>
        <mesh name="D_164_61" file="objects/D_164/D_164_61.stl"/>
        <mesh name="D_164_62" file="objects/D_164/D_164_62.stl"/>
        <mesh name="D_164_63" file="objects/D_164/D_164_63.stl"/>
        <mesh name="D_164_64" file="objects/D_164/D_164_64.stl"/>
        <mesh name="D_164_65" file="objects/D_164/D_164_65.stl"/>
        <mesh name="D_164_66" file="objects/D_164/D_164_66.stl"/>
        <mesh name="D_164_67" file="objects/D_164/D_164_67.stl"/>
        <mesh name="D_164_68" file="objects/D_164/D_164_68.stl"/>
        <mesh name="D_164_69" file="objects/D_164/D_164_69.stl"/>
        <mesh name="D_164_70" file="objects/D_164/D_164_70.stl"/>
        <mesh name="D_164_71" file="objects/D_164/D_164_71.stl"/>
        <mesh name="D_164_72" file="objects/D_164/D_164_72.stl"/>
        <mesh name="D_164_73" file="objects/D_164/D_164_73.stl"/>
        <mesh name="D_164_74" file="objects/D_164/D_164_74.stl"/>
        <mesh name="D_164_75" file="objects/D_164/D_164_75.stl"/>
        <mesh name="D_164_76" file="objects/D_164/D_164_76.stl"/>
        <mesh name="D_164_77" file="objects/D_164/D_164_77.stl"/>
        <mesh name="D_164_78" file="objects/D_164/D_164_78.stl"/>
        <mesh name="D_164_79" file="objects/D_164/D_164_79.stl"/>
        <mesh name="D_164_80" file="objects/D_164/D_164_80.stl"/>
        <mesh name="D_164_81" file="objects/D_164/D_164_81.stl"/>
        <mesh name="D_164_82" file="objects/D_164/D_164_82.stl"/>
        <mesh name="D_164_83" file="objects/D_164/D_164_83.stl"/>
        <mesh name="D_164_84" file="objects/D_164/D_164_84.stl"/>
        <mesh name="D_164_85" file="objects/D_164/D_164_85.stl"/>
        <mesh name="D_164_86" file="objects/D_164/D_164_86.stl"/>
        <mesh name="D_164_87" file="objects/D_164/D_164_87.stl"/>
        <mesh name="D_164_88" file="objects/D_164/D_164_88.stl"/>
        <mesh name="D_164_89" file="objects/D_164/D_164_89.stl"/>
        <mesh name="D_164_90" file="objects/D_164/D_164_90.stl"/>
        <mesh name="D_164_91" file="objects/D_164/D_164_91.stl"/>
        <mesh name="D_164_92" file="objects/D_164/D_164_92.stl"/>
        <mesh name="D_164_93" file="objects/D_164/D_164_93.stl"/>
        <mesh name="D_164_94" file="objects/D_164/D_164_94.stl"/>
        <mesh name="D_164_95" file="objects/D_164/D_164_95.stl"/>
        <mesh name="D_164_96" file="objects/D_164/D_164_96.stl"/>
        <mesh name="D_164_97" file="objects/D_164/D_164_97.stl"/>
        <mesh name="D_164_98" file="objects/D_164/D_164_98.stl"/>
        <mesh name="D_164_99" file="objects/D_164/D_164_99.stl"/>
        <mesh name="D_164_100" file="objects/D_164/D_164_100.stl"/>
        <mesh name="D_164_101" file="objects/D_164/D_164_101.stl"/>
        <mesh name="D_164_102" file="objects/D_164/D_164_102.stl"/>
        <mesh name="D_164_103" file="objects/D_164/D_164_103.stl"/>
        <mesh name="D_164_104" file="objects/D_164/D_164_104.stl"/>
        <mesh name="D_164_105" file="objects/D_164/D_164_105.stl"/>
        <mesh name="D_164_106" file="objects/D_164/D_164_106.stl"/>
        <mesh name="D_164_107" file="objects/D_164/D_164_107.stl"/>
        <mesh name="D_164_108" file="objects/D_164/D_164_108.stl"/>
        <mesh name="D_164_109" file="objects/D_164/D_164_109.stl"/>
        <mesh name="D_164_110" file="objects/D_164/D_164_110.stl"/>
        <mesh name="D_164_111" file="objects/D_164/D_164_111.stl"/>
        <mesh name="D_164_112" file="objects/D_164/D_164_112.stl"/>
        <mesh name="D_164_113" file="objects/D_164/D_164_113.stl"/>
        <mesh name="D_164_114" file="objects/D_164/D_164_114.stl"/>
        <mesh name="D_164_115" file="objects/D_164/D_164_115.stl"/>
        <mesh name="D_164_116" file="objects/D_164/D_164_116.stl"/>
        <mesh name="D_164_117" file="objects/D_164/D_164_117.stl"/>
        <mesh name="D_164_118" file="objects/D_164/D_164_118.stl"/>
        <mesh name="D_164_119" file="objects/D_164/D_164_119.stl"/>
        <mesh name="D_164_120" file="objects/D_164/D_164_120.stl"/>
        <mesh name="D_164_121" file="objects/D_164/D_164_121.stl"/>
        <mesh name="D_164_122" file="objects/D_164/D_164_122.stl"/>
        <mesh name="D_164_123" file="objects/D_164/D_164_123.stl"/>
        <mesh name="D_164_124" file="objects/D_164/D_164_124.stl"/>
        <mesh name="D_164_125" file="objects/D_164/D_164_125.stl"/>
        <mesh name="D_164_126" file="objects/D_164/D_164_126.stl"/>
        <mesh name="D_164_127" file="objects/D_164/D_164_127.stl"/>
        <mesh name="D_164_128" file="objects/D_164/D_164_128.stl"/>
        <mesh name="D_164_129" file="objects/D_164/D_164_129.stl"/>
        <mesh name="D_164_130" file="objects/D_164/D_164_130.stl"/>
        <mesh name="D_164_131" file="objects/D_164/D_164_131.stl"/>
        <mesh name="D_164_visual" file="objects/D_164/D_164_full.stl"/>
    </asset>
</mujoco>