<mujoco>
    <asset>
        <mesh name="D_158_1" file="objects/D_158/D_158_1.stl"/>
        <mesh name="D_158_2" file="objects/D_158/D_158_2.stl"/>
        <mesh name="D_158_3" file="objects/D_158/D_158_3.stl"/>
        <mesh name="D_158_4" file="objects/D_158/D_158_4.stl"/>
        <mesh name="D_158_5" file="objects/D_158/D_158_5.stl"/>
        <mesh name="D_158_6" file="objects/D_158/D_158_6.stl"/>
        <mesh name="D_158_7" file="objects/D_158/D_158_7.stl"/>
        <mesh name="D_158_8" file="objects/D_158/D_158_8.stl"/>
        <mesh name="D_158_9" file="objects/D_158/D_158_9.stl"/>
        <mesh name="D_158_10" file="objects/D_158/D_158_10.stl"/>
        <mesh name="D_158_11" file="objects/D_158/D_158_11.stl"/>
        <mesh name="D_158_12" file="objects/D_158/D_158_12.stl"/>
        <mesh name="D_158_13" file="objects/D_158/D_158_13.stl"/>
        <mesh name="D_158_14" file="objects/D_158/D_158_14.stl"/>
        <mesh name="D_158_15" file="objects/D_158/D_158_15.stl"/>
        <mesh name="D_158_16" file="objects/D_158/D_158_16.stl"/>
        <mesh name="D_158_17" file="objects/D_158/D_158_17.stl"/>
        <mesh name="D_158_18" file="objects/D_158/D_158_18.stl"/>
        <mesh name="D_158_19" file="objects/D_158/D_158_19.stl"/>
        <mesh name="D_158_20" file="objects/D_158/D_158_20.stl"/>
        <mesh name="D_158_21" file="objects/D_158/D_158_21.stl"/>
        <mesh name="D_158_22" file="objects/D_158/D_158_22.stl"/>
        <mesh name="D_158_23" file="objects/D_158/D_158_23.stl"/>
        <mesh name="D_158_24" file="objects/D_158/D_158_24.stl"/>
        <mesh name="D_158_25" file="objects/D_158/D_158_25.stl"/>
        <mesh name="D_158_26" file="objects/D_158/D_158_26.stl"/>
        <mesh name="D_158_27" file="objects/D_158/D_158_27.stl"/>
        <mesh name="D_158_28" file="objects/D_158/D_158_28.stl"/>
        <mesh name="D_158_29" file="objects/D_158/D_158_29.stl"/>
        <mesh name="D_158_30" file="objects/D_158/D_158_30.stl"/>
        <mesh name="D_158_31" file="objects/D_158/D_158_31.stl"/>
        <mesh name="D_158_32" file="objects/D_158/D_158_32.stl"/>
        <mesh name="D_158_33" file="objects/D_158/D_158_33.stl"/>
        <mesh name="D_158_34" file="objects/D_158/D_158_34.stl"/>
        <mesh name="D_158_35" file="objects/D_158/D_158_35.stl"/>
        <mesh name="D_158_36" file="objects/D_158/D_158_36.stl"/>
        <mesh name="D_158_37" file="objects/D_158/D_158_37.stl"/>
        <mesh name="D_158_38" file="objects/D_158/D_158_38.stl"/>
        <mesh name="D_158_39" file="objects/D_158/D_158_39.stl"/>
        <mesh name="D_158_40" file="objects/D_158/D_158_40.stl"/>
        <mesh name="D_158_41" file="objects/D_158/D_158_41.stl"/>
        <mesh name="D_158_42" file="objects/D_158/D_158_42.stl"/>
        <mesh name="D_158_43" file="objects/D_158/D_158_43.stl"/>
        <mesh name="D_158_44" file="objects/D_158/D_158_44.stl"/>
        <mesh name="D_158_45" file="objects/D_158/D_158_45.stl"/>
        <mesh name="D_158_46" file="objects/D_158/D_158_46.stl"/>
        <mesh name="D_158_47" file="objects/D_158/D_158_47.stl"/>
        <mesh name="D_158_48" file="objects/D_158/D_158_48.stl"/>
        <mesh name="D_158_49" file="objects/D_158/D_158_49.stl"/>
        <mesh name="D_158_50" file="objects/D_158/D_158_50.stl"/>
        <mesh name="D_158_51" file="objects/D_158/D_158_51.stl"/>
        <mesh name="D_158_52" file="objects/D_158/D_158_52.stl"/>
        <mesh name="D_158_53" file="objects/D_158/D_158_53.stl"/>
        <mesh name="D_158_54" file="objects/D_158/D_158_54.stl"/>
        <mesh name="D_158_55" file="objects/D_158/D_158_55.stl"/>
        <mesh name="D_158_56" file="objects/D_158/D_158_56.stl"/>
        <mesh name="D_158_57" file="objects/D_158/D_158_57.stl"/>
        <mesh name="D_158_58" file="objects/D_158/D_158_58.stl"/>
        <mesh name="D_158_59" file="objects/D_158/D_158_59.stl"/>
        <mesh name="D_158_60" file="objects/D_158/D_158_60.stl"/>
        <mesh name="D_158_61" file="objects/D_158/D_158_61.stl"/>
        <mesh name="D_158_62" file="objects/D_158/D_158_62.stl"/>
        <mesh name="D_158_63" file="objects/D_158/D_158_63.stl"/>
        <mesh name="D_158_64" file="objects/D_158/D_158_64.stl"/>
        <mesh name="D_158_65" file="objects/D_158/D_158_65.stl"/>
        <mesh name="D_158_66" file="objects/D_158/D_158_66.stl"/>
        <mesh name="D_158_67" file="objects/D_158/D_158_67.stl"/>
        <mesh name="D_158_68" file="objects/D_158/D_158_68.stl"/>
        <mesh name="D_158_69" file="objects/D_158/D_158_69.stl"/>
        <mesh name="D_158_70" file="objects/D_158/D_158_70.stl"/>
        <mesh name="D_158_71" file="objects/D_158/D_158_71.stl"/>
        <mesh name="D_158_72" file="objects/D_158/D_158_72.stl"/>
        <mesh name="D_158_73" file="objects/D_158/D_158_73.stl"/>
        <mesh name="D_158_74" file="objects/D_158/D_158_74.stl"/>
        <mesh name="D_158_75" file="objects/D_158/D_158_75.stl"/>
        <mesh name="D_158_76" file="objects/D_158/D_158_76.stl"/>
        <mesh name="D_158_77" file="objects/D_158/D_158_77.stl"/>
        <mesh name="D_158_78" file="objects/D_158/D_158_78.stl"/>
        <mesh name="D_158_79" file="objects/D_158/D_158_79.stl"/>
        <mesh name="D_158_80" file="objects/D_158/D_158_80.stl"/>
        <mesh name="D_158_81" file="objects/D_158/D_158_81.stl"/>
        <mesh name="D_158_82" file="objects/D_158/D_158_82.stl"/>
        <mesh name="D_158_83" file="objects/D_158/D_158_83.stl"/>
        <mesh name="D_158_84" file="objects/D_158/D_158_84.stl"/>
        <mesh name="D_158_85" file="objects/D_158/D_158_85.stl"/>
        <mesh name="D_158_86" file="objects/D_158/D_158_86.stl"/>
        <mesh name="D_158_87" file="objects/D_158/D_158_87.stl"/>
        <mesh name="D_158_88" file="objects/D_158/D_158_88.stl"/>
        <mesh name="D_158_89" file="objects/D_158/D_158_89.stl"/>
        <mesh name="D_158_90" file="objects/D_158/D_158_90.stl"/>
        <mesh name="D_158_91" file="objects/D_158/D_158_91.stl"/>
        <mesh name="D_158_92" file="objects/D_158/D_158_92.stl"/>
        <mesh name="D_158_93" file="objects/D_158/D_158_93.stl"/>
        <mesh name="D_158_94" file="objects/D_158/D_158_94.stl"/>
        <mesh name="D_158_95" file="objects/D_158/D_158_95.stl"/>
        <mesh name="D_158_96" file="objects/D_158/D_158_96.stl"/>
        <mesh name="D_158_97" file="objects/D_158/D_158_97.stl"/>
        <mesh name="D_158_98" file="objects/D_158/D_158_98.stl"/>
        <mesh name="D_158_99" file="objects/D_158/D_158_99.stl"/>
        <mesh name="D_158_100" file="objects/D_158/D_158_100.stl"/>
        <mesh name="D_158_101" file="objects/D_158/D_158_101.stl"/>
        <mesh name="D_158_102" file="objects/D_158/D_158_102.stl"/>
        <mesh name="D_158_103" file="objects/D_158/D_158_103.stl"/>
        <mesh name="D_158_104" file="objects/D_158/D_158_104.stl"/>
        <mesh name="D_158_105" file="objects/D_158/D_158_105.stl"/>
        <mesh name="D_158_106" file="objects/D_158/D_158_106.stl"/>
        <mesh name="D_158_107" file="objects/D_158/D_158_107.stl"/>
        <mesh name="D_158_108" file="objects/D_158/D_158_108.stl"/>
        <mesh name="D_158_109" file="objects/D_158/D_158_109.stl"/>
        <mesh name="D_158_110" file="objects/D_158/D_158_110.stl"/>
        <mesh name="D_158_111" file="objects/D_158/D_158_111.stl"/>
        <mesh name="D_158_112" file="objects/D_158/D_158_112.stl"/>
        <mesh name="D_158_113" file="objects/D_158/D_158_113.stl"/>
        <mesh name="D_158_114" file="objects/D_158/D_158_114.stl"/>
        <mesh name="D_158_115" file="objects/D_158/D_158_115.stl"/>
        <mesh name="D_158_116" file="objects/D_158/D_158_116.stl"/>
        <mesh name="D_158_117" file="objects/D_158/D_158_117.stl"/>
        <mesh name="D_158_118" file="objects/D_158/D_158_118.stl"/>
        <mesh name="D_158_119" file="objects/D_158/D_158_119.stl"/>
        <mesh name="D_158_120" file="objects/D_158/D_158_120.stl"/>
        <mesh name="D_158_121" file="objects/D_158/D_158_121.stl"/>
        <mesh name="D_158_122" file="objects/D_158/D_158_122.stl"/>
        <mesh name="D_158_123" file="objects/D_158/D_158_123.stl"/>
        <mesh name="D_158_124" file="objects/D_158/D_158_124.stl"/>
        <mesh name="D_158_125" file="objects/D_158/D_158_125.stl"/>
        <mesh name="D_158_126" file="objects/D_158/D_158_126.stl"/>
        <mesh name="D_158_127" file="objects/D_158/D_158_127.stl"/>
        <mesh name="D_158_128" file="objects/D_158/D_158_128.stl"/>
        <mesh name="D_158_129" file="objects/D_158/D_158_129.stl"/>
        <mesh name="D_158_visual" file="objects/D_158/D_158_full.stl"/>
    </asset>
</mujoco>