<mujoco>
    <asset>
        <mesh name="D_205_1" file="objects/D_205/D_205_1.stl"/>
        <mesh name="D_205_2" file="objects/D_205/D_205_2.stl"/>
        <mesh name="D_205_3" file="objects/D_205/D_205_3.stl"/>
        <mesh name="D_205_4" file="objects/D_205/D_205_4.stl"/>
        <mesh name="D_205_5" file="objects/D_205/D_205_5.stl"/>
        <mesh name="D_205_6" file="objects/D_205/D_205_6.stl"/>
        <mesh name="D_205_7" file="objects/D_205/D_205_7.stl"/>
        <mesh name="D_205_8" file="objects/D_205/D_205_8.stl"/>
        <mesh name="D_205_9" file="objects/D_205/D_205_9.stl"/>
        <mesh name="D_205_10" file="objects/D_205/D_205_10.stl"/>
        <mesh name="D_205_11" file="objects/D_205/D_205_11.stl"/>
        <mesh name="D_205_12" file="objects/D_205/D_205_12.stl"/>
        <mesh name="D_205_13" file="objects/D_205/D_205_13.stl"/>
        <mesh name="D_205_14" file="objects/D_205/D_205_14.stl"/>
        <mesh name="D_205_15" file="objects/D_205/D_205_15.stl"/>
        <mesh name="D_205_16" file="objects/D_205/D_205_16.stl"/>
        <mesh name="D_205_17" file="objects/D_205/D_205_17.stl"/>
        <mesh name="D_205_18" file="objects/D_205/D_205_18.stl"/>
        <mesh name="D_205_19" file="objects/D_205/D_205_19.stl"/>
        <mesh name="D_205_20" file="objects/D_205/D_205_20.stl"/>
        <mesh name="D_205_21" file="objects/D_205/D_205_21.stl"/>
        <mesh name="D_205_22" file="objects/D_205/D_205_22.stl"/>
        <mesh name="D_205_23" file="objects/D_205/D_205_23.stl"/>
        <mesh name="D_205_24" file="objects/D_205/D_205_24.stl"/>
        <mesh name="D_205_25" file="objects/D_205/D_205_25.stl"/>
        <mesh name="D_205_26" file="objects/D_205/D_205_26.stl"/>
        <mesh name="D_205_27" file="objects/D_205/D_205_27.stl"/>
        <mesh name="D_205_28" file="objects/D_205/D_205_28.stl"/>
        <mesh name="D_205_29" file="objects/D_205/D_205_29.stl"/>
        <mesh name="D_205_30" file="objects/D_205/D_205_30.stl"/>
        <mesh name="D_205_31" file="objects/D_205/D_205_31.stl"/>
        <mesh name="D_205_32" file="objects/D_205/D_205_32.stl"/>
        <mesh name="D_205_33" file="objects/D_205/D_205_33.stl"/>
        <mesh name="D_205_34" file="objects/D_205/D_205_34.stl"/>
        <mesh name="D_205_35" file="objects/D_205/D_205_35.stl"/>
        <mesh name="D_205_36" file="objects/D_205/D_205_36.stl"/>
        <mesh name="D_205_37" file="objects/D_205/D_205_37.stl"/>
        <mesh name="D_205_38" file="objects/D_205/D_205_38.stl"/>
        <mesh name="D_205_visual" file="objects/D_205/D_205_full.stl"/>
    </asset>
</mujoco>