<mujoco>
    <asset>
        <mesh name="D_82_1" file="objects/D_82/D_82_1.stl"/>
        <mesh name="D_82_2" file="objects/D_82/D_82_2.stl"/>
        <mesh name="D_82_3" file="objects/D_82/D_82_3.stl"/>
        <mesh name="D_82_4" file="objects/D_82/D_82_4.stl"/>
        <mesh name="D_82_5" file="objects/D_82/D_82_5.stl"/>
        <mesh name="D_82_6" file="objects/D_82/D_82_6.stl"/>
        <mesh name="D_82_7" file="objects/D_82/D_82_7.stl"/>
        <mesh name="D_82_8" file="objects/D_82/D_82_8.stl"/>
        <mesh name="D_82_9" file="objects/D_82/D_82_9.stl"/>
        <mesh name="D_82_10" file="objects/D_82/D_82_10.stl"/>
        <mesh name="D_82_11" file="objects/D_82/D_82_11.stl"/>
        <mesh name="D_82_12" file="objects/D_82/D_82_12.stl"/>
        <mesh name="D_82_13" file="objects/D_82/D_82_13.stl"/>
        <mesh name="D_82_14" file="objects/D_82/D_82_14.stl"/>
        <mesh name="D_82_15" file="objects/D_82/D_82_15.stl"/>
        <mesh name="D_82_16" file="objects/D_82/D_82_16.stl"/>
        <mesh name="D_82_17" file="objects/D_82/D_82_17.stl"/>
        <mesh name="D_82_18" file="objects/D_82/D_82_18.stl"/>
        <mesh name="D_82_19" file="objects/D_82/D_82_19.stl"/>
        <mesh name="D_82_20" file="objects/D_82/D_82_20.stl"/>
        <mesh name="D_82_21" file="objects/D_82/D_82_21.stl"/>
        <mesh name="D_82_22" file="objects/D_82/D_82_22.stl"/>
        <mesh name="D_82_23" file="objects/D_82/D_82_23.stl"/>
        <mesh name="D_82_24" file="objects/D_82/D_82_24.stl"/>
        <mesh name="D_82_25" file="objects/D_82/D_82_25.stl"/>
        <mesh name="D_82_26" file="objects/D_82/D_82_26.stl"/>
        <mesh name="D_82_27" file="objects/D_82/D_82_27.stl"/>
        <mesh name="D_82_28" file="objects/D_82/D_82_28.stl"/>
        <mesh name="D_82_29" file="objects/D_82/D_82_29.stl"/>
        <mesh name="D_82_30" file="objects/D_82/D_82_30.stl"/>
        <mesh name="D_82_31" file="objects/D_82/D_82_31.stl"/>
        <mesh name="D_82_32" file="objects/D_82/D_82_32.stl"/>
        <mesh name="D_82_33" file="objects/D_82/D_82_33.stl"/>
        <mesh name="D_82_34" file="objects/D_82/D_82_34.stl"/>
        <mesh name="D_82_35" file="objects/D_82/D_82_35.stl"/>
        <mesh name="D_82_36" file="objects/D_82/D_82_36.stl"/>
        <mesh name="D_82_37" file="objects/D_82/D_82_37.stl"/>
        <mesh name="D_82_38" file="objects/D_82/D_82_38.stl"/>
        <mesh name="D_82_39" file="objects/D_82/D_82_39.stl"/>
        <mesh name="D_82_40" file="objects/D_82/D_82_40.stl"/>
        <mesh name="D_82_41" file="objects/D_82/D_82_41.stl"/>
        <mesh name="D_82_42" file="objects/D_82/D_82_42.stl"/>
        <mesh name="D_82_43" file="objects/D_82/D_82_43.stl"/>
        <mesh name="D_82_44" file="objects/D_82/D_82_44.stl"/>
        <mesh name="D_82_45" file="objects/D_82/D_82_45.stl"/>
        <mesh name="D_82_46" file="objects/D_82/D_82_46.stl"/>
        <mesh name="D_82_47" file="objects/D_82/D_82_47.stl"/>
        <mesh name="D_82_48" file="objects/D_82/D_82_48.stl"/>
        <mesh name="D_82_49" file="objects/D_82/D_82_49.stl"/>
        <mesh name="D_82_visual" file="objects/D_82/D_82_full.stl"/>
    </asset>
</mujoco>