<mujoco>
    <asset>
        <mesh name="D_146_1" file="objects/D_146/D_146_1.stl"/>
        <mesh name="D_146_2" file="objects/D_146/D_146_2.stl"/>
        <mesh name="D_146_3" file="objects/D_146/D_146_3.stl"/>
        <mesh name="D_146_4" file="objects/D_146/D_146_4.stl"/>
        <mesh name="D_146_5" file="objects/D_146/D_146_5.stl"/>
        <mesh name="D_146_6" file="objects/D_146/D_146_6.stl"/>
        <mesh name="D_146_7" file="objects/D_146/D_146_7.stl"/>
        <mesh name="D_146_8" file="objects/D_146/D_146_8.stl"/>
        <mesh name="D_146_9" file="objects/D_146/D_146_9.stl"/>
        <mesh name="D_146_10" file="objects/D_146/D_146_10.stl"/>
        <mesh name="D_146_11" file="objects/D_146/D_146_11.stl"/>
        <mesh name="D_146_12" file="objects/D_146/D_146_12.stl"/>
        <mesh name="D_146_13" file="objects/D_146/D_146_13.stl"/>
        <mesh name="D_146_14" file="objects/D_146/D_146_14.stl"/>
        <mesh name="D_146_15" file="objects/D_146/D_146_15.stl"/>
        <mesh name="D_146_16" file="objects/D_146/D_146_16.stl"/>
        <mesh name="D_146_17" file="objects/D_146/D_146_17.stl"/>
        <mesh name="D_146_18" file="objects/D_146/D_146_18.stl"/>
        <mesh name="D_146_19" file="objects/D_146/D_146_19.stl"/>
        <mesh name="D_146_20" file="objects/D_146/D_146_20.stl"/>
        <mesh name="D_146_21" file="objects/D_146/D_146_21.stl"/>
        <mesh name="D_146_22" file="objects/D_146/D_146_22.stl"/>
        <mesh name="D_146_23" file="objects/D_146/D_146_23.stl"/>
        <mesh name="D_146_24" file="objects/D_146/D_146_24.stl"/>
        <mesh name="D_146_25" file="objects/D_146/D_146_25.stl"/>
        <mesh name="D_146_26" file="objects/D_146/D_146_26.stl"/>
        <mesh name="D_146_27" file="objects/D_146/D_146_27.stl"/>
        <mesh name="D_146_28" file="objects/D_146/D_146_28.stl"/>
        <mesh name="D_146_29" file="objects/D_146/D_146_29.stl"/>
        <mesh name="D_146_30" file="objects/D_146/D_146_30.stl"/>
        <mesh name="D_146_31" file="objects/D_146/D_146_31.stl"/>
        <mesh name="D_146_32" file="objects/D_146/D_146_32.stl"/>
        <mesh name="D_146_33" file="objects/D_146/D_146_33.stl"/>
        <mesh name="D_146_34" file="objects/D_146/D_146_34.stl"/>
        <mesh name="D_146_35" file="objects/D_146/D_146_35.stl"/>
        <mesh name="D_146_36" file="objects/D_146/D_146_36.stl"/>
        <mesh name="D_146_37" file="objects/D_146/D_146_37.stl"/>
        <mesh name="D_146_38" file="objects/D_146/D_146_38.stl"/>
        <mesh name="D_146_39" file="objects/D_146/D_146_39.stl"/>
        <mesh name="D_146_40" file="objects/D_146/D_146_40.stl"/>
        <mesh name="D_146_41" file="objects/D_146/D_146_41.stl"/>
        <mesh name="D_146_42" file="objects/D_146/D_146_42.stl"/>
        <mesh name="D_146_43" file="objects/D_146/D_146_43.stl"/>
        <mesh name="D_146_44" file="objects/D_146/D_146_44.stl"/>
        <mesh name="D_146_visual" file="objects/D_146/D_146_full.stl"/>
    </asset>
</mujoco>