<mujoco>
    <asset>
        <mesh name="D_108_1" file="objects/D_108/D_108_1.stl"/>
        <mesh name="D_108_2" file="objects/D_108/D_108_2.stl"/>
        <mesh name="D_108_3" file="objects/D_108/D_108_3.stl"/>
        <mesh name="D_108_4" file="objects/D_108/D_108_4.stl"/>
        <mesh name="D_108_5" file="objects/D_108/D_108_5.stl"/>
        <mesh name="D_108_6" file="objects/D_108/D_108_6.stl"/>
        <mesh name="D_108_7" file="objects/D_108/D_108_7.stl"/>
        <mesh name="D_108_8" file="objects/D_108/D_108_8.stl"/>
        <mesh name="D_108_9" file="objects/D_108/D_108_9.stl"/>
        <mesh name="D_108_10" file="objects/D_108/D_108_10.stl"/>
        <mesh name="D_108_11" file="objects/D_108/D_108_11.stl"/>
        <mesh name="D_108_12" file="objects/D_108/D_108_12.stl"/>
        <mesh name="D_108_13" file="objects/D_108/D_108_13.stl"/>
        <mesh name="D_108_14" file="objects/D_108/D_108_14.stl"/>
        <mesh name="D_108_15" file="objects/D_108/D_108_15.stl"/>
        <mesh name="D_108_16" file="objects/D_108/D_108_16.stl"/>
        <mesh name="D_108_17" file="objects/D_108/D_108_17.stl"/>
        <mesh name="D_108_18" file="objects/D_108/D_108_18.stl"/>
        <mesh name="D_108_19" file="objects/D_108/D_108_19.stl"/>
        <mesh name="D_108_20" file="objects/D_108/D_108_20.stl"/>
        <mesh name="D_108_21" file="objects/D_108/D_108_21.stl"/>
        <mesh name="D_108_22" file="objects/D_108/D_108_22.stl"/>
        <mesh name="D_108_23" file="objects/D_108/D_108_23.stl"/>
        <mesh name="D_108_24" file="objects/D_108/D_108_24.stl"/>
        <mesh name="D_108_25" file="objects/D_108/D_108_25.stl"/>
        <mesh name="D_108_26" file="objects/D_108/D_108_26.stl"/>
        <mesh name="D_108_27" file="objects/D_108/D_108_27.stl"/>
        <mesh name="D_108_28" file="objects/D_108/D_108_28.stl"/>
        <mesh name="D_108_29" file="objects/D_108/D_108_29.stl"/>
        <mesh name="D_108_30" file="objects/D_108/D_108_30.stl"/>
        <mesh name="D_108_31" file="objects/D_108/D_108_31.stl"/>
        <mesh name="D_108_32" file="objects/D_108/D_108_32.stl"/>
        <mesh name="D_108_33" file="objects/D_108/D_108_33.stl"/>
        <mesh name="D_108_34" file="objects/D_108/D_108_34.stl"/>
        <mesh name="D_108_35" file="objects/D_108/D_108_35.stl"/>
        <mesh name="D_108_36" file="objects/D_108/D_108_36.stl"/>
        <mesh name="D_108_37" file="objects/D_108/D_108_37.stl"/>
        <mesh name="D_108_38" file="objects/D_108/D_108_38.stl"/>
        <mesh name="D_108_39" file="objects/D_108/D_108_39.stl"/>
        <mesh name="D_108_40" file="objects/D_108/D_108_40.stl"/>
        <mesh name="D_108_41" file="objects/D_108/D_108_41.stl"/>
        <mesh name="D_108_42" file="objects/D_108/D_108_42.stl"/>
        <mesh name="D_108_43" file="objects/D_108/D_108_43.stl"/>
        <mesh name="D_108_44" file="objects/D_108/D_108_44.stl"/>
        <mesh name="D_108_45" file="objects/D_108/D_108_45.stl"/>
        <mesh name="D_108_46" file="objects/D_108/D_108_46.stl"/>
        <mesh name="D_108_47" file="objects/D_108/D_108_47.stl"/>
        <mesh name="D_108_48" file="objects/D_108/D_108_48.stl"/>
        <mesh name="D_108_49" file="objects/D_108/D_108_49.stl"/>
        <mesh name="D_108_50" file="objects/D_108/D_108_50.stl"/>
        <mesh name="D_108_51" file="objects/D_108/D_108_51.stl"/>
        <mesh name="D_108_52" file="objects/D_108/D_108_52.stl"/>
        <mesh name="D_108_53" file="objects/D_108/D_108_53.stl"/>
        <mesh name="D_108_54" file="objects/D_108/D_108_54.stl"/>
        <mesh name="D_108_55" file="objects/D_108/D_108_55.stl"/>
        <mesh name="D_108_56" file="objects/D_108/D_108_56.stl"/>
        <mesh name="D_108_57" file="objects/D_108/D_108_57.stl"/>
        <mesh name="D_108_58" file="objects/D_108/D_108_58.stl"/>
        <mesh name="D_108_59" file="objects/D_108/D_108_59.stl"/>
        <mesh name="D_108_60" file="objects/D_108/D_108_60.stl"/>
        <mesh name="D_108_61" file="objects/D_108/D_108_61.stl"/>
        <mesh name="D_108_62" file="objects/D_108/D_108_62.stl"/>
        <mesh name="D_108_63" file="objects/D_108/D_108_63.stl"/>
        <mesh name="D_108_64" file="objects/D_108/D_108_64.stl"/>
        <mesh name="D_108_65" file="objects/D_108/D_108_65.stl"/>
        <mesh name="D_108_66" file="objects/D_108/D_108_66.stl"/>
        <mesh name="D_108_67" file="objects/D_108/D_108_67.stl"/>
        <mesh name="D_108_68" file="objects/D_108/D_108_68.stl"/>
        <mesh name="D_108_69" file="objects/D_108/D_108_69.stl"/>
        <mesh name="D_108_70" file="objects/D_108/D_108_70.stl"/>
        <mesh name="D_108_71" file="objects/D_108/D_108_71.stl"/>
        <mesh name="D_108_72" file="objects/D_108/D_108_72.stl"/>
        <mesh name="D_108_73" file="objects/D_108/D_108_73.stl"/>
        <mesh name="D_108_74" file="objects/D_108/D_108_74.stl"/>
        <mesh name="D_108_75" file="objects/D_108/D_108_75.stl"/>
        <mesh name="D_108_76" file="objects/D_108/D_108_76.stl"/>
        <mesh name="D_108_visual" file="objects/D_108/D_108_full.stl"/>
    </asset>
</mujoco>