<mujoco>
    <asset>
        <mesh name="D_143_1" file="objects/D_143/D_143_1.stl"/>
        <mesh name="D_143_2" file="objects/D_143/D_143_2.stl"/>
        <mesh name="D_143_3" file="objects/D_143/D_143_3.stl"/>
        <mesh name="D_143_4" file="objects/D_143/D_143_4.stl"/>
        <mesh name="D_143_5" file="objects/D_143/D_143_5.stl"/>
        <mesh name="D_143_6" file="objects/D_143/D_143_6.stl"/>
        <mesh name="D_143_7" file="objects/D_143/D_143_7.stl"/>
        <mesh name="D_143_8" file="objects/D_143/D_143_8.stl"/>
        <mesh name="D_143_9" file="objects/D_143/D_143_9.stl"/>
        <mesh name="D_143_10" file="objects/D_143/D_143_10.stl"/>
        <mesh name="D_143_11" file="objects/D_143/D_143_11.stl"/>
        <mesh name="D_143_12" file="objects/D_143/D_143_12.stl"/>
        <mesh name="D_143_13" file="objects/D_143/D_143_13.stl"/>
        <mesh name="D_143_14" file="objects/D_143/D_143_14.stl"/>
        <mesh name="D_143_15" file="objects/D_143/D_143_15.stl"/>
        <mesh name="D_143_16" file="objects/D_143/D_143_16.stl"/>
        <mesh name="D_143_17" file="objects/D_143/D_143_17.stl"/>
        <mesh name="D_143_18" file="objects/D_143/D_143_18.stl"/>
        <mesh name="D_143_19" file="objects/D_143/D_143_19.stl"/>
        <mesh name="D_143_20" file="objects/D_143/D_143_20.stl"/>
        <mesh name="D_143_21" file="objects/D_143/D_143_21.stl"/>
        <mesh name="D_143_22" file="objects/D_143/D_143_22.stl"/>
        <mesh name="D_143_23" file="objects/D_143/D_143_23.stl"/>
        <mesh name="D_143_24" file="objects/D_143/D_143_24.stl"/>
        <mesh name="D_143_25" file="objects/D_143/D_143_25.stl"/>
        <mesh name="D_143_26" file="objects/D_143/D_143_26.stl"/>
        <mesh name="D_143_27" file="objects/D_143/D_143_27.stl"/>
        <mesh name="D_143_28" file="objects/D_143/D_143_28.stl"/>
        <mesh name="D_143_29" file="objects/D_143/D_143_29.stl"/>
        <mesh name="D_143_30" file="objects/D_143/D_143_30.stl"/>
        <mesh name="D_143_31" file="objects/D_143/D_143_31.stl"/>
        <mesh name="D_143_32" file="objects/D_143/D_143_32.stl"/>
        <mesh name="D_143_33" file="objects/D_143/D_143_33.stl"/>
        <mesh name="D_143_34" file="objects/D_143/D_143_34.stl"/>
        <mesh name="D_143_35" file="objects/D_143/D_143_35.stl"/>
        <mesh name="D_143_36" file="objects/D_143/D_143_36.stl"/>
        <mesh name="D_143_37" file="objects/D_143/D_143_37.stl"/>
        <mesh name="D_143_38" file="objects/D_143/D_143_38.stl"/>
        <mesh name="D_143_39" file="objects/D_143/D_143_39.stl"/>
        <mesh name="D_143_40" file="objects/D_143/D_143_40.stl"/>
        <mesh name="D_143_41" file="objects/D_143/D_143_41.stl"/>
        <mesh name="D_143_42" file="objects/D_143/D_143_42.stl"/>
        <mesh name="D_143_43" file="objects/D_143/D_143_43.stl"/>
        <mesh name="D_143_44" file="objects/D_143/D_143_44.stl"/>
        <mesh name="D_143_45" file="objects/D_143/D_143_45.stl"/>
        <mesh name="D_143_46" file="objects/D_143/D_143_46.stl"/>
        <mesh name="D_143_47" file="objects/D_143/D_143_47.stl"/>
        <mesh name="D_143_48" file="objects/D_143/D_143_48.stl"/>
        <mesh name="D_143_49" file="objects/D_143/D_143_49.stl"/>
        <mesh name="D_143_50" file="objects/D_143/D_143_50.stl"/>
        <mesh name="D_143_51" file="objects/D_143/D_143_51.stl"/>
        <mesh name="D_143_52" file="objects/D_143/D_143_52.stl"/>
        <mesh name="D_143_53" file="objects/D_143/D_143_53.stl"/>
        <mesh name="D_143_54" file="objects/D_143/D_143_54.stl"/>
        <mesh name="D_143_55" file="objects/D_143/D_143_55.stl"/>
        <mesh name="D_143_56" file="objects/D_143/D_143_56.stl"/>
        <mesh name="D_143_57" file="objects/D_143/D_143_57.stl"/>
        <mesh name="D_143_58" file="objects/D_143/D_143_58.stl"/>
        <mesh name="D_143_visual" file="objects/D_143/D_143_full.stl"/>
    </asset>
</mujoco>