<mujoco>
    <asset>
        <mesh name="D_89_1" file="objects/D_89/D_89_1.stl"/>
        <mesh name="D_89_2" file="objects/D_89/D_89_2.stl"/>
        <mesh name="D_89_3" file="objects/D_89/D_89_3.stl"/>
        <mesh name="D_89_4" file="objects/D_89/D_89_4.stl"/>
        <mesh name="D_89_5" file="objects/D_89/D_89_5.stl"/>
        <mesh name="D_89_6" file="objects/D_89/D_89_6.stl"/>
        <mesh name="D_89_7" file="objects/D_89/D_89_7.stl"/>
        <mesh name="D_89_8" file="objects/D_89/D_89_8.stl"/>
        <mesh name="D_89_9" file="objects/D_89/D_89_9.stl"/>
        <mesh name="D_89_10" file="objects/D_89/D_89_10.stl"/>
        <mesh name="D_89_11" file="objects/D_89/D_89_11.stl"/>
        <mesh name="D_89_12" file="objects/D_89/D_89_12.stl"/>
        <mesh name="D_89_13" file="objects/D_89/D_89_13.stl"/>
        <mesh name="D_89_14" file="objects/D_89/D_89_14.stl"/>
        <mesh name="D_89_15" file="objects/D_89/D_89_15.stl"/>
        <mesh name="D_89_16" file="objects/D_89/D_89_16.stl"/>
        <mesh name="D_89_17" file="objects/D_89/D_89_17.stl"/>
        <mesh name="D_89_18" file="objects/D_89/D_89_18.stl"/>
        <mesh name="D_89_19" file="objects/D_89/D_89_19.stl"/>
        <mesh name="D_89_20" file="objects/D_89/D_89_20.stl"/>
        <mesh name="D_89_21" file="objects/D_89/D_89_21.stl"/>
        <mesh name="D_89_22" file="objects/D_89/D_89_22.stl"/>
        <mesh name="D_89_23" file="objects/D_89/D_89_23.stl"/>
        <mesh name="D_89_24" file="objects/D_89/D_89_24.stl"/>
        <mesh name="D_89_25" file="objects/D_89/D_89_25.stl"/>
        <mesh name="D_89_visual" file="objects/D_89/D_89_full.stl"/>
    </asset>
</mujoco>