<mujoco>
    <asset>
        <mesh name="D_67_1" file="objects/D_67/D_67_1.stl"/>
        <mesh name="D_67_2" file="objects/D_67/D_67_2.stl"/>
        <mesh name="D_67_3" file="objects/D_67/D_67_3.stl"/>
        <mesh name="D_67_4" file="objects/D_67/D_67_4.stl"/>
        <mesh name="D_67_5" file="objects/D_67/D_67_5.stl"/>
        <mesh name="D_67_6" file="objects/D_67/D_67_6.stl"/>
        <mesh name="D_67_7" file="objects/D_67/D_67_7.stl"/>
        <mesh name="D_67_8" file="objects/D_67/D_67_8.stl"/>
        <mesh name="D_67_9" file="objects/D_67/D_67_9.stl"/>
        <mesh name="D_67_10" file="objects/D_67/D_67_10.stl"/>
        <mesh name="D_67_11" file="objects/D_67/D_67_11.stl"/>
        <mesh name="D_67_12" file="objects/D_67/D_67_12.stl"/>
        <mesh name="D_67_13" file="objects/D_67/D_67_13.stl"/>
        <mesh name="D_67_14" file="objects/D_67/D_67_14.stl"/>
        <mesh name="D_67_15" file="objects/D_67/D_67_15.stl"/>
        <mesh name="D_67_16" file="objects/D_67/D_67_16.stl"/>
        <mesh name="D_67_17" file="objects/D_67/D_67_17.stl"/>
        <mesh name="D_67_18" file="objects/D_67/D_67_18.stl"/>
        <mesh name="D_67_19" file="objects/D_67/D_67_19.stl"/>
        <mesh name="D_67_20" file="objects/D_67/D_67_20.stl"/>
        <mesh name="D_67_21" file="objects/D_67/D_67_21.stl"/>
        <mesh name="D_67_22" file="objects/D_67/D_67_22.stl"/>
        <mesh name="D_67_visual" file="objects/D_67/D_67_full.stl"/>
    </asset>
</mujoco>