<mujoco>
    <asset>
        <mesh name="D_93_1" file="objects/D_93/D_93_1.stl"/>
        <mesh name="D_93_2" file="objects/D_93/D_93_2.stl"/>
        <mesh name="D_93_3" file="objects/D_93/D_93_3.stl"/>
        <mesh name="D_93_4" file="objects/D_93/D_93_4.stl"/>
        <mesh name="D_93_5" file="objects/D_93/D_93_5.stl"/>
        <mesh name="D_93_6" file="objects/D_93/D_93_6.stl"/>
        <mesh name="D_93_7" file="objects/D_93/D_93_7.stl"/>
        <mesh name="D_93_8" file="objects/D_93/D_93_8.stl"/>
        <mesh name="D_93_9" file="objects/D_93/D_93_9.stl"/>
        <mesh name="D_93_10" file="objects/D_93/D_93_10.stl"/>
        <mesh name="D_93_11" file="objects/D_93/D_93_11.stl"/>
        <mesh name="D_93_12" file="objects/D_93/D_93_12.stl"/>
        <mesh name="D_93_13" file="objects/D_93/D_93_13.stl"/>
        <mesh name="D_93_14" file="objects/D_93/D_93_14.stl"/>
        <mesh name="D_93_15" file="objects/D_93/D_93_15.stl"/>
        <mesh name="D_93_16" file="objects/D_93/D_93_16.stl"/>
        <mesh name="D_93_17" file="objects/D_93/D_93_17.stl"/>
        <mesh name="D_93_18" file="objects/D_93/D_93_18.stl"/>
        <mesh name="D_93_19" file="objects/D_93/D_93_19.stl"/>
        <mesh name="D_93_20" file="objects/D_93/D_93_20.stl"/>
        <mesh name="D_93_21" file="objects/D_93/D_93_21.stl"/>
        <mesh name="D_93_22" file="objects/D_93/D_93_22.stl"/>
        <mesh name="D_93_23" file="objects/D_93/D_93_23.stl"/>
        <mesh name="D_93_24" file="objects/D_93/D_93_24.stl"/>
        <mesh name="D_93_25" file="objects/D_93/D_93_25.stl"/>
        <mesh name="D_93_26" file="objects/D_93/D_93_26.stl"/>
        <mesh name="D_93_27" file="objects/D_93/D_93_27.stl"/>
        <mesh name="D_93_28" file="objects/D_93/D_93_28.stl"/>
        <mesh name="D_93_29" file="objects/D_93/D_93_29.stl"/>
        <mesh name="D_93_30" file="objects/D_93/D_93_30.stl"/>
        <mesh name="D_93_31" file="objects/D_93/D_93_31.stl"/>
        <mesh name="D_93_32" file="objects/D_93/D_93_32.stl"/>
        <mesh name="D_93_33" file="objects/D_93/D_93_33.stl"/>
        <mesh name="D_93_34" file="objects/D_93/D_93_34.stl"/>
        <mesh name="D_93_35" file="objects/D_93/D_93_35.stl"/>
        <mesh name="D_93_36" file="objects/D_93/D_93_36.stl"/>
        <mesh name="D_93_37" file="objects/D_93/D_93_37.stl"/>
        <mesh name="D_93_38" file="objects/D_93/D_93_38.stl"/>
        <mesh name="D_93_39" file="objects/D_93/D_93_39.stl"/>
        <mesh name="D_93_40" file="objects/D_93/D_93_40.stl"/>
        <mesh name="D_93_41" file="objects/D_93/D_93_41.stl"/>
        <mesh name="D_93_42" file="objects/D_93/D_93_42.stl"/>
        <mesh name="D_93_43" file="objects/D_93/D_93_43.stl"/>
        <mesh name="D_93_44" file="objects/D_93/D_93_44.stl"/>
        <mesh name="D_93_45" file="objects/D_93/D_93_45.stl"/>
        <mesh name="D_93_46" file="objects/D_93/D_93_46.stl"/>
        <mesh name="D_93_47" file="objects/D_93/D_93_47.stl"/>
        <mesh name="D_93_48" file="objects/D_93/D_93_48.stl"/>
        <mesh name="D_93_49" file="objects/D_93/D_93_49.stl"/>
        <mesh name="D_93_50" file="objects/D_93/D_93_50.stl"/>
        <mesh name="D_93_51" file="objects/D_93/D_93_51.stl"/>
        <mesh name="D_93_52" file="objects/D_93/D_93_52.stl"/>
        <mesh name="D_93_53" file="objects/D_93/D_93_53.stl"/>
        <mesh name="D_93_54" file="objects/D_93/D_93_54.stl"/>
        <mesh name="D_93_55" file="objects/D_93/D_93_55.stl"/>
        <mesh name="D_93_56" file="objects/D_93/D_93_56.stl"/>
        <mesh name="D_93_57" file="objects/D_93/D_93_57.stl"/>
        <mesh name="D_93_58" file="objects/D_93/D_93_58.stl"/>
        <mesh name="D_93_59" file="objects/D_93/D_93_59.stl"/>
        <mesh name="D_93_60" file="objects/D_93/D_93_60.stl"/>
        <mesh name="D_93_61" file="objects/D_93/D_93_61.stl"/>
        <mesh name="D_93_62" file="objects/D_93/D_93_62.stl"/>
        <mesh name="D_93_63" file="objects/D_93/D_93_63.stl"/>
        <mesh name="D_93_64" file="objects/D_93/D_93_64.stl"/>
        <mesh name="D_93_65" file="objects/D_93/D_93_65.stl"/>
        <mesh name="D_93_66" file="objects/D_93/D_93_66.stl"/>
        <mesh name="D_93_67" file="objects/D_93/D_93_67.stl"/>
        <mesh name="D_93_68" file="objects/D_93/D_93_68.stl"/>
        <mesh name="D_93_69" file="objects/D_93/D_93_69.stl"/>
        <mesh name="D_93_70" file="objects/D_93/D_93_70.stl"/>
        <mesh name="D_93_71" file="objects/D_93/D_93_71.stl"/>
        <mesh name="D_93_72" file="objects/D_93/D_93_72.stl"/>
        <mesh name="D_93_73" file="objects/D_93/D_93_73.stl"/>
        <mesh name="D_93_74" file="objects/D_93/D_93_74.stl"/>
        <mesh name="D_93_75" file="objects/D_93/D_93_75.stl"/>
        <mesh name="D_93_76" file="objects/D_93/D_93_76.stl"/>
        <mesh name="D_93_77" file="objects/D_93/D_93_77.stl"/>
        <mesh name="D_93_78" file="objects/D_93/D_93_78.stl"/>
        <mesh name="D_93_79" file="objects/D_93/D_93_79.stl"/>
        <mesh name="D_93_80" file="objects/D_93/D_93_80.stl"/>
        <mesh name="D_93_81" file="objects/D_93/D_93_81.stl"/>
        <mesh name="D_93_82" file="objects/D_93/D_93_82.stl"/>
        <mesh name="D_93_83" file="objects/D_93/D_93_83.stl"/>
        <mesh name="D_93_84" file="objects/D_93/D_93_84.stl"/>
        <mesh name="D_93_85" file="objects/D_93/D_93_85.stl"/>
        <mesh name="D_93_86" file="objects/D_93/D_93_86.stl"/>
        <mesh name="D_93_87" file="objects/D_93/D_93_87.stl"/>
        <mesh name="D_93_88" file="objects/D_93/D_93_88.stl"/>
        <mesh name="D_93_89" file="objects/D_93/D_93_89.stl"/>
        <mesh name="D_93_90" file="objects/D_93/D_93_90.stl"/>
        <mesh name="D_93_91" file="objects/D_93/D_93_91.stl"/>
        <mesh name="D_93_92" file="objects/D_93/D_93_92.stl"/>
        <mesh name="D_93_93" file="objects/D_93/D_93_93.stl"/>
        <mesh name="D_93_94" file="objects/D_93/D_93_94.stl"/>
        <mesh name="D_93_95" file="objects/D_93/D_93_95.stl"/>
        <mesh name="D_93_96" file="objects/D_93/D_93_96.stl"/>
        <mesh name="D_93_97" file="objects/D_93/D_93_97.stl"/>
        <mesh name="D_93_98" file="objects/D_93/D_93_98.stl"/>
        <mesh name="D_93_99" file="objects/D_93/D_93_99.stl"/>
        <mesh name="D_93_100" file="objects/D_93/D_93_100.stl"/>
        <mesh name="D_93_visual" file="objects/D_93/D_93_full.stl"/>
    </asset>
</mujoco>