<mujoco>
    <asset>
        <mesh name="D_159_1" file="objects/D_159/D_159_1.stl"/>
        <mesh name="D_159_2" file="objects/D_159/D_159_2.stl"/>
        <mesh name="D_159_3" file="objects/D_159/D_159_3.stl"/>
        <mesh name="D_159_4" file="objects/D_159/D_159_4.stl"/>
        <mesh name="D_159_5" file="objects/D_159/D_159_5.stl"/>
        <mesh name="D_159_6" file="objects/D_159/D_159_6.stl"/>
        <mesh name="D_159_7" file="objects/D_159/D_159_7.stl"/>
        <mesh name="D_159_8" file="objects/D_159/D_159_8.stl"/>
        <mesh name="D_159_9" file="objects/D_159/D_159_9.stl"/>
        <mesh name="D_159_10" file="objects/D_159/D_159_10.stl"/>
        <mesh name="D_159_11" file="objects/D_159/D_159_11.stl"/>
        <mesh name="D_159_12" file="objects/D_159/D_159_12.stl"/>
        <mesh name="D_159_13" file="objects/D_159/D_159_13.stl"/>
        <mesh name="D_159_14" file="objects/D_159/D_159_14.stl"/>
        <mesh name="D_159_15" file="objects/D_159/D_159_15.stl"/>
        <mesh name="D_159_16" file="objects/D_159/D_159_16.stl"/>
        <mesh name="D_159_17" file="objects/D_159/D_159_17.stl"/>
        <mesh name="D_159_18" file="objects/D_159/D_159_18.stl"/>
        <mesh name="D_159_19" file="objects/D_159/D_159_19.stl"/>
        <mesh name="D_159_20" file="objects/D_159/D_159_20.stl"/>
        <mesh name="D_159_21" file="objects/D_159/D_159_21.stl"/>
        <mesh name="D_159_22" file="objects/D_159/D_159_22.stl"/>
        <mesh name="D_159_visual" file="objects/D_159/D_159_full.stl"/>
    </asset>
</mujoco>