<mujoco>
    <asset>
        <mesh name="D_221_1" file="objects/D_221/D_221_1.stl"/>
        <mesh name="D_221_2" file="objects/D_221/D_221_2.stl"/>
        <mesh name="D_221_3" file="objects/D_221/D_221_3.stl"/>
        <mesh name="D_221_4" file="objects/D_221/D_221_4.stl"/>
        <mesh name="D_221_5" file="objects/D_221/D_221_5.stl"/>
        <mesh name="D_221_6" file="objects/D_221/D_221_6.stl"/>
        <mesh name="D_221_7" file="objects/D_221/D_221_7.stl"/>
        <mesh name="D_221_8" file="objects/D_221/D_221_8.stl"/>
        <mesh name="D_221_9" file="objects/D_221/D_221_9.stl"/>
        <mesh name="D_221_10" file="objects/D_221/D_221_10.stl"/>
        <mesh name="D_221_11" file="objects/D_221/D_221_11.stl"/>
        <mesh name="D_221_12" file="objects/D_221/D_221_12.stl"/>
        <mesh name="D_221_13" file="objects/D_221/D_221_13.stl"/>
        <mesh name="D_221_14" file="objects/D_221/D_221_14.stl"/>
        <mesh name="D_221_15" file="objects/D_221/D_221_15.stl"/>
        <mesh name="D_221_16" file="objects/D_221/D_221_16.stl"/>
        <mesh name="D_221_17" file="objects/D_221/D_221_17.stl"/>
        <mesh name="D_221_18" file="objects/D_221/D_221_18.stl"/>
        <mesh name="D_221_19" file="objects/D_221/D_221_19.stl"/>
        <mesh name="D_221_20" file="objects/D_221/D_221_20.stl"/>
        <mesh name="D_221_21" file="objects/D_221/D_221_21.stl"/>
        <mesh name="D_221_22" file="objects/D_221/D_221_22.stl"/>
        <mesh name="D_221_23" file="objects/D_221/D_221_23.stl"/>
        <mesh name="D_221_24" file="objects/D_221/D_221_24.stl"/>
        <mesh name="D_221_25" file="objects/D_221/D_221_25.stl"/>
        <mesh name="D_221_26" file="objects/D_221/D_221_26.stl"/>
        <mesh name="D_221_27" file="objects/D_221/D_221_27.stl"/>
        <mesh name="D_221_28" file="objects/D_221/D_221_28.stl"/>
        <mesh name="D_221_29" file="objects/D_221/D_221_29.stl"/>
        <mesh name="D_221_30" file="objects/D_221/D_221_30.stl"/>
        <mesh name="D_221_31" file="objects/D_221/D_221_31.stl"/>
        <mesh name="D_221_32" file="objects/D_221/D_221_32.stl"/>
        <mesh name="D_221_33" file="objects/D_221/D_221_33.stl"/>
        <mesh name="D_221_34" file="objects/D_221/D_221_34.stl"/>
        <mesh name="D_221_35" file="objects/D_221/D_221_35.stl"/>
        <mesh name="D_221_36" file="objects/D_221/D_221_36.stl"/>
        <mesh name="D_221_37" file="objects/D_221/D_221_37.stl"/>
        <mesh name="D_221_38" file="objects/D_221/D_221_38.stl"/>
        <mesh name="D_221_39" file="objects/D_221/D_221_39.stl"/>
        <mesh name="D_221_40" file="objects/D_221/D_221_40.stl"/>
        <mesh name="D_221_41" file="objects/D_221/D_221_41.stl"/>
        <mesh name="D_221_42" file="objects/D_221/D_221_42.stl"/>
        <mesh name="D_221_43" file="objects/D_221/D_221_43.stl"/>
        <mesh name="D_221_44" file="objects/D_221/D_221_44.stl"/>
        <mesh name="D_221_45" file="objects/D_221/D_221_45.stl"/>
        <mesh name="D_221_46" file="objects/D_221/D_221_46.stl"/>
        <mesh name="D_221_47" file="objects/D_221/D_221_47.stl"/>
        <mesh name="D_221_48" file="objects/D_221/D_221_48.stl"/>
        <mesh name="D_221_49" file="objects/D_221/D_221_49.stl"/>
        <mesh name="D_221_50" file="objects/D_221/D_221_50.stl"/>
        <mesh name="D_221_51" file="objects/D_221/D_221_51.stl"/>
        <mesh name="D_221_52" file="objects/D_221/D_221_52.stl"/>
        <mesh name="D_221_53" file="objects/D_221/D_221_53.stl"/>
        <mesh name="D_221_54" file="objects/D_221/D_221_54.stl"/>
        <mesh name="D_221_55" file="objects/D_221/D_221_55.stl"/>
        <mesh name="D_221_56" file="objects/D_221/D_221_56.stl"/>
        <mesh name="D_221_57" file="objects/D_221/D_221_57.stl"/>
        <mesh name="D_221_58" file="objects/D_221/D_221_58.stl"/>
        <mesh name="D_221_59" file="objects/D_221/D_221_59.stl"/>
        <mesh name="D_221_60" file="objects/D_221/D_221_60.stl"/>
        <mesh name="D_221_61" file="objects/D_221/D_221_61.stl"/>
        <mesh name="D_221_62" file="objects/D_221/D_221_62.stl"/>
        <mesh name="D_221_63" file="objects/D_221/D_221_63.stl"/>
        <mesh name="D_221_64" file="objects/D_221/D_221_64.stl"/>
        <mesh name="D_221_65" file="objects/D_221/D_221_65.stl"/>
        <mesh name="D_221_66" file="objects/D_221/D_221_66.stl"/>
        <mesh name="D_221_67" file="objects/D_221/D_221_67.stl"/>
        <mesh name="D_221_68" file="objects/D_221/D_221_68.stl"/>
        <mesh name="D_221_69" file="objects/D_221/D_221_69.stl"/>
        <mesh name="D_221_70" file="objects/D_221/D_221_70.stl"/>
        <mesh name="D_221_71" file="objects/D_221/D_221_71.stl"/>
        <mesh name="D_221_72" file="objects/D_221/D_221_72.stl"/>
        <mesh name="D_221_73" file="objects/D_221/D_221_73.stl"/>
        <mesh name="D_221_74" file="objects/D_221/D_221_74.stl"/>
        <mesh name="D_221_75" file="objects/D_221/D_221_75.stl"/>
        <mesh name="D_221_76" file="objects/D_221/D_221_76.stl"/>
        <mesh name="D_221_visual" file="objects/D_221/D_221_full.stl"/>
    </asset>
</mujoco>