<mujoco>
    <asset>
        <mesh name="D_42_1" file="objects/D_42/D_42_1.stl"/>
        <mesh name="D_42_2" file="objects/D_42/D_42_2.stl"/>
        <mesh name="D_42_3" file="objects/D_42/D_42_3.stl"/>
        <mesh name="D_42_4" file="objects/D_42/D_42_4.stl"/>
        <mesh name="D_42_5" file="objects/D_42/D_42_5.stl"/>
        <mesh name="D_42_6" file="objects/D_42/D_42_6.stl"/>
        <mesh name="D_42_7" file="objects/D_42/D_42_7.stl"/>
        <mesh name="D_42_8" file="objects/D_42/D_42_8.stl"/>
        <mesh name="D_42_9" file="objects/D_42/D_42_9.stl"/>
        <mesh name="D_42_10" file="objects/D_42/D_42_10.stl"/>
        <mesh name="D_42_11" file="objects/D_42/D_42_11.stl"/>
        <mesh name="D_42_12" file="objects/D_42/D_42_12.stl"/>
        <mesh name="D_42_13" file="objects/D_42/D_42_13.stl"/>
        <mesh name="D_42_14" file="objects/D_42/D_42_14.stl"/>
        <mesh name="D_42_15" file="objects/D_42/D_42_15.stl"/>
        <mesh name="D_42_16" file="objects/D_42/D_42_16.stl"/>
        <mesh name="D_42_17" file="objects/D_42/D_42_17.stl"/>
        <mesh name="D_42_18" file="objects/D_42/D_42_18.stl"/>
        <mesh name="D_42_19" file="objects/D_42/D_42_19.stl"/>
        <mesh name="D_42_20" file="objects/D_42/D_42_20.stl"/>
        <mesh name="D_42_21" file="objects/D_42/D_42_21.stl"/>
        <mesh name="D_42_22" file="objects/D_42/D_42_22.stl"/>
        <mesh name="D_42_23" file="objects/D_42/D_42_23.stl"/>
        <mesh name="D_42_24" file="objects/D_42/D_42_24.stl"/>
        <mesh name="D_42_25" file="objects/D_42/D_42_25.stl"/>
        <mesh name="D_42_26" file="objects/D_42/D_42_26.stl"/>
        <mesh name="D_42_27" file="objects/D_42/D_42_27.stl"/>
        <mesh name="D_42_28" file="objects/D_42/D_42_28.stl"/>
        <mesh name="D_42_29" file="objects/D_42/D_42_29.stl"/>
        <mesh name="D_42_30" file="objects/D_42/D_42_30.stl"/>
        <mesh name="D_42_31" file="objects/D_42/D_42_31.stl"/>
        <mesh name="D_42_32" file="objects/D_42/D_42_32.stl"/>
        <mesh name="D_42_visual" file="objects/D_42/D_42_full.stl"/>
    </asset>
</mujoco>