<mujoco>
    <asset>
        <mesh name="D_220_1" file="objects/D_220/D_220_1.stl"/>
        <mesh name="D_220_2" file="objects/D_220/D_220_2.stl"/>
        <mesh name="D_220_3" file="objects/D_220/D_220_3.stl"/>
        <mesh name="D_220_4" file="objects/D_220/D_220_4.stl"/>
        <mesh name="D_220_5" file="objects/D_220/D_220_5.stl"/>
        <mesh name="D_220_6" file="objects/D_220/D_220_6.stl"/>
        <mesh name="D_220_7" file="objects/D_220/D_220_7.stl"/>
        <mesh name="D_220_8" file="objects/D_220/D_220_8.stl"/>
        <mesh name="D_220_9" file="objects/D_220/D_220_9.stl"/>
        <mesh name="D_220_10" file="objects/D_220/D_220_10.stl"/>
        <mesh name="D_220_11" file="objects/D_220/D_220_11.stl"/>
        <mesh name="D_220_12" file="objects/D_220/D_220_12.stl"/>
        <mesh name="D_220_13" file="objects/D_220/D_220_13.stl"/>
        <mesh name="D_220_14" file="objects/D_220/D_220_14.stl"/>
        <mesh name="D_220_15" file="objects/D_220/D_220_15.stl"/>
        <mesh name="D_220_16" file="objects/D_220/D_220_16.stl"/>
        <mesh name="D_220_17" file="objects/D_220/D_220_17.stl"/>
        <mesh name="D_220_18" file="objects/D_220/D_220_18.stl"/>
        <mesh name="D_220_19" file="objects/D_220/D_220_19.stl"/>
        <mesh name="D_220_20" file="objects/D_220/D_220_20.stl"/>
        <mesh name="D_220_21" file="objects/D_220/D_220_21.stl"/>
        <mesh name="D_220_22" file="objects/D_220/D_220_22.stl"/>
        <mesh name="D_220_23" file="objects/D_220/D_220_23.stl"/>
        <mesh name="D_220_24" file="objects/D_220/D_220_24.stl"/>
        <mesh name="D_220_25" file="objects/D_220/D_220_25.stl"/>
        <mesh name="D_220_26" file="objects/D_220/D_220_26.stl"/>
        <mesh name="D_220_27" file="objects/D_220/D_220_27.stl"/>
        <mesh name="D_220_28" file="objects/D_220/D_220_28.stl"/>
        <mesh name="D_220_29" file="objects/D_220/D_220_29.stl"/>
        <mesh name="D_220_30" file="objects/D_220/D_220_30.stl"/>
        <mesh name="D_220_31" file="objects/D_220/D_220_31.stl"/>
        <mesh name="D_220_32" file="objects/D_220/D_220_32.stl"/>
        <mesh name="D_220_33" file="objects/D_220/D_220_33.stl"/>
        <mesh name="D_220_34" file="objects/D_220/D_220_34.stl"/>
        <mesh name="D_220_35" file="objects/D_220/D_220_35.stl"/>
        <mesh name="D_220_36" file="objects/D_220/D_220_36.stl"/>
        <mesh name="D_220_37" file="objects/D_220/D_220_37.stl"/>
        <mesh name="D_220_38" file="objects/D_220/D_220_38.stl"/>
        <mesh name="D_220_39" file="objects/D_220/D_220_39.stl"/>
        <mesh name="D_220_40" file="objects/D_220/D_220_40.stl"/>
        <mesh name="D_220_41" file="objects/D_220/D_220_41.stl"/>
        <mesh name="D_220_42" file="objects/D_220/D_220_42.stl"/>
        <mesh name="D_220_43" file="objects/D_220/D_220_43.stl"/>
        <mesh name="D_220_44" file="objects/D_220/D_220_44.stl"/>
        <mesh name="D_220_45" file="objects/D_220/D_220_45.stl"/>
        <mesh name="D_220_46" file="objects/D_220/D_220_46.stl"/>
        <mesh name="D_220_47" file="objects/D_220/D_220_47.stl"/>
        <mesh name="D_220_48" file="objects/D_220/D_220_48.stl"/>
        <mesh name="D_220_49" file="objects/D_220/D_220_49.stl"/>
        <mesh name="D_220_50" file="objects/D_220/D_220_50.stl"/>
        <mesh name="D_220_51" file="objects/D_220/D_220_51.stl"/>
        <mesh name="D_220_52" file="objects/D_220/D_220_52.stl"/>
        <mesh name="D_220_53" file="objects/D_220/D_220_53.stl"/>
        <mesh name="D_220_54" file="objects/D_220/D_220_54.stl"/>
        <mesh name="D_220_55" file="objects/D_220/D_220_55.stl"/>
        <mesh name="D_220_56" file="objects/D_220/D_220_56.stl"/>
        <mesh name="D_220_57" file="objects/D_220/D_220_57.stl"/>
        <mesh name="D_220_58" file="objects/D_220/D_220_58.stl"/>
        <mesh name="D_220_59" file="objects/D_220/D_220_59.stl"/>
        <mesh name="D_220_60" file="objects/D_220/D_220_60.stl"/>
        <mesh name="D_220_61" file="objects/D_220/D_220_61.stl"/>
        <mesh name="D_220_62" file="objects/D_220/D_220_62.stl"/>
        <mesh name="D_220_63" file="objects/D_220/D_220_63.stl"/>
        <mesh name="D_220_64" file="objects/D_220/D_220_64.stl"/>
        <mesh name="D_220_65" file="objects/D_220/D_220_65.stl"/>
        <mesh name="D_220_66" file="objects/D_220/D_220_66.stl"/>
        <mesh name="D_220_67" file="objects/D_220/D_220_67.stl"/>
        <mesh name="D_220_68" file="objects/D_220/D_220_68.stl"/>
        <mesh name="D_220_69" file="objects/D_220/D_220_69.stl"/>
        <mesh name="D_220_70" file="objects/D_220/D_220_70.stl"/>
        <mesh name="D_220_71" file="objects/D_220/D_220_71.stl"/>
        <mesh name="D_220_visual" file="objects/D_220/D_220_full.stl"/>
    </asset>
</mujoco>