<mujoco>
    <asset>
        <mesh name="D_182_1" file="objects/D_182/D_182_1.stl"/>
        <mesh name="D_182_2" file="objects/D_182/D_182_2.stl"/>
        <mesh name="D_182_3" file="objects/D_182/D_182_3.stl"/>
        <mesh name="D_182_4" file="objects/D_182/D_182_4.stl"/>
        <mesh name="D_182_5" file="objects/D_182/D_182_5.stl"/>
        <mesh name="D_182_6" file="objects/D_182/D_182_6.stl"/>
        <mesh name="D_182_7" file="objects/D_182/D_182_7.stl"/>
        <mesh name="D_182_8" file="objects/D_182/D_182_8.stl"/>
        <mesh name="D_182_9" file="objects/D_182/D_182_9.stl"/>
        <mesh name="D_182_10" file="objects/D_182/D_182_10.stl"/>
        <mesh name="D_182_11" file="objects/D_182/D_182_11.stl"/>
        <mesh name="D_182_12" file="objects/D_182/D_182_12.stl"/>
        <mesh name="D_182_13" file="objects/D_182/D_182_13.stl"/>
        <mesh name="D_182_14" file="objects/D_182/D_182_14.stl"/>
        <mesh name="D_182_15" file="objects/D_182/D_182_15.stl"/>
        <mesh name="D_182_16" file="objects/D_182/D_182_16.stl"/>
        <mesh name="D_182_17" file="objects/D_182/D_182_17.stl"/>
        <mesh name="D_182_18" file="objects/D_182/D_182_18.stl"/>
        <mesh name="D_182_19" file="objects/D_182/D_182_19.stl"/>
        <mesh name="D_182_20" file="objects/D_182/D_182_20.stl"/>
        <mesh name="D_182_21" file="objects/D_182/D_182_21.stl"/>
        <mesh name="D_182_22" file="objects/D_182/D_182_22.stl"/>
        <mesh name="D_182_23" file="objects/D_182/D_182_23.stl"/>
        <mesh name="D_182_24" file="objects/D_182/D_182_24.stl"/>
        <mesh name="D_182_25" file="objects/D_182/D_182_25.stl"/>
        <mesh name="D_182_26" file="objects/D_182/D_182_26.stl"/>
        <mesh name="D_182_27" file="objects/D_182/D_182_27.stl"/>
        <mesh name="D_182_28" file="objects/D_182/D_182_28.stl"/>
        <mesh name="D_182_29" file="objects/D_182/D_182_29.stl"/>
        <mesh name="D_182_30" file="objects/D_182/D_182_30.stl"/>
        <mesh name="D_182_31" file="objects/D_182/D_182_31.stl"/>
        <mesh name="D_182_32" file="objects/D_182/D_182_32.stl"/>
        <mesh name="D_182_33" file="objects/D_182/D_182_33.stl"/>
        <mesh name="D_182_34" file="objects/D_182/D_182_34.stl"/>
        <mesh name="D_182_35" file="objects/D_182/D_182_35.stl"/>
        <mesh name="D_182_36" file="objects/D_182/D_182_36.stl"/>
        <mesh name="D_182_37" file="objects/D_182/D_182_37.stl"/>
        <mesh name="D_182_38" file="objects/D_182/D_182_38.stl"/>
        <mesh name="D_182_39" file="objects/D_182/D_182_39.stl"/>
        <mesh name="D_182_40" file="objects/D_182/D_182_40.stl"/>
        <mesh name="D_182_41" file="objects/D_182/D_182_41.stl"/>
        <mesh name="D_182_42" file="objects/D_182/D_182_42.stl"/>
        <mesh name="D_182_43" file="objects/D_182/D_182_43.stl"/>
        <mesh name="D_182_44" file="objects/D_182/D_182_44.stl"/>
        <mesh name="D_182_45" file="objects/D_182/D_182_45.stl"/>
        <mesh name="D_182_46" file="objects/D_182/D_182_46.stl"/>
        <mesh name="D_182_47" file="objects/D_182/D_182_47.stl"/>
        <mesh name="D_182_48" file="objects/D_182/D_182_48.stl"/>
        <mesh name="D_182_49" file="objects/D_182/D_182_49.stl"/>
        <mesh name="D_182_50" file="objects/D_182/D_182_50.stl"/>
        <mesh name="D_182_51" file="objects/D_182/D_182_51.stl"/>
        <mesh name="D_182_52" file="objects/D_182/D_182_52.stl"/>
        <mesh name="D_182_53" file="objects/D_182/D_182_53.stl"/>
        <mesh name="D_182_54" file="objects/D_182/D_182_54.stl"/>
        <mesh name="D_182_55" file="objects/D_182/D_182_55.stl"/>
        <mesh name="D_182_56" file="objects/D_182/D_182_56.stl"/>
        <mesh name="D_182_57" file="objects/D_182/D_182_57.stl"/>
        <mesh name="D_182_58" file="objects/D_182/D_182_58.stl"/>
        <mesh name="D_182_59" file="objects/D_182/D_182_59.stl"/>
        <mesh name="D_182_60" file="objects/D_182/D_182_60.stl"/>
        <mesh name="D_182_61" file="objects/D_182/D_182_61.stl"/>
        <mesh name="D_182_62" file="objects/D_182/D_182_62.stl"/>
        <mesh name="D_182_63" file="objects/D_182/D_182_63.stl"/>
        <mesh name="D_182_64" file="objects/D_182/D_182_64.stl"/>
        <mesh name="D_182_65" file="objects/D_182/D_182_65.stl"/>
        <mesh name="D_182_66" file="objects/D_182/D_182_66.stl"/>
        <mesh name="D_182_67" file="objects/D_182/D_182_67.stl"/>
        <mesh name="D_182_68" file="objects/D_182/D_182_68.stl"/>
        <mesh name="D_182_69" file="objects/D_182/D_182_69.stl"/>
        <mesh name="D_182_70" file="objects/D_182/D_182_70.stl"/>
        <mesh name="D_182_71" file="objects/D_182/D_182_71.stl"/>
        <mesh name="D_182_72" file="objects/D_182/D_182_72.stl"/>
        <mesh name="D_182_73" file="objects/D_182/D_182_73.stl"/>
        <mesh name="D_182_74" file="objects/D_182/D_182_74.stl"/>
        <mesh name="D_182_75" file="objects/D_182/D_182_75.stl"/>
        <mesh name="D_182_76" file="objects/D_182/D_182_76.stl"/>
        <mesh name="D_182_77" file="objects/D_182/D_182_77.stl"/>
        <mesh name="D_182_78" file="objects/D_182/D_182_78.stl"/>
        <mesh name="D_182_79" file="objects/D_182/D_182_79.stl"/>
        <mesh name="D_182_80" file="objects/D_182/D_182_80.stl"/>
        <mesh name="D_182_81" file="objects/D_182/D_182_81.stl"/>
        <mesh name="D_182_82" file="objects/D_182/D_182_82.stl"/>
        <mesh name="D_182_83" file="objects/D_182/D_182_83.stl"/>
        <mesh name="D_182_84" file="objects/D_182/D_182_84.stl"/>
        <mesh name="D_182_85" file="objects/D_182/D_182_85.stl"/>
        <mesh name="D_182_86" file="objects/D_182/D_182_86.stl"/>
        <mesh name="D_182_87" file="objects/D_182/D_182_87.stl"/>
        <mesh name="D_182_88" file="objects/D_182/D_182_88.stl"/>
        <mesh name="D_182_89" file="objects/D_182/D_182_89.stl"/>
        <mesh name="D_182_90" file="objects/D_182/D_182_90.stl"/>
        <mesh name="D_182_91" file="objects/D_182/D_182_91.stl"/>
        <mesh name="D_182_92" file="objects/D_182/D_182_92.stl"/>
        <mesh name="D_182_93" file="objects/D_182/D_182_93.stl"/>
        <mesh name="D_182_94" file="objects/D_182/D_182_94.stl"/>
        <mesh name="D_182_95" file="objects/D_182/D_182_95.stl"/>
        <mesh name="D_182_96" file="objects/D_182/D_182_96.stl"/>
        <mesh name="D_182_97" file="objects/D_182/D_182_97.stl"/>
        <mesh name="D_182_visual" file="objects/D_182/D_182_full.stl"/>
    </asset>
</mujoco>