<mujoco>
    <asset>
        <mesh name="D_136_1" file="objects/D_136/D_136_1.stl"/>
        <mesh name="D_136_2" file="objects/D_136/D_136_2.stl"/>
        <mesh name="D_136_3" file="objects/D_136/D_136_3.stl"/>
        <mesh name="D_136_4" file="objects/D_136/D_136_4.stl"/>
        <mesh name="D_136_5" file="objects/D_136/D_136_5.stl"/>
        <mesh name="D_136_6" file="objects/D_136/D_136_6.stl"/>
        <mesh name="D_136_7" file="objects/D_136/D_136_7.stl"/>
        <mesh name="D_136_8" file="objects/D_136/D_136_8.stl"/>
        <mesh name="D_136_9" file="objects/D_136/D_136_9.stl"/>
        <mesh name="D_136_10" file="objects/D_136/D_136_10.stl"/>
        <mesh name="D_136_11" file="objects/D_136/D_136_11.stl"/>
        <mesh name="D_136_12" file="objects/D_136/D_136_12.stl"/>
        <mesh name="D_136_13" file="objects/D_136/D_136_13.stl"/>
        <mesh name="D_136_14" file="objects/D_136/D_136_14.stl"/>
        <mesh name="D_136_15" file="objects/D_136/D_136_15.stl"/>
        <mesh name="D_136_16" file="objects/D_136/D_136_16.stl"/>
        <mesh name="D_136_17" file="objects/D_136/D_136_17.stl"/>
        <mesh name="D_136_18" file="objects/D_136/D_136_18.stl"/>
        <mesh name="D_136_19" file="objects/D_136/D_136_19.stl"/>
        <mesh name="D_136_20" file="objects/D_136/D_136_20.stl"/>
        <mesh name="D_136_21" file="objects/D_136/D_136_21.stl"/>
        <mesh name="D_136_22" file="objects/D_136/D_136_22.stl"/>
        <mesh name="D_136_23" file="objects/D_136/D_136_23.stl"/>
        <mesh name="D_136_24" file="objects/D_136/D_136_24.stl"/>
        <mesh name="D_136_25" file="objects/D_136/D_136_25.stl"/>
        <mesh name="D_136_26" file="objects/D_136/D_136_26.stl"/>
        <mesh name="D_136_27" file="objects/D_136/D_136_27.stl"/>
        <mesh name="D_136_28" file="objects/D_136/D_136_28.stl"/>
        <mesh name="D_136_29" file="objects/D_136/D_136_29.stl"/>
        <mesh name="D_136_30" file="objects/D_136/D_136_30.stl"/>
        <mesh name="D_136_31" file="objects/D_136/D_136_31.stl"/>
        <mesh name="D_136_32" file="objects/D_136/D_136_32.stl"/>
        <mesh name="D_136_33" file="objects/D_136/D_136_33.stl"/>
        <mesh name="D_136_34" file="objects/D_136/D_136_34.stl"/>
        <mesh name="D_136_35" file="objects/D_136/D_136_35.stl"/>
        <mesh name="D_136_36" file="objects/D_136/D_136_36.stl"/>
        <mesh name="D_136_37" file="objects/D_136/D_136_37.stl"/>
        <mesh name="D_136_38" file="objects/D_136/D_136_38.stl"/>
        <mesh name="D_136_39" file="objects/D_136/D_136_39.stl"/>
        <mesh name="D_136_40" file="objects/D_136/D_136_40.stl"/>
        <mesh name="D_136_41" file="objects/D_136/D_136_41.stl"/>
        <mesh name="D_136_42" file="objects/D_136/D_136_42.stl"/>
        <mesh name="D_136_43" file="objects/D_136/D_136_43.stl"/>
        <mesh name="D_136_44" file="objects/D_136/D_136_44.stl"/>
        <mesh name="D_136_45" file="objects/D_136/D_136_45.stl"/>
        <mesh name="D_136_46" file="objects/D_136/D_136_46.stl"/>
        <mesh name="D_136_47" file="objects/D_136/D_136_47.stl"/>
        <mesh name="D_136_48" file="objects/D_136/D_136_48.stl"/>
        <mesh name="D_136_49" file="objects/D_136/D_136_49.stl"/>
        <mesh name="D_136_50" file="objects/D_136/D_136_50.stl"/>
        <mesh name="D_136_51" file="objects/D_136/D_136_51.stl"/>
        <mesh name="D_136_52" file="objects/D_136/D_136_52.stl"/>
        <mesh name="D_136_53" file="objects/D_136/D_136_53.stl"/>
        <mesh name="D_136_54" file="objects/D_136/D_136_54.stl"/>
        <mesh name="D_136_55" file="objects/D_136/D_136_55.stl"/>
        <mesh name="D_136_visual" file="objects/D_136/D_136_full.stl"/>
    </asset>
</mujoco>