<mujoco>
    <asset>
        <mesh name="D_49_1" file="objects/D_49/D_49_1.stl"/>
        <mesh name="D_49_2" file="objects/D_49/D_49_2.stl"/>
        <mesh name="D_49_3" file="objects/D_49/D_49_3.stl"/>
        <mesh name="D_49_4" file="objects/D_49/D_49_4.stl"/>
        <mesh name="D_49_5" file="objects/D_49/D_49_5.stl"/>
        <mesh name="D_49_6" file="objects/D_49/D_49_6.stl"/>
        <mesh name="D_49_7" file="objects/D_49/D_49_7.stl"/>
        <mesh name="D_49_8" file="objects/D_49/D_49_8.stl"/>
        <mesh name="D_49_9" file="objects/D_49/D_49_9.stl"/>
        <mesh name="D_49_10" file="objects/D_49/D_49_10.stl"/>
        <mesh name="D_49_11" file="objects/D_49/D_49_11.stl"/>
        <mesh name="D_49_12" file="objects/D_49/D_49_12.stl"/>
        <mesh name="D_49_13" file="objects/D_49/D_49_13.stl"/>
        <mesh name="D_49_14" file="objects/D_49/D_49_14.stl"/>
        <mesh name="D_49_15" file="objects/D_49/D_49_15.stl"/>
        <mesh name="D_49_16" file="objects/D_49/D_49_16.stl"/>
        <mesh name="D_49_17" file="objects/D_49/D_49_17.stl"/>
        <mesh name="D_49_18" file="objects/D_49/D_49_18.stl"/>
        <mesh name="D_49_19" file="objects/D_49/D_49_19.stl"/>
        <mesh name="D_49_20" file="objects/D_49/D_49_20.stl"/>
        <mesh name="D_49_21" file="objects/D_49/D_49_21.stl"/>
        <mesh name="D_49_22" file="objects/D_49/D_49_22.stl"/>
        <mesh name="D_49_23" file="objects/D_49/D_49_23.stl"/>
        <mesh name="D_49_24" file="objects/D_49/D_49_24.stl"/>
        <mesh name="D_49_25" file="objects/D_49/D_49_25.stl"/>
        <mesh name="D_49_26" file="objects/D_49/D_49_26.stl"/>
        <mesh name="D_49_27" file="objects/D_49/D_49_27.stl"/>
        <mesh name="D_49_28" file="objects/D_49/D_49_28.stl"/>
        <mesh name="D_49_29" file="objects/D_49/D_49_29.stl"/>
        <mesh name="D_49_30" file="objects/D_49/D_49_30.stl"/>
        <mesh name="D_49_31" file="objects/D_49/D_49_31.stl"/>
        <mesh name="D_49_visual" file="objects/D_49/D_49_full.stl"/>
    </asset>
</mujoco>