<mujoco>
    <asset>
        <mesh name="D_109_1" file="objects/D_109/D_109_1.stl"/>
        <mesh name="D_109_2" file="objects/D_109/D_109_2.stl"/>
        <mesh name="D_109_3" file="objects/D_109/D_109_3.stl"/>
        <mesh name="D_109_4" file="objects/D_109/D_109_4.stl"/>
        <mesh name="D_109_5" file="objects/D_109/D_109_5.stl"/>
        <mesh name="D_109_6" file="objects/D_109/D_109_6.stl"/>
        <mesh name="D_109_7" file="objects/D_109/D_109_7.stl"/>
        <mesh name="D_109_8" file="objects/D_109/D_109_8.stl"/>
        <mesh name="D_109_9" file="objects/D_109/D_109_9.stl"/>
        <mesh name="D_109_10" file="objects/D_109/D_109_10.stl"/>
        <mesh name="D_109_11" file="objects/D_109/D_109_11.stl"/>
        <mesh name="D_109_12" file="objects/D_109/D_109_12.stl"/>
        <mesh name="D_109_13" file="objects/D_109/D_109_13.stl"/>
        <mesh name="D_109_14" file="objects/D_109/D_109_14.stl"/>
        <mesh name="D_109_15" file="objects/D_109/D_109_15.stl"/>
        <mesh name="D_109_16" file="objects/D_109/D_109_16.stl"/>
        <mesh name="D_109_17" file="objects/D_109/D_109_17.stl"/>
        <mesh name="D_109_18" file="objects/D_109/D_109_18.stl"/>
        <mesh name="D_109_19" file="objects/D_109/D_109_19.stl"/>
        <mesh name="D_109_20" file="objects/D_109/D_109_20.stl"/>
        <mesh name="D_109_21" file="objects/D_109/D_109_21.stl"/>
        <mesh name="D_109_22" file="objects/D_109/D_109_22.stl"/>
        <mesh name="D_109_23" file="objects/D_109/D_109_23.stl"/>
        <mesh name="D_109_24" file="objects/D_109/D_109_24.stl"/>
        <mesh name="D_109_25" file="objects/D_109/D_109_25.stl"/>
        <mesh name="D_109_26" file="objects/D_109/D_109_26.stl"/>
        <mesh name="D_109_27" file="objects/D_109/D_109_27.stl"/>
        <mesh name="D_109_28" file="objects/D_109/D_109_28.stl"/>
        <mesh name="D_109_29" file="objects/D_109/D_109_29.stl"/>
        <mesh name="D_109_30" file="objects/D_109/D_109_30.stl"/>
        <mesh name="D_109_31" file="objects/D_109/D_109_31.stl"/>
        <mesh name="D_109_32" file="objects/D_109/D_109_32.stl"/>
        <mesh name="D_109_33" file="objects/D_109/D_109_33.stl"/>
        <mesh name="D_109_34" file="objects/D_109/D_109_34.stl"/>
        <mesh name="D_109_35" file="objects/D_109/D_109_35.stl"/>
        <mesh name="D_109_36" file="objects/D_109/D_109_36.stl"/>
        <mesh name="D_109_37" file="objects/D_109/D_109_37.stl"/>
        <mesh name="D_109_38" file="objects/D_109/D_109_38.stl"/>
        <mesh name="D_109_39" file="objects/D_109/D_109_39.stl"/>
        <mesh name="D_109_40" file="objects/D_109/D_109_40.stl"/>
        <mesh name="D_109_41" file="objects/D_109/D_109_41.stl"/>
        <mesh name="D_109_42" file="objects/D_109/D_109_42.stl"/>
        <mesh name="D_109_43" file="objects/D_109/D_109_43.stl"/>
        <mesh name="D_109_44" file="objects/D_109/D_109_44.stl"/>
        <mesh name="D_109_45" file="objects/D_109/D_109_45.stl"/>
        <mesh name="D_109_46" file="objects/D_109/D_109_46.stl"/>
        <mesh name="D_109_47" file="objects/D_109/D_109_47.stl"/>
        <mesh name="D_109_48" file="objects/D_109/D_109_48.stl"/>
        <mesh name="D_109_49" file="objects/D_109/D_109_49.stl"/>
        <mesh name="D_109_50" file="objects/D_109/D_109_50.stl"/>
        <mesh name="D_109_51" file="objects/D_109/D_109_51.stl"/>
        <mesh name="D_109_52" file="objects/D_109/D_109_52.stl"/>
        <mesh name="D_109_53" file="objects/D_109/D_109_53.stl"/>
        <mesh name="D_109_54" file="objects/D_109/D_109_54.stl"/>
        <mesh name="D_109_55" file="objects/D_109/D_109_55.stl"/>
        <mesh name="D_109_56" file="objects/D_109/D_109_56.stl"/>
        <mesh name="D_109_57" file="objects/D_109/D_109_57.stl"/>
        <mesh name="D_109_58" file="objects/D_109/D_109_58.stl"/>
        <mesh name="D_109_59" file="objects/D_109/D_109_59.stl"/>
        <mesh name="D_109_60" file="objects/D_109/D_109_60.stl"/>
        <mesh name="D_109_61" file="objects/D_109/D_109_61.stl"/>
        <mesh name="D_109_62" file="objects/D_109/D_109_62.stl"/>
        <mesh name="D_109_63" file="objects/D_109/D_109_63.stl"/>
        <mesh name="D_109_64" file="objects/D_109/D_109_64.stl"/>
        <mesh name="D_109_65" file="objects/D_109/D_109_65.stl"/>
        <mesh name="D_109_66" file="objects/D_109/D_109_66.stl"/>
        <mesh name="D_109_67" file="objects/D_109/D_109_67.stl"/>
        <mesh name="D_109_68" file="objects/D_109/D_109_68.stl"/>
        <mesh name="D_109_69" file="objects/D_109/D_109_69.stl"/>
        <mesh name="D_109_70" file="objects/D_109/D_109_70.stl"/>
        <mesh name="D_109_71" file="objects/D_109/D_109_71.stl"/>
        <mesh name="D_109_72" file="objects/D_109/D_109_72.stl"/>
        <mesh name="D_109_73" file="objects/D_109/D_109_73.stl"/>
        <mesh name="D_109_74" file="objects/D_109/D_109_74.stl"/>
        <mesh name="D_109_75" file="objects/D_109/D_109_75.stl"/>
        <mesh name="D_109_76" file="objects/D_109/D_109_76.stl"/>
        <mesh name="D_109_77" file="objects/D_109/D_109_77.stl"/>
        <mesh name="D_109_78" file="objects/D_109/D_109_78.stl"/>
        <mesh name="D_109_79" file="objects/D_109/D_109_79.stl"/>
        <mesh name="D_109_80" file="objects/D_109/D_109_80.stl"/>
        <mesh name="D_109_81" file="objects/D_109/D_109_81.stl"/>
        <mesh name="D_109_82" file="objects/D_109/D_109_82.stl"/>
        <mesh name="D_109_83" file="objects/D_109/D_109_83.stl"/>
        <mesh name="D_109_84" file="objects/D_109/D_109_84.stl"/>
        <mesh name="D_109_85" file="objects/D_109/D_109_85.stl"/>
        <mesh name="D_109_86" file="objects/D_109/D_109_86.stl"/>
        <mesh name="D_109_87" file="objects/D_109/D_109_87.stl"/>
        <mesh name="D_109_88" file="objects/D_109/D_109_88.stl"/>
        <mesh name="D_109_89" file="objects/D_109/D_109_89.stl"/>
        <mesh name="D_109_90" file="objects/D_109/D_109_90.stl"/>
        <mesh name="D_109_91" file="objects/D_109/D_109_91.stl"/>
        <mesh name="D_109_92" file="objects/D_109/D_109_92.stl"/>
        <mesh name="D_109_93" file="objects/D_109/D_109_93.stl"/>
        <mesh name="D_109_94" file="objects/D_109/D_109_94.stl"/>
        <mesh name="D_109_95" file="objects/D_109/D_109_95.stl"/>
        <mesh name="D_109_96" file="objects/D_109/D_109_96.stl"/>
        <mesh name="D_109_97" file="objects/D_109/D_109_97.stl"/>
        <mesh name="D_109_98" file="objects/D_109/D_109_98.stl"/>
        <mesh name="D_109_99" file="objects/D_109/D_109_99.stl"/>
        <mesh name="D_109_100" file="objects/D_109/D_109_100.stl"/>
        <mesh name="D_109_101" file="objects/D_109/D_109_101.stl"/>
        <mesh name="D_109_102" file="objects/D_109/D_109_102.stl"/>
        <mesh name="D_109_103" file="objects/D_109/D_109_103.stl"/>
        <mesh name="D_109_104" file="objects/D_109/D_109_104.stl"/>
        <mesh name="D_109_105" file="objects/D_109/D_109_105.stl"/>
        <mesh name="D_109_106" file="objects/D_109/D_109_106.stl"/>
        <mesh name="D_109_107" file="objects/D_109/D_109_107.stl"/>
        <mesh name="D_109_108" file="objects/D_109/D_109_108.stl"/>
        <mesh name="D_109_109" file="objects/D_109/D_109_109.stl"/>
        <mesh name="D_109_110" file="objects/D_109/D_109_110.stl"/>
        <mesh name="D_109_111" file="objects/D_109/D_109_111.stl"/>
        <mesh name="D_109_112" file="objects/D_109/D_109_112.stl"/>
        <mesh name="D_109_113" file="objects/D_109/D_109_113.stl"/>
        <mesh name="D_109_114" file="objects/D_109/D_109_114.stl"/>
        <mesh name="D_109_115" file="objects/D_109/D_109_115.stl"/>
        <mesh name="D_109_116" file="objects/D_109/D_109_116.stl"/>
        <mesh name="D_109_visual" file="objects/D_109/D_109_full.stl"/>
    </asset>
</mujoco>