<mujoco>
    <asset>
        <mesh name="D_22_1" file="objects/D_22/D_22_1.stl"/>
        <mesh name="D_22_2" file="objects/D_22/D_22_2.stl"/>
        <mesh name="D_22_3" file="objects/D_22/D_22_3.stl"/>
        <mesh name="D_22_4" file="objects/D_22/D_22_4.stl"/>
        <mesh name="D_22_5" file="objects/D_22/D_22_5.stl"/>
        <mesh name="D_22_6" file="objects/D_22/D_22_6.stl"/>
        <mesh name="D_22_7" file="objects/D_22/D_22_7.stl"/>
        <mesh name="D_22_8" file="objects/D_22/D_22_8.stl"/>
        <mesh name="D_22_9" file="objects/D_22/D_22_9.stl"/>
        <mesh name="D_22_10" file="objects/D_22/D_22_10.stl"/>
        <mesh name="D_22_11" file="objects/D_22/D_22_11.stl"/>
        <mesh name="D_22_12" file="objects/D_22/D_22_12.stl"/>
        <mesh name="D_22_13" file="objects/D_22/D_22_13.stl"/>
        <mesh name="D_22_14" file="objects/D_22/D_22_14.stl"/>
        <mesh name="D_22_15" file="objects/D_22/D_22_15.stl"/>
        <mesh name="D_22_16" file="objects/D_22/D_22_16.stl"/>
        <mesh name="D_22_17" file="objects/D_22/D_22_17.stl"/>
        <mesh name="D_22_18" file="objects/D_22/D_22_18.stl"/>
        <mesh name="D_22_19" file="objects/D_22/D_22_19.stl"/>
        <mesh name="D_22_20" file="objects/D_22/D_22_20.stl"/>
        <mesh name="D_22_21" file="objects/D_22/D_22_21.stl"/>
        <mesh name="D_22_22" file="objects/D_22/D_22_22.stl"/>
        <mesh name="D_22_23" file="objects/D_22/D_22_23.stl"/>
        <mesh name="D_22_24" file="objects/D_22/D_22_24.stl"/>
        <mesh name="D_22_25" file="objects/D_22/D_22_25.stl"/>
        <mesh name="D_22_26" file="objects/D_22/D_22_26.stl"/>
        <mesh name="D_22_27" file="objects/D_22/D_22_27.stl"/>
        <mesh name="D_22_28" file="objects/D_22/D_22_28.stl"/>
        <mesh name="D_22_29" file="objects/D_22/D_22_29.stl"/>
        <mesh name="D_22_30" file="objects/D_22/D_22_30.stl"/>
        <mesh name="D_22_31" file="objects/D_22/D_22_31.stl"/>
        <mesh name="D_22_32" file="objects/D_22/D_22_32.stl"/>
        <mesh name="D_22_33" file="objects/D_22/D_22_33.stl"/>
        <mesh name="D_22_34" file="objects/D_22/D_22_34.stl"/>
        <mesh name="D_22_35" file="objects/D_22/D_22_35.stl"/>
        <mesh name="D_22_36" file="objects/D_22/D_22_36.stl"/>
        <mesh name="D_22_37" file="objects/D_22/D_22_37.stl"/>
        <mesh name="D_22_38" file="objects/D_22/D_22_38.stl"/>
        <mesh name="D_22_39" file="objects/D_22/D_22_39.stl"/>
        <mesh name="D_22_40" file="objects/D_22/D_22_40.stl"/>
        <mesh name="D_22_41" file="objects/D_22/D_22_41.stl"/>
        <mesh name="D_22_42" file="objects/D_22/D_22_42.stl"/>
        <mesh name="D_22_43" file="objects/D_22/D_22_43.stl"/>
        <mesh name="D_22_44" file="objects/D_22/D_22_44.stl"/>
        <mesh name="D_22_45" file="objects/D_22/D_22_45.stl"/>
        <mesh name="D_22_46" file="objects/D_22/D_22_46.stl"/>
        <mesh name="D_22_47" file="objects/D_22/D_22_47.stl"/>
        <mesh name="D_22_48" file="objects/D_22/D_22_48.stl"/>
        <mesh name="D_22_49" file="objects/D_22/D_22_49.stl"/>
        <mesh name="D_22_50" file="objects/D_22/D_22_50.stl"/>
        <mesh name="D_22_51" file="objects/D_22/D_22_51.stl"/>
        <mesh name="D_22_52" file="objects/D_22/D_22_52.stl"/>
        <mesh name="D_22_53" file="objects/D_22/D_22_53.stl"/>
        <mesh name="D_22_54" file="objects/D_22/D_22_54.stl"/>
        <mesh name="D_22_55" file="objects/D_22/D_22_55.stl"/>
        <mesh name="D_22_56" file="objects/D_22/D_22_56.stl"/>
        <mesh name="D_22_57" file="objects/D_22/D_22_57.stl"/>
        <mesh name="D_22_58" file="objects/D_22/D_22_58.stl"/>
        <mesh name="D_22_59" file="objects/D_22/D_22_59.stl"/>
        <mesh name="D_22_60" file="objects/D_22/D_22_60.stl"/>
        <mesh name="D_22_61" file="objects/D_22/D_22_61.stl"/>
        <mesh name="D_22_62" file="objects/D_22/D_22_62.stl"/>
        <mesh name="D_22_63" file="objects/D_22/D_22_63.stl"/>
        <mesh name="D_22_64" file="objects/D_22/D_22_64.stl"/>
        <mesh name="D_22_65" file="objects/D_22/D_22_65.stl"/>
        <mesh name="D_22_66" file="objects/D_22/D_22_66.stl"/>
        <mesh name="D_22_67" file="objects/D_22/D_22_67.stl"/>
        <mesh name="D_22_68" file="objects/D_22/D_22_68.stl"/>
        <mesh name="D_22_69" file="objects/D_22/D_22_69.stl"/>
        <mesh name="D_22_70" file="objects/D_22/D_22_70.stl"/>
        <mesh name="D_22_71" file="objects/D_22/D_22_71.stl"/>
        <mesh name="D_22_72" file="objects/D_22/D_22_72.stl"/>
        <mesh name="D_22_73" file="objects/D_22/D_22_73.stl"/>
        <mesh name="D_22_74" file="objects/D_22/D_22_74.stl"/>
        <mesh name="D_22_75" file="objects/D_22/D_22_75.stl"/>
        <mesh name="D_22_76" file="objects/D_22/D_22_76.stl"/>
        <mesh name="D_22_77" file="objects/D_22/D_22_77.stl"/>
        <mesh name="D_22_78" file="objects/D_22/D_22_78.stl"/>
        <mesh name="D_22_79" file="objects/D_22/D_22_79.stl"/>
        <mesh name="D_22_80" file="objects/D_22/D_22_80.stl"/>
        <mesh name="D_22_81" file="objects/D_22/D_22_81.stl"/>
        <mesh name="D_22_82" file="objects/D_22/D_22_82.stl"/>
        <mesh name="D_22_83" file="objects/D_22/D_22_83.stl"/>
        <mesh name="D_22_84" file="objects/D_22/D_22_84.stl"/>
        <mesh name="D_22_85" file="objects/D_22/D_22_85.stl"/>
        <mesh name="D_22_86" file="objects/D_22/D_22_86.stl"/>
        <mesh name="D_22_87" file="objects/D_22/D_22_87.stl"/>
        <mesh name="D_22_88" file="objects/D_22/D_22_88.stl"/>
        <mesh name="D_22_89" file="objects/D_22/D_22_89.stl"/>
        <mesh name="D_22_90" file="objects/D_22/D_22_90.stl"/>
        <mesh name="D_22_91" file="objects/D_22/D_22_91.stl"/>
        <mesh name="D_22_92" file="objects/D_22/D_22_92.stl"/>
        <mesh name="D_22_93" file="objects/D_22/D_22_93.stl"/>
        <mesh name="D_22_94" file="objects/D_22/D_22_94.stl"/>
        <mesh name="D_22_95" file="objects/D_22/D_22_95.stl"/>
        <mesh name="D_22_96" file="objects/D_22/D_22_96.stl"/>
        <mesh name="D_22_97" file="objects/D_22/D_22_97.stl"/>
        <mesh name="D_22_visual" file="objects/D_22/D_22_full.stl"/>
    </asset>
</mujoco>