<mujoco>
    <asset>
        <mesh name="D_140_1" file="objects/D_140/D_140_1.stl"/>
        <mesh name="D_140_2" file="objects/D_140/D_140_2.stl"/>
        <mesh name="D_140_3" file="objects/D_140/D_140_3.stl"/>
        <mesh name="D_140_4" file="objects/D_140/D_140_4.stl"/>
        <mesh name="D_140_5" file="objects/D_140/D_140_5.stl"/>
        <mesh name="D_140_6" file="objects/D_140/D_140_6.stl"/>
        <mesh name="D_140_7" file="objects/D_140/D_140_7.stl"/>
        <mesh name="D_140_8" file="objects/D_140/D_140_8.stl"/>
        <mesh name="D_140_9" file="objects/D_140/D_140_9.stl"/>
        <mesh name="D_140_10" file="objects/D_140/D_140_10.stl"/>
        <mesh name="D_140_11" file="objects/D_140/D_140_11.stl"/>
        <mesh name="D_140_12" file="objects/D_140/D_140_12.stl"/>
        <mesh name="D_140_13" file="objects/D_140/D_140_13.stl"/>
        <mesh name="D_140_14" file="objects/D_140/D_140_14.stl"/>
        <mesh name="D_140_15" file="objects/D_140/D_140_15.stl"/>
        <mesh name="D_140_16" file="objects/D_140/D_140_16.stl"/>
        <mesh name="D_140_17" file="objects/D_140/D_140_17.stl"/>
        <mesh name="D_140_18" file="objects/D_140/D_140_18.stl"/>
        <mesh name="D_140_19" file="objects/D_140/D_140_19.stl"/>
        <mesh name="D_140_20" file="objects/D_140/D_140_20.stl"/>
        <mesh name="D_140_21" file="objects/D_140/D_140_21.stl"/>
        <mesh name="D_140_22" file="objects/D_140/D_140_22.stl"/>
        <mesh name="D_140_23" file="objects/D_140/D_140_23.stl"/>
        <mesh name="D_140_24" file="objects/D_140/D_140_24.stl"/>
        <mesh name="D_140_25" file="objects/D_140/D_140_25.stl"/>
        <mesh name="D_140_26" file="objects/D_140/D_140_26.stl"/>
        <mesh name="D_140_27" file="objects/D_140/D_140_27.stl"/>
        <mesh name="D_140_28" file="objects/D_140/D_140_28.stl"/>
        <mesh name="D_140_29" file="objects/D_140/D_140_29.stl"/>
        <mesh name="D_140_30" file="objects/D_140/D_140_30.stl"/>
        <mesh name="D_140_31" file="objects/D_140/D_140_31.stl"/>
        <mesh name="D_140_32" file="objects/D_140/D_140_32.stl"/>
        <mesh name="D_140_33" file="objects/D_140/D_140_33.stl"/>
        <mesh name="D_140_34" file="objects/D_140/D_140_34.stl"/>
        <mesh name="D_140_35" file="objects/D_140/D_140_35.stl"/>
        <mesh name="D_140_36" file="objects/D_140/D_140_36.stl"/>
        <mesh name="D_140_37" file="objects/D_140/D_140_37.stl"/>
        <mesh name="D_140_38" file="objects/D_140/D_140_38.stl"/>
        <mesh name="D_140_39" file="objects/D_140/D_140_39.stl"/>
        <mesh name="D_140_40" file="objects/D_140/D_140_40.stl"/>
        <mesh name="D_140_41" file="objects/D_140/D_140_41.stl"/>
        <mesh name="D_140_42" file="objects/D_140/D_140_42.stl"/>
        <mesh name="D_140_43" file="objects/D_140/D_140_43.stl"/>
        <mesh name="D_140_visual" file="objects/D_140/D_140_full.stl"/>
    </asset>
</mujoco>