<mujoco>
    <asset>
        <mesh name="D_99_1" file="objects/D_99/D_99_1.stl"/>
        <mesh name="D_99_2" file="objects/D_99/D_99_2.stl"/>
        <mesh name="D_99_3" file="objects/D_99/D_99_3.stl"/>
        <mesh name="D_99_4" file="objects/D_99/D_99_4.stl"/>
        <mesh name="D_99_5" file="objects/D_99/D_99_5.stl"/>
        <mesh name="D_99_6" file="objects/D_99/D_99_6.stl"/>
        <mesh name="D_99_7" file="objects/D_99/D_99_7.stl"/>
        <mesh name="D_99_8" file="objects/D_99/D_99_8.stl"/>
        <mesh name="D_99_9" file="objects/D_99/D_99_9.stl"/>
        <mesh name="D_99_10" file="objects/D_99/D_99_10.stl"/>
        <mesh name="D_99_11" file="objects/D_99/D_99_11.stl"/>
        <mesh name="D_99_12" file="objects/D_99/D_99_12.stl"/>
        <mesh name="D_99_13" file="objects/D_99/D_99_13.stl"/>
        <mesh name="D_99_14" file="objects/D_99/D_99_14.stl"/>
        <mesh name="D_99_15" file="objects/D_99/D_99_15.stl"/>
        <mesh name="D_99_16" file="objects/D_99/D_99_16.stl"/>
        <mesh name="D_99_17" file="objects/D_99/D_99_17.stl"/>
        <mesh name="D_99_18" file="objects/D_99/D_99_18.stl"/>
        <mesh name="D_99_19" file="objects/D_99/D_99_19.stl"/>
        <mesh name="D_99_20" file="objects/D_99/D_99_20.stl"/>
        <mesh name="D_99_21" file="objects/D_99/D_99_21.stl"/>
        <mesh name="D_99_22" file="objects/D_99/D_99_22.stl"/>
        <mesh name="D_99_23" file="objects/D_99/D_99_23.stl"/>
        <mesh name="D_99_24" file="objects/D_99/D_99_24.stl"/>
        <mesh name="D_99_25" file="objects/D_99/D_99_25.stl"/>
        <mesh name="D_99_26" file="objects/D_99/D_99_26.stl"/>
        <mesh name="D_99_27" file="objects/D_99/D_99_27.stl"/>
        <mesh name="D_99_28" file="objects/D_99/D_99_28.stl"/>
        <mesh name="D_99_29" file="objects/D_99/D_99_29.stl"/>
        <mesh name="D_99_30" file="objects/D_99/D_99_30.stl"/>
        <mesh name="D_99_31" file="objects/D_99/D_99_31.stl"/>
        <mesh name="D_99_32" file="objects/D_99/D_99_32.stl"/>
        <mesh name="D_99_33" file="objects/D_99/D_99_33.stl"/>
        <mesh name="D_99_34" file="objects/D_99/D_99_34.stl"/>
        <mesh name="D_99_35" file="objects/D_99/D_99_35.stl"/>
        <mesh name="D_99_36" file="objects/D_99/D_99_36.stl"/>
        <mesh name="D_99_37" file="objects/D_99/D_99_37.stl"/>
        <mesh name="D_99_38" file="objects/D_99/D_99_38.stl"/>
        <mesh name="D_99_39" file="objects/D_99/D_99_39.stl"/>
        <mesh name="D_99_40" file="objects/D_99/D_99_40.stl"/>
        <mesh name="D_99_41" file="objects/D_99/D_99_41.stl"/>
        <mesh name="D_99_42" file="objects/D_99/D_99_42.stl"/>
        <mesh name="D_99_43" file="objects/D_99/D_99_43.stl"/>
        <mesh name="D_99_44" file="objects/D_99/D_99_44.stl"/>
        <mesh name="D_99_45" file="objects/D_99/D_99_45.stl"/>
        <mesh name="D_99_46" file="objects/D_99/D_99_46.stl"/>
        <mesh name="D_99_47" file="objects/D_99/D_99_47.stl"/>
        <mesh name="D_99_48" file="objects/D_99/D_99_48.stl"/>
        <mesh name="D_99_49" file="objects/D_99/D_99_49.stl"/>
        <mesh name="D_99_50" file="objects/D_99/D_99_50.stl"/>
        <mesh name="D_99_51" file="objects/D_99/D_99_51.stl"/>
        <mesh name="D_99_52" file="objects/D_99/D_99_52.stl"/>
        <mesh name="D_99_53" file="objects/D_99/D_99_53.stl"/>
        <mesh name="D_99_54" file="objects/D_99/D_99_54.stl"/>
        <mesh name="D_99_55" file="objects/D_99/D_99_55.stl"/>
        <mesh name="D_99_56" file="objects/D_99/D_99_56.stl"/>
        <mesh name="D_99_57" file="objects/D_99/D_99_57.stl"/>
        <mesh name="D_99_58" file="objects/D_99/D_99_58.stl"/>
        <mesh name="D_99_59" file="objects/D_99/D_99_59.stl"/>
        <mesh name="D_99_60" file="objects/D_99/D_99_60.stl"/>
        <mesh name="D_99_61" file="objects/D_99/D_99_61.stl"/>
        <mesh name="D_99_62" file="objects/D_99/D_99_62.stl"/>
        <mesh name="D_99_63" file="objects/D_99/D_99_63.stl"/>
        <mesh name="D_99_64" file="objects/D_99/D_99_64.stl"/>
        <mesh name="D_99_65" file="objects/D_99/D_99_65.stl"/>
        <mesh name="D_99_66" file="objects/D_99/D_99_66.stl"/>
        <mesh name="D_99_67" file="objects/D_99/D_99_67.stl"/>
        <mesh name="D_99_68" file="objects/D_99/D_99_68.stl"/>
        <mesh name="D_99_visual" file="objects/D_99/D_99_full.stl"/>
    </asset>
</mujoco>