<mujoco>
    <asset>
        <mesh name="D_69_1" file="objects/D_69/D_69_1.stl"/>
        <mesh name="D_69_2" file="objects/D_69/D_69_2.stl"/>
        <mesh name="D_69_3" file="objects/D_69/D_69_3.stl"/>
        <mesh name="D_69_4" file="objects/D_69/D_69_4.stl"/>
        <mesh name="D_69_5" file="objects/D_69/D_69_5.stl"/>
        <mesh name="D_69_6" file="objects/D_69/D_69_6.stl"/>
        <mesh name="D_69_7" file="objects/D_69/D_69_7.stl"/>
        <mesh name="D_69_8" file="objects/D_69/D_69_8.stl"/>
        <mesh name="D_69_9" file="objects/D_69/D_69_9.stl"/>
        <mesh name="D_69_10" file="objects/D_69/D_69_10.stl"/>
        <mesh name="D_69_11" file="objects/D_69/D_69_11.stl"/>
        <mesh name="D_69_12" file="objects/D_69/D_69_12.stl"/>
        <mesh name="D_69_13" file="objects/D_69/D_69_13.stl"/>
        <mesh name="D_69_visual" file="objects/D_69/D_69_full.stl"/>
    </asset>
</mujoco>