<mujoco>
    <asset>
        <mesh name="D_160_1" file="objects/D_160/D_160_1.stl"/>
        <mesh name="D_160_2" file="objects/D_160/D_160_2.stl"/>
        <mesh name="D_160_3" file="objects/D_160/D_160_3.stl"/>
        <mesh name="D_160_4" file="objects/D_160/D_160_4.stl"/>
        <mesh name="D_160_5" file="objects/D_160/D_160_5.stl"/>
        <mesh name="D_160_6" file="objects/D_160/D_160_6.stl"/>
        <mesh name="D_160_7" file="objects/D_160/D_160_7.stl"/>
        <mesh name="D_160_8" file="objects/D_160/D_160_8.stl"/>
        <mesh name="D_160_9" file="objects/D_160/D_160_9.stl"/>
        <mesh name="D_160_10" file="objects/D_160/D_160_10.stl"/>
        <mesh name="D_160_11" file="objects/D_160/D_160_11.stl"/>
        <mesh name="D_160_12" file="objects/D_160/D_160_12.stl"/>
        <mesh name="D_160_13" file="objects/D_160/D_160_13.stl"/>
        <mesh name="D_160_14" file="objects/D_160/D_160_14.stl"/>
        <mesh name="D_160_15" file="objects/D_160/D_160_15.stl"/>
        <mesh name="D_160_16" file="objects/D_160/D_160_16.stl"/>
        <mesh name="D_160_17" file="objects/D_160/D_160_17.stl"/>
        <mesh name="D_160_18" file="objects/D_160/D_160_18.stl"/>
        <mesh name="D_160_19" file="objects/D_160/D_160_19.stl"/>
        <mesh name="D_160_20" file="objects/D_160/D_160_20.stl"/>
        <mesh name="D_160_21" file="objects/D_160/D_160_21.stl"/>
        <mesh name="D_160_22" file="objects/D_160/D_160_22.stl"/>
        <mesh name="D_160_23" file="objects/D_160/D_160_23.stl"/>
        <mesh name="D_160_24" file="objects/D_160/D_160_24.stl"/>
        <mesh name="D_160_visual" file="objects/D_160/D_160_full.stl"/>
    </asset>
</mujoco>