<mujoco>
    <asset>
        <mesh name="D_94_1" file="objects/D_94/D_94_1.stl"/>
        <mesh name="D_94_2" file="objects/D_94/D_94_2.stl"/>
        <mesh name="D_94_3" file="objects/D_94/D_94_3.stl"/>
        <mesh name="D_94_4" file="objects/D_94/D_94_4.stl"/>
        <mesh name="D_94_5" file="objects/D_94/D_94_5.stl"/>
        <mesh name="D_94_6" file="objects/D_94/D_94_6.stl"/>
        <mesh name="D_94_7" file="objects/D_94/D_94_7.stl"/>
        <mesh name="D_94_8" file="objects/D_94/D_94_8.stl"/>
        <mesh name="D_94_9" file="objects/D_94/D_94_9.stl"/>
        <mesh name="D_94_10" file="objects/D_94/D_94_10.stl"/>
        <mesh name="D_94_11" file="objects/D_94/D_94_11.stl"/>
        <mesh name="D_94_12" file="objects/D_94/D_94_12.stl"/>
        <mesh name="D_94_13" file="objects/D_94/D_94_13.stl"/>
        <mesh name="D_94_14" file="objects/D_94/D_94_14.stl"/>
        <mesh name="D_94_15" file="objects/D_94/D_94_15.stl"/>
        <mesh name="D_94_16" file="objects/D_94/D_94_16.stl"/>
        <mesh name="D_94_17" file="objects/D_94/D_94_17.stl"/>
        <mesh name="D_94_18" file="objects/D_94/D_94_18.stl"/>
        <mesh name="D_94_19" file="objects/D_94/D_94_19.stl"/>
        <mesh name="D_94_20" file="objects/D_94/D_94_20.stl"/>
        <mesh name="D_94_21" file="objects/D_94/D_94_21.stl"/>
        <mesh name="D_94_22" file="objects/D_94/D_94_22.stl"/>
        <mesh name="D_94_23" file="objects/D_94/D_94_23.stl"/>
        <mesh name="D_94_24" file="objects/D_94/D_94_24.stl"/>
        <mesh name="D_94_25" file="objects/D_94/D_94_25.stl"/>
        <mesh name="D_94_26" file="objects/D_94/D_94_26.stl"/>
        <mesh name="D_94_27" file="objects/D_94/D_94_27.stl"/>
        <mesh name="D_94_28" file="objects/D_94/D_94_28.stl"/>
        <mesh name="D_94_29" file="objects/D_94/D_94_29.stl"/>
        <mesh name="D_94_30" file="objects/D_94/D_94_30.stl"/>
        <mesh name="D_94_31" file="objects/D_94/D_94_31.stl"/>
        <mesh name="D_94_32" file="objects/D_94/D_94_32.stl"/>
        <mesh name="D_94_33" file="objects/D_94/D_94_33.stl"/>
        <mesh name="D_94_34" file="objects/D_94/D_94_34.stl"/>
        <mesh name="D_94_35" file="objects/D_94/D_94_35.stl"/>
        <mesh name="D_94_36" file="objects/D_94/D_94_36.stl"/>
        <mesh name="D_94_37" file="objects/D_94/D_94_37.stl"/>
        <mesh name="D_94_38" file="objects/D_94/D_94_38.stl"/>
        <mesh name="D_94_39" file="objects/D_94/D_94_39.stl"/>
        <mesh name="D_94_40" file="objects/D_94/D_94_40.stl"/>
        <mesh name="D_94_41" file="objects/D_94/D_94_41.stl"/>
        <mesh name="D_94_42" file="objects/D_94/D_94_42.stl"/>
        <mesh name="D_94_43" file="objects/D_94/D_94_43.stl"/>
        <mesh name="D_94_44" file="objects/D_94/D_94_44.stl"/>
        <mesh name="D_94_45" file="objects/D_94/D_94_45.stl"/>
        <mesh name="D_94_46" file="objects/D_94/D_94_46.stl"/>
        <mesh name="D_94_47" file="objects/D_94/D_94_47.stl"/>
        <mesh name="D_94_48" file="objects/D_94/D_94_48.stl"/>
        <mesh name="D_94_49" file="objects/D_94/D_94_49.stl"/>
        <mesh name="D_94_50" file="objects/D_94/D_94_50.stl"/>
        <mesh name="D_94_51" file="objects/D_94/D_94_51.stl"/>
        <mesh name="D_94_52" file="objects/D_94/D_94_52.stl"/>
        <mesh name="D_94_53" file="objects/D_94/D_94_53.stl"/>
        <mesh name="D_94_54" file="objects/D_94/D_94_54.stl"/>
        <mesh name="D_94_55" file="objects/D_94/D_94_55.stl"/>
        <mesh name="D_94_56" file="objects/D_94/D_94_56.stl"/>
        <mesh name="D_94_57" file="objects/D_94/D_94_57.stl"/>
        <mesh name="D_94_58" file="objects/D_94/D_94_58.stl"/>
        <mesh name="D_94_59" file="objects/D_94/D_94_59.stl"/>
        <mesh name="D_94_60" file="objects/D_94/D_94_60.stl"/>
        <mesh name="D_94_61" file="objects/D_94/D_94_61.stl"/>
        <mesh name="D_94_62" file="objects/D_94/D_94_62.stl"/>
        <mesh name="D_94_63" file="objects/D_94/D_94_63.stl"/>
        <mesh name="D_94_64" file="objects/D_94/D_94_64.stl"/>
        <mesh name="D_94_65" file="objects/D_94/D_94_65.stl"/>
        <mesh name="D_94_66" file="objects/D_94/D_94_66.stl"/>
        <mesh name="D_94_67" file="objects/D_94/D_94_67.stl"/>
        <mesh name="D_94_68" file="objects/D_94/D_94_68.stl"/>
        <mesh name="D_94_69" file="objects/D_94/D_94_69.stl"/>
        <mesh name="D_94_70" file="objects/D_94/D_94_70.stl"/>
        <mesh name="D_94_71" file="objects/D_94/D_94_71.stl"/>
        <mesh name="D_94_72" file="objects/D_94/D_94_72.stl"/>
        <mesh name="D_94_73" file="objects/D_94/D_94_73.stl"/>
        <mesh name="D_94_74" file="objects/D_94/D_94_74.stl"/>
        <mesh name="D_94_75" file="objects/D_94/D_94_75.stl"/>
        <mesh name="D_94_76" file="objects/D_94/D_94_76.stl"/>
        <mesh name="D_94_77" file="objects/D_94/D_94_77.stl"/>
        <mesh name="D_94_78" file="objects/D_94/D_94_78.stl"/>
        <mesh name="D_94_79" file="objects/D_94/D_94_79.stl"/>
        <mesh name="D_94_80" file="objects/D_94/D_94_80.stl"/>
        <mesh name="D_94_81" file="objects/D_94/D_94_81.stl"/>
        <mesh name="D_94_82" file="objects/D_94/D_94_82.stl"/>
        <mesh name="D_94_83" file="objects/D_94/D_94_83.stl"/>
        <mesh name="D_94_84" file="objects/D_94/D_94_84.stl"/>
        <mesh name="D_94_85" file="objects/D_94/D_94_85.stl"/>
        <mesh name="D_94_86" file="objects/D_94/D_94_86.stl"/>
        <mesh name="D_94_87" file="objects/D_94/D_94_87.stl"/>
        <mesh name="D_94_88" file="objects/D_94/D_94_88.stl"/>
        <mesh name="D_94_89" file="objects/D_94/D_94_89.stl"/>
        <mesh name="D_94_90" file="objects/D_94/D_94_90.stl"/>
        <mesh name="D_94_91" file="objects/D_94/D_94_91.stl"/>
        <mesh name="D_94_92" file="objects/D_94/D_94_92.stl"/>
        <mesh name="D_94_93" file="objects/D_94/D_94_93.stl"/>
        <mesh name="D_94_94" file="objects/D_94/D_94_94.stl"/>
        <mesh name="D_94_95" file="objects/D_94/D_94_95.stl"/>
        <mesh name="D_94_96" file="objects/D_94/D_94_96.stl"/>
        <mesh name="D_94_97" file="objects/D_94/D_94_97.stl"/>
        <mesh name="D_94_98" file="objects/D_94/D_94_98.stl"/>
        <mesh name="D_94_99" file="objects/D_94/D_94_99.stl"/>
        <mesh name="D_94_100" file="objects/D_94/D_94_100.stl"/>
        <mesh name="D_94_101" file="objects/D_94/D_94_101.stl"/>
        <mesh name="D_94_102" file="objects/D_94/D_94_102.stl"/>
        <mesh name="D_94_103" file="objects/D_94/D_94_103.stl"/>
        <mesh name="D_94_104" file="objects/D_94/D_94_104.stl"/>
        <mesh name="D_94_105" file="objects/D_94/D_94_105.stl"/>
        <mesh name="D_94_visual" file="objects/D_94/D_94_full.stl"/>
    </asset>
</mujoco>