<mujoco>
    <asset>
        <mesh name="D_155_1" file="objects/D_155/D_155_1.stl"/>
        <mesh name="D_155_2" file="objects/D_155/D_155_2.stl"/>
        <mesh name="D_155_3" file="objects/D_155/D_155_3.stl"/>
        <mesh name="D_155_4" file="objects/D_155/D_155_4.stl"/>
        <mesh name="D_155_5" file="objects/D_155/D_155_5.stl"/>
        <mesh name="D_155_6" file="objects/D_155/D_155_6.stl"/>
        <mesh name="D_155_7" file="objects/D_155/D_155_7.stl"/>
        <mesh name="D_155_8" file="objects/D_155/D_155_8.stl"/>
        <mesh name="D_155_9" file="objects/D_155/D_155_9.stl"/>
        <mesh name="D_155_10" file="objects/D_155/D_155_10.stl"/>
        <mesh name="D_155_11" file="objects/D_155/D_155_11.stl"/>
        <mesh name="D_155_12" file="objects/D_155/D_155_12.stl"/>
        <mesh name="D_155_13" file="objects/D_155/D_155_13.stl"/>
        <mesh name="D_155_14" file="objects/D_155/D_155_14.stl"/>
        <mesh name="D_155_15" file="objects/D_155/D_155_15.stl"/>
        <mesh name="D_155_16" file="objects/D_155/D_155_16.stl"/>
        <mesh name="D_155_17" file="objects/D_155/D_155_17.stl"/>
        <mesh name="D_155_18" file="objects/D_155/D_155_18.stl"/>
        <mesh name="D_155_19" file="objects/D_155/D_155_19.stl"/>
        <mesh name="D_155_20" file="objects/D_155/D_155_20.stl"/>
        <mesh name="D_155_21" file="objects/D_155/D_155_21.stl"/>
        <mesh name="D_155_22" file="objects/D_155/D_155_22.stl"/>
        <mesh name="D_155_23" file="objects/D_155/D_155_23.stl"/>
        <mesh name="D_155_24" file="objects/D_155/D_155_24.stl"/>
        <mesh name="D_155_25" file="objects/D_155/D_155_25.stl"/>
        <mesh name="D_155_26" file="objects/D_155/D_155_26.stl"/>
        <mesh name="D_155_27" file="objects/D_155/D_155_27.stl"/>
        <mesh name="D_155_28" file="objects/D_155/D_155_28.stl"/>
        <mesh name="D_155_29" file="objects/D_155/D_155_29.stl"/>
        <mesh name="D_155_30" file="objects/D_155/D_155_30.stl"/>
        <mesh name="D_155_31" file="objects/D_155/D_155_31.stl"/>
        <mesh name="D_155_32" file="objects/D_155/D_155_32.stl"/>
        <mesh name="D_155_33" file="objects/D_155/D_155_33.stl"/>
        <mesh name="D_155_34" file="objects/D_155/D_155_34.stl"/>
        <mesh name="D_155_35" file="objects/D_155/D_155_35.stl"/>
        <mesh name="D_155_36" file="objects/D_155/D_155_36.stl"/>
        <mesh name="D_155_37" file="objects/D_155/D_155_37.stl"/>
        <mesh name="D_155_38" file="objects/D_155/D_155_38.stl"/>
        <mesh name="D_155_39" file="objects/D_155/D_155_39.stl"/>
        <mesh name="D_155_40" file="objects/D_155/D_155_40.stl"/>
        <mesh name="D_155_41" file="objects/D_155/D_155_41.stl"/>
        <mesh name="D_155_42" file="objects/D_155/D_155_42.stl"/>
        <mesh name="D_155_43" file="objects/D_155/D_155_43.stl"/>
        <mesh name="D_155_44" file="objects/D_155/D_155_44.stl"/>
        <mesh name="D_155_45" file="objects/D_155/D_155_45.stl"/>
        <mesh name="D_155_46" file="objects/D_155/D_155_46.stl"/>
        <mesh name="D_155_47" file="objects/D_155/D_155_47.stl"/>
        <mesh name="D_155_48" file="objects/D_155/D_155_48.stl"/>
        <mesh name="D_155_49" file="objects/D_155/D_155_49.stl"/>
        <mesh name="D_155_50" file="objects/D_155/D_155_50.stl"/>
        <mesh name="D_155_51" file="objects/D_155/D_155_51.stl"/>
        <mesh name="D_155_52" file="objects/D_155/D_155_52.stl"/>
        <mesh name="D_155_53" file="objects/D_155/D_155_53.stl"/>
        <mesh name="D_155_54" file="objects/D_155/D_155_54.stl"/>
        <mesh name="D_155_55" file="objects/D_155/D_155_55.stl"/>
        <mesh name="D_155_56" file="objects/D_155/D_155_56.stl"/>
        <mesh name="D_155_57" file="objects/D_155/D_155_57.stl"/>
        <mesh name="D_155_58" file="objects/D_155/D_155_58.stl"/>
        <mesh name="D_155_59" file="objects/D_155/D_155_59.stl"/>
        <mesh name="D_155_60" file="objects/D_155/D_155_60.stl"/>
        <mesh name="D_155_61" file="objects/D_155/D_155_61.stl"/>
        <mesh name="D_155_62" file="objects/D_155/D_155_62.stl"/>
        <mesh name="D_155_63" file="objects/D_155/D_155_63.stl"/>
        <mesh name="D_155_64" file="objects/D_155/D_155_64.stl"/>
        <mesh name="D_155_65" file="objects/D_155/D_155_65.stl"/>
        <mesh name="D_155_66" file="objects/D_155/D_155_66.stl"/>
        <mesh name="D_155_67" file="objects/D_155/D_155_67.stl"/>
        <mesh name="D_155_68" file="objects/D_155/D_155_68.stl"/>
        <mesh name="D_155_69" file="objects/D_155/D_155_69.stl"/>
        <mesh name="D_155_70" file="objects/D_155/D_155_70.stl"/>
        <mesh name="D_155_visual" file="objects/D_155/D_155_full.stl"/>
    </asset>
</mujoco>