<mujoco>
    <asset>
        <mesh name="D_128_1" file="objects/D_128/D_128_1.stl"/>
        <mesh name="D_128_2" file="objects/D_128/D_128_2.stl"/>
        <mesh name="D_128_3" file="objects/D_128/D_128_3.stl"/>
        <mesh name="D_128_4" file="objects/D_128/D_128_4.stl"/>
        <mesh name="D_128_5" file="objects/D_128/D_128_5.stl"/>
        <mesh name="D_128_6" file="objects/D_128/D_128_6.stl"/>
        <mesh name="D_128_7" file="objects/D_128/D_128_7.stl"/>
        <mesh name="D_128_8" file="objects/D_128/D_128_8.stl"/>
        <mesh name="D_128_9" file="objects/D_128/D_128_9.stl"/>
        <mesh name="D_128_10" file="objects/D_128/D_128_10.stl"/>
        <mesh name="D_128_11" file="objects/D_128/D_128_11.stl"/>
        <mesh name="D_128_12" file="objects/D_128/D_128_12.stl"/>
        <mesh name="D_128_13" file="objects/D_128/D_128_13.stl"/>
        <mesh name="D_128_14" file="objects/D_128/D_128_14.stl"/>
        <mesh name="D_128_15" file="objects/D_128/D_128_15.stl"/>
        <mesh name="D_128_16" file="objects/D_128/D_128_16.stl"/>
        <mesh name="D_128_17" file="objects/D_128/D_128_17.stl"/>
        <mesh name="D_128_18" file="objects/D_128/D_128_18.stl"/>
        <mesh name="D_128_19" file="objects/D_128/D_128_19.stl"/>
        <mesh name="D_128_20" file="objects/D_128/D_128_20.stl"/>
        <mesh name="D_128_21" file="objects/D_128/D_128_21.stl"/>
        <mesh name="D_128_22" file="objects/D_128/D_128_22.stl"/>
        <mesh name="D_128_23" file="objects/D_128/D_128_23.stl"/>
        <mesh name="D_128_24" file="objects/D_128/D_128_24.stl"/>
        <mesh name="D_128_25" file="objects/D_128/D_128_25.stl"/>
        <mesh name="D_128_26" file="objects/D_128/D_128_26.stl"/>
        <mesh name="D_128_27" file="objects/D_128/D_128_27.stl"/>
        <mesh name="D_128_28" file="objects/D_128/D_128_28.stl"/>
        <mesh name="D_128_29" file="objects/D_128/D_128_29.stl"/>
        <mesh name="D_128_30" file="objects/D_128/D_128_30.stl"/>
        <mesh name="D_128_31" file="objects/D_128/D_128_31.stl"/>
        <mesh name="D_128_32" file="objects/D_128/D_128_32.stl"/>
        <mesh name="D_128_33" file="objects/D_128/D_128_33.stl"/>
        <mesh name="D_128_34" file="objects/D_128/D_128_34.stl"/>
        <mesh name="D_128_35" file="objects/D_128/D_128_35.stl"/>
        <mesh name="D_128_36" file="objects/D_128/D_128_36.stl"/>
        <mesh name="D_128_37" file="objects/D_128/D_128_37.stl"/>
        <mesh name="D_128_38" file="objects/D_128/D_128_38.stl"/>
        <mesh name="D_128_39" file="objects/D_128/D_128_39.stl"/>
        <mesh name="D_128_40" file="objects/D_128/D_128_40.stl"/>
        <mesh name="D_128_41" file="objects/D_128/D_128_41.stl"/>
        <mesh name="D_128_42" file="objects/D_128/D_128_42.stl"/>
        <mesh name="D_128_43" file="objects/D_128/D_128_43.stl"/>
        <mesh name="D_128_44" file="objects/D_128/D_128_44.stl"/>
        <mesh name="D_128_45" file="objects/D_128/D_128_45.stl"/>
        <mesh name="D_128_46" file="objects/D_128/D_128_46.stl"/>
        <mesh name="D_128_47" file="objects/D_128/D_128_47.stl"/>
        <mesh name="D_128_48" file="objects/D_128/D_128_48.stl"/>
        <mesh name="D_128_49" file="objects/D_128/D_128_49.stl"/>
        <mesh name="D_128_50" file="objects/D_128/D_128_50.stl"/>
        <mesh name="D_128_51" file="objects/D_128/D_128_51.stl"/>
        <mesh name="D_128_52" file="objects/D_128/D_128_52.stl"/>
        <mesh name="D_128_53" file="objects/D_128/D_128_53.stl"/>
        <mesh name="D_128_54" file="objects/D_128/D_128_54.stl"/>
        <mesh name="D_128_55" file="objects/D_128/D_128_55.stl"/>
        <mesh name="D_128_56" file="objects/D_128/D_128_56.stl"/>
        <mesh name="D_128_57" file="objects/D_128/D_128_57.stl"/>
        <mesh name="D_128_58" file="objects/D_128/D_128_58.stl"/>
        <mesh name="D_128_59" file="objects/D_128/D_128_59.stl"/>
        <mesh name="D_128_60" file="objects/D_128/D_128_60.stl"/>
        <mesh name="D_128_61" file="objects/D_128/D_128_61.stl"/>
        <mesh name="D_128_62" file="objects/D_128/D_128_62.stl"/>
        <mesh name="D_128_63" file="objects/D_128/D_128_63.stl"/>
        <mesh name="D_128_64" file="objects/D_128/D_128_64.stl"/>
        <mesh name="D_128_65" file="objects/D_128/D_128_65.stl"/>
        <mesh name="D_128_66" file="objects/D_128/D_128_66.stl"/>
        <mesh name="D_128_67" file="objects/D_128/D_128_67.stl"/>
        <mesh name="D_128_68" file="objects/D_128/D_128_68.stl"/>
        <mesh name="D_128_69" file="objects/D_128/D_128_69.stl"/>
        <mesh name="D_128_70" file="objects/D_128/D_128_70.stl"/>
        <mesh name="D_128_71" file="objects/D_128/D_128_71.stl"/>
        <mesh name="D_128_72" file="objects/D_128/D_128_72.stl"/>
        <mesh name="D_128_73" file="objects/D_128/D_128_73.stl"/>
        <mesh name="D_128_74" file="objects/D_128/D_128_74.stl"/>
        <mesh name="D_128_75" file="objects/D_128/D_128_75.stl"/>
        <mesh name="D_128_76" file="objects/D_128/D_128_76.stl"/>
        <mesh name="D_128_77" file="objects/D_128/D_128_77.stl"/>
        <mesh name="D_128_78" file="objects/D_128/D_128_78.stl"/>
        <mesh name="D_128_79" file="objects/D_128/D_128_79.stl"/>
        <mesh name="D_128_80" file="objects/D_128/D_128_80.stl"/>
        <mesh name="D_128_81" file="objects/D_128/D_128_81.stl"/>
        <mesh name="D_128_82" file="objects/D_128/D_128_82.stl"/>
        <mesh name="D_128_83" file="objects/D_128/D_128_83.stl"/>
        <mesh name="D_128_84" file="objects/D_128/D_128_84.stl"/>
        <mesh name="D_128_85" file="objects/D_128/D_128_85.stl"/>
        <mesh name="D_128_86" file="objects/D_128/D_128_86.stl"/>
        <mesh name="D_128_87" file="objects/D_128/D_128_87.stl"/>
        <mesh name="D_128_88" file="objects/D_128/D_128_88.stl"/>
        <mesh name="D_128_89" file="objects/D_128/D_128_89.stl"/>
        <mesh name="D_128_90" file="objects/D_128/D_128_90.stl"/>
        <mesh name="D_128_91" file="objects/D_128/D_128_91.stl"/>
        <mesh name="D_128_92" file="objects/D_128/D_128_92.stl"/>
        <mesh name="D_128_93" file="objects/D_128/D_128_93.stl"/>
        <mesh name="D_128_visual" file="objects/D_128/D_128_full.stl"/>
    </asset>
</mujoco>