<mujoco>
    <asset>
        <mesh name="D_55_1" file="objects/D_55/D_55_1.stl"/>
        <mesh name="D_55_2" file="objects/D_55/D_55_2.stl"/>
        <mesh name="D_55_3" file="objects/D_55/D_55_3.stl"/>
        <mesh name="D_55_4" file="objects/D_55/D_55_4.stl"/>
        <mesh name="D_55_5" file="objects/D_55/D_55_5.stl"/>
        <mesh name="D_55_6" file="objects/D_55/D_55_6.stl"/>
        <mesh name="D_55_7" file="objects/D_55/D_55_7.stl"/>
        <mesh name="D_55_8" file="objects/D_55/D_55_8.stl"/>
        <mesh name="D_55_9" file="objects/D_55/D_55_9.stl"/>
        <mesh name="D_55_10" file="objects/D_55/D_55_10.stl"/>
        <mesh name="D_55_11" file="objects/D_55/D_55_11.stl"/>
        <mesh name="D_55_12" file="objects/D_55/D_55_12.stl"/>
        <mesh name="D_55_13" file="objects/D_55/D_55_13.stl"/>
        <mesh name="D_55_14" file="objects/D_55/D_55_14.stl"/>
        <mesh name="D_55_15" file="objects/D_55/D_55_15.stl"/>
        <mesh name="D_55_16" file="objects/D_55/D_55_16.stl"/>
        <mesh name="D_55_17" file="objects/D_55/D_55_17.stl"/>
        <mesh name="D_55_18" file="objects/D_55/D_55_18.stl"/>
        <mesh name="D_55_19" file="objects/D_55/D_55_19.stl"/>
        <mesh name="D_55_20" file="objects/D_55/D_55_20.stl"/>
        <mesh name="D_55_21" file="objects/D_55/D_55_21.stl"/>
        <mesh name="D_55_visual" file="objects/D_55/D_55_full.stl"/>
    </asset>
</mujoco>