<mujoco>
    <asset>
        <mesh name="D_237_1" file="objects/D_237/D_237_1.stl"/>
        <mesh name="D_237_2" file="objects/D_237/D_237_2.stl"/>
        <mesh name="D_237_3" file="objects/D_237/D_237_3.stl"/>
        <mesh name="D_237_4" file="objects/D_237/D_237_4.stl"/>
        <mesh name="D_237_5" file="objects/D_237/D_237_5.stl"/>
        <mesh name="D_237_6" file="objects/D_237/D_237_6.stl"/>
        <mesh name="D_237_7" file="objects/D_237/D_237_7.stl"/>
        <mesh name="D_237_8" file="objects/D_237/D_237_8.stl"/>
        <mesh name="D_237_9" file="objects/D_237/D_237_9.stl"/>
        <mesh name="D_237_10" file="objects/D_237/D_237_10.stl"/>
        <mesh name="D_237_11" file="objects/D_237/D_237_11.stl"/>
        <mesh name="D_237_12" file="objects/D_237/D_237_12.stl"/>
        <mesh name="D_237_13" file="objects/D_237/D_237_13.stl"/>
        <mesh name="D_237_14" file="objects/D_237/D_237_14.stl"/>
        <mesh name="D_237_15" file="objects/D_237/D_237_15.stl"/>
        <mesh name="D_237_16" file="objects/D_237/D_237_16.stl"/>
        <mesh name="D_237_17" file="objects/D_237/D_237_17.stl"/>
        <mesh name="D_237_18" file="objects/D_237/D_237_18.stl"/>
        <mesh name="D_237_19" file="objects/D_237/D_237_19.stl"/>
        <mesh name="D_237_20" file="objects/D_237/D_237_20.stl"/>
        <mesh name="D_237_21" file="objects/D_237/D_237_21.stl"/>
        <mesh name="D_237_22" file="objects/D_237/D_237_22.stl"/>
        <mesh name="D_237_23" file="objects/D_237/D_237_23.stl"/>
        <mesh name="D_237_24" file="objects/D_237/D_237_24.stl"/>
        <mesh name="D_237_25" file="objects/D_237/D_237_25.stl"/>
        <mesh name="D_237_26" file="objects/D_237/D_237_26.stl"/>
        <mesh name="D_237_27" file="objects/D_237/D_237_27.stl"/>
        <mesh name="D_237_28" file="objects/D_237/D_237_28.stl"/>
        <mesh name="D_237_29" file="objects/D_237/D_237_29.stl"/>
        <mesh name="D_237_30" file="objects/D_237/D_237_30.stl"/>
        <mesh name="D_237_31" file="objects/D_237/D_237_31.stl"/>
        <mesh name="D_237_32" file="objects/D_237/D_237_32.stl"/>
        <mesh name="D_237_33" file="objects/D_237/D_237_33.stl"/>
        <mesh name="D_237_34" file="objects/D_237/D_237_34.stl"/>
        <mesh name="D_237_35" file="objects/D_237/D_237_35.stl"/>
        <mesh name="D_237_36" file="objects/D_237/D_237_36.stl"/>
        <mesh name="D_237_37" file="objects/D_237/D_237_37.stl"/>
        <mesh name="D_237_38" file="objects/D_237/D_237_38.stl"/>
        <mesh name="D_237_39" file="objects/D_237/D_237_39.stl"/>
        <mesh name="D_237_40" file="objects/D_237/D_237_40.stl"/>
        <mesh name="D_237_41" file="objects/D_237/D_237_41.stl"/>
        <mesh name="D_237_42" file="objects/D_237/D_237_42.stl"/>
        <mesh name="D_237_43" file="objects/D_237/D_237_43.stl"/>
        <mesh name="D_237_44" file="objects/D_237/D_237_44.stl"/>
        <mesh name="D_237_45" file="objects/D_237/D_237_45.stl"/>
        <mesh name="D_237_46" file="objects/D_237/D_237_46.stl"/>
        <mesh name="D_237_47" file="objects/D_237/D_237_47.stl"/>
        <mesh name="D_237_48" file="objects/D_237/D_237_48.stl"/>
        <mesh name="D_237_49" file="objects/D_237/D_237_49.stl"/>
        <mesh name="D_237_50" file="objects/D_237/D_237_50.stl"/>
        <mesh name="D_237_51" file="objects/D_237/D_237_51.stl"/>
        <mesh name="D_237_52" file="objects/D_237/D_237_52.stl"/>
        <mesh name="D_237_53" file="objects/D_237/D_237_53.stl"/>
        <mesh name="D_237_54" file="objects/D_237/D_237_54.stl"/>
        <mesh name="D_237_55" file="objects/D_237/D_237_55.stl"/>
        <mesh name="D_237_56" file="objects/D_237/D_237_56.stl"/>
        <mesh name="D_237_57" file="objects/D_237/D_237_57.stl"/>
        <mesh name="D_237_58" file="objects/D_237/D_237_58.stl"/>
        <mesh name="D_237_59" file="objects/D_237/D_237_59.stl"/>
        <mesh name="D_237_60" file="objects/D_237/D_237_60.stl"/>
        <mesh name="D_237_61" file="objects/D_237/D_237_61.stl"/>
        <mesh name="D_237_62" file="objects/D_237/D_237_62.stl"/>
        <mesh name="D_237_63" file="objects/D_237/D_237_63.stl"/>
        <mesh name="D_237_64" file="objects/D_237/D_237_64.stl"/>
        <mesh name="D_237_65" file="objects/D_237/D_237_65.stl"/>
        <mesh name="D_237_66" file="objects/D_237/D_237_66.stl"/>
        <mesh name="D_237_67" file="objects/D_237/D_237_67.stl"/>
        <mesh name="D_237_68" file="objects/D_237/D_237_68.stl"/>
        <mesh name="D_237_69" file="objects/D_237/D_237_69.stl"/>
        <mesh name="D_237_70" file="objects/D_237/D_237_70.stl"/>
        <mesh name="D_237_71" file="objects/D_237/D_237_71.stl"/>
        <mesh name="D_237_72" file="objects/D_237/D_237_72.stl"/>
        <mesh name="D_237_73" file="objects/D_237/D_237_73.stl"/>
        <mesh name="D_237_74" file="objects/D_237/D_237_74.stl"/>
        <mesh name="D_237_75" file="objects/D_237/D_237_75.stl"/>
        <mesh name="D_237_76" file="objects/D_237/D_237_76.stl"/>
        <mesh name="D_237_77" file="objects/D_237/D_237_77.stl"/>
        <mesh name="D_237_visual" file="objects/D_237/D_237_full.stl"/>
    </asset>
</mujoco>