<mujoco>
    <asset>
        <mesh name="D_135_1" file="objects/D_135/D_135_1.stl"/>
        <mesh name="D_135_2" file="objects/D_135/D_135_2.stl"/>
        <mesh name="D_135_3" file="objects/D_135/D_135_3.stl"/>
        <mesh name="D_135_4" file="objects/D_135/D_135_4.stl"/>
        <mesh name="D_135_5" file="objects/D_135/D_135_5.stl"/>
        <mesh name="D_135_6" file="objects/D_135/D_135_6.stl"/>
        <mesh name="D_135_7" file="objects/D_135/D_135_7.stl"/>
        <mesh name="D_135_8" file="objects/D_135/D_135_8.stl"/>
        <mesh name="D_135_9" file="objects/D_135/D_135_9.stl"/>
        <mesh name="D_135_10" file="objects/D_135/D_135_10.stl"/>
        <mesh name="D_135_11" file="objects/D_135/D_135_11.stl"/>
        <mesh name="D_135_12" file="objects/D_135/D_135_12.stl"/>
        <mesh name="D_135_13" file="objects/D_135/D_135_13.stl"/>
        <mesh name="D_135_14" file="objects/D_135/D_135_14.stl"/>
        <mesh name="D_135_15" file="objects/D_135/D_135_15.stl"/>
        <mesh name="D_135_16" file="objects/D_135/D_135_16.stl"/>
        <mesh name="D_135_17" file="objects/D_135/D_135_17.stl"/>
        <mesh name="D_135_18" file="objects/D_135/D_135_18.stl"/>
        <mesh name="D_135_19" file="objects/D_135/D_135_19.stl"/>
        <mesh name="D_135_20" file="objects/D_135/D_135_20.stl"/>
        <mesh name="D_135_21" file="objects/D_135/D_135_21.stl"/>
        <mesh name="D_135_22" file="objects/D_135/D_135_22.stl"/>
        <mesh name="D_135_23" file="objects/D_135/D_135_23.stl"/>
        <mesh name="D_135_24" file="objects/D_135/D_135_24.stl"/>
        <mesh name="D_135_25" file="objects/D_135/D_135_25.stl"/>
        <mesh name="D_135_26" file="objects/D_135/D_135_26.stl"/>
        <mesh name="D_135_27" file="objects/D_135/D_135_27.stl"/>
        <mesh name="D_135_28" file="objects/D_135/D_135_28.stl"/>
        <mesh name="D_135_29" file="objects/D_135/D_135_29.stl"/>
        <mesh name="D_135_30" file="objects/D_135/D_135_30.stl"/>
        <mesh name="D_135_31" file="objects/D_135/D_135_31.stl"/>
        <mesh name="D_135_32" file="objects/D_135/D_135_32.stl"/>
        <mesh name="D_135_33" file="objects/D_135/D_135_33.stl"/>
        <mesh name="D_135_34" file="objects/D_135/D_135_34.stl"/>
        <mesh name="D_135_35" file="objects/D_135/D_135_35.stl"/>
        <mesh name="D_135_36" file="objects/D_135/D_135_36.stl"/>
        <mesh name="D_135_37" file="objects/D_135/D_135_37.stl"/>
        <mesh name="D_135_38" file="objects/D_135/D_135_38.stl"/>
        <mesh name="D_135_39" file="objects/D_135/D_135_39.stl"/>
        <mesh name="D_135_40" file="objects/D_135/D_135_40.stl"/>
        <mesh name="D_135_41" file="objects/D_135/D_135_41.stl"/>
        <mesh name="D_135_42" file="objects/D_135/D_135_42.stl"/>
        <mesh name="D_135_43" file="objects/D_135/D_135_43.stl"/>
        <mesh name="D_135_44" file="objects/D_135/D_135_44.stl"/>
        <mesh name="D_135_45" file="objects/D_135/D_135_45.stl"/>
        <mesh name="D_135_46" file="objects/D_135/D_135_46.stl"/>
        <mesh name="D_135_47" file="objects/D_135/D_135_47.stl"/>
        <mesh name="D_135_48" file="objects/D_135/D_135_48.stl"/>
        <mesh name="D_135_49" file="objects/D_135/D_135_49.stl"/>
        <mesh name="D_135_visual" file="objects/D_135/D_135_full.stl"/>
    </asset>
</mujoco>