<mujoco>
    <asset>
        <mesh name="D_148_1" file="objects/D_148/D_148_1.stl"/>
        <mesh name="D_148_2" file="objects/D_148/D_148_2.stl"/>
        <mesh name="D_148_3" file="objects/D_148/D_148_3.stl"/>
        <mesh name="D_148_4" file="objects/D_148/D_148_4.stl"/>
        <mesh name="D_148_5" file="objects/D_148/D_148_5.stl"/>
        <mesh name="D_148_6" file="objects/D_148/D_148_6.stl"/>
        <mesh name="D_148_7" file="objects/D_148/D_148_7.stl"/>
        <mesh name="D_148_8" file="objects/D_148/D_148_8.stl"/>
        <mesh name="D_148_9" file="objects/D_148/D_148_9.stl"/>
        <mesh name="D_148_10" file="objects/D_148/D_148_10.stl"/>
        <mesh name="D_148_11" file="objects/D_148/D_148_11.stl"/>
        <mesh name="D_148_12" file="objects/D_148/D_148_12.stl"/>
        <mesh name="D_148_13" file="objects/D_148/D_148_13.stl"/>
        <mesh name="D_148_14" file="objects/D_148/D_148_14.stl"/>
        <mesh name="D_148_15" file="objects/D_148/D_148_15.stl"/>
        <mesh name="D_148_16" file="objects/D_148/D_148_16.stl"/>
        <mesh name="D_148_17" file="objects/D_148/D_148_17.stl"/>
        <mesh name="D_148_18" file="objects/D_148/D_148_18.stl"/>
        <mesh name="D_148_19" file="objects/D_148/D_148_19.stl"/>
        <mesh name="D_148_20" file="objects/D_148/D_148_20.stl"/>
        <mesh name="D_148_21" file="objects/D_148/D_148_21.stl"/>
        <mesh name="D_148_22" file="objects/D_148/D_148_22.stl"/>
        <mesh name="D_148_23" file="objects/D_148/D_148_23.stl"/>
        <mesh name="D_148_24" file="objects/D_148/D_148_24.stl"/>
        <mesh name="D_148_25" file="objects/D_148/D_148_25.stl"/>
        <mesh name="D_148_26" file="objects/D_148/D_148_26.stl"/>
        <mesh name="D_148_27" file="objects/D_148/D_148_27.stl"/>
        <mesh name="D_148_28" file="objects/D_148/D_148_28.stl"/>
        <mesh name="D_148_29" file="objects/D_148/D_148_29.stl"/>
        <mesh name="D_148_30" file="objects/D_148/D_148_30.stl"/>
        <mesh name="D_148_31" file="objects/D_148/D_148_31.stl"/>
        <mesh name="D_148_32" file="objects/D_148/D_148_32.stl"/>
        <mesh name="D_148_33" file="objects/D_148/D_148_33.stl"/>
        <mesh name="D_148_34" file="objects/D_148/D_148_34.stl"/>
        <mesh name="D_148_35" file="objects/D_148/D_148_35.stl"/>
        <mesh name="D_148_36" file="objects/D_148/D_148_36.stl"/>
        <mesh name="D_148_37" file="objects/D_148/D_148_37.stl"/>
        <mesh name="D_148_38" file="objects/D_148/D_148_38.stl"/>
        <mesh name="D_148_39" file="objects/D_148/D_148_39.stl"/>
        <mesh name="D_148_40" file="objects/D_148/D_148_40.stl"/>
        <mesh name="D_148_41" file="objects/D_148/D_148_41.stl"/>
        <mesh name="D_148_42" file="objects/D_148/D_148_42.stl"/>
        <mesh name="D_148_43" file="objects/D_148/D_148_43.stl"/>
        <mesh name="D_148_44" file="objects/D_148/D_148_44.stl"/>
        <mesh name="D_148_45" file="objects/D_148/D_148_45.stl"/>
        <mesh name="D_148_46" file="objects/D_148/D_148_46.stl"/>
        <mesh name="D_148_47" file="objects/D_148/D_148_47.stl"/>
        <mesh name="D_148_48" file="objects/D_148/D_148_48.stl"/>
        <mesh name="D_148_49" file="objects/D_148/D_148_49.stl"/>
        <mesh name="D_148_50" file="objects/D_148/D_148_50.stl"/>
        <mesh name="D_148_51" file="objects/D_148/D_148_51.stl"/>
        <mesh name="D_148_52" file="objects/D_148/D_148_52.stl"/>
        <mesh name="D_148_53" file="objects/D_148/D_148_53.stl"/>
        <mesh name="D_148_54" file="objects/D_148/D_148_54.stl"/>
        <mesh name="D_148_55" file="objects/D_148/D_148_55.stl"/>
        <mesh name="D_148_56" file="objects/D_148/D_148_56.stl"/>
        <mesh name="D_148_57" file="objects/D_148/D_148_57.stl"/>
        <mesh name="D_148_58" file="objects/D_148/D_148_58.stl"/>
        <mesh name="D_148_59" file="objects/D_148/D_148_59.stl"/>
        <mesh name="D_148_60" file="objects/D_148/D_148_60.stl"/>
        <mesh name="D_148_61" file="objects/D_148/D_148_61.stl"/>
        <mesh name="D_148_62" file="objects/D_148/D_148_62.stl"/>
        <mesh name="D_148_63" file="objects/D_148/D_148_63.stl"/>
        <mesh name="D_148_64" file="objects/D_148/D_148_64.stl"/>
        <mesh name="D_148_65" file="objects/D_148/D_148_65.stl"/>
        <mesh name="D_148_66" file="objects/D_148/D_148_66.stl"/>
        <mesh name="D_148_67" file="objects/D_148/D_148_67.stl"/>
        <mesh name="D_148_68" file="objects/D_148/D_148_68.stl"/>
        <mesh name="D_148_69" file="objects/D_148/D_148_69.stl"/>
        <mesh name="D_148_70" file="objects/D_148/D_148_70.stl"/>
        <mesh name="D_148_71" file="objects/D_148/D_148_71.stl"/>
        <mesh name="D_148_72" file="objects/D_148/D_148_72.stl"/>
        <mesh name="D_148_visual" file="objects/D_148/D_148_full.stl"/>
    </asset>
</mujoco>