<mujoco>
    <asset>
        <mesh name="D_25_1" file="objects/D_25/D_25_1.stl"/>
        <mesh name="D_25_2" file="objects/D_25/D_25_2.stl"/>
        <mesh name="D_25_3" file="objects/D_25/D_25_3.stl"/>
        <mesh name="D_25_4" file="objects/D_25/D_25_4.stl"/>
        <mesh name="D_25_5" file="objects/D_25/D_25_5.stl"/>
        <mesh name="D_25_6" file="objects/D_25/D_25_6.stl"/>
        <mesh name="D_25_7" file="objects/D_25/D_25_7.stl"/>
        <mesh name="D_25_8" file="objects/D_25/D_25_8.stl"/>
        <mesh name="D_25_9" file="objects/D_25/D_25_9.stl"/>
        <mesh name="D_25_10" file="objects/D_25/D_25_10.stl"/>
        <mesh name="D_25_11" file="objects/D_25/D_25_11.stl"/>
        <mesh name="D_25_12" file="objects/D_25/D_25_12.stl"/>
        <mesh name="D_25_13" file="objects/D_25/D_25_13.stl"/>
        <mesh name="D_25_14" file="objects/D_25/D_25_14.stl"/>
        <mesh name="D_25_15" file="objects/D_25/D_25_15.stl"/>
        <mesh name="D_25_16" file="objects/D_25/D_25_16.stl"/>
        <mesh name="D_25_17" file="objects/D_25/D_25_17.stl"/>
        <mesh name="D_25_18" file="objects/D_25/D_25_18.stl"/>
        <mesh name="D_25_19" file="objects/D_25/D_25_19.stl"/>
        <mesh name="D_25_20" file="objects/D_25/D_25_20.stl"/>
        <mesh name="D_25_21" file="objects/D_25/D_25_21.stl"/>
        <mesh name="D_25_22" file="objects/D_25/D_25_22.stl"/>
        <mesh name="D_25_23" file="objects/D_25/D_25_23.stl"/>
        <mesh name="D_25_24" file="objects/D_25/D_25_24.stl"/>
        <mesh name="D_25_25" file="objects/D_25/D_25_25.stl"/>
        <mesh name="D_25_26" file="objects/D_25/D_25_26.stl"/>
        <mesh name="D_25_27" file="objects/D_25/D_25_27.stl"/>
        <mesh name="D_25_28" file="objects/D_25/D_25_28.stl"/>
        <mesh name="D_25_29" file="objects/D_25/D_25_29.stl"/>
        <mesh name="D_25_30" file="objects/D_25/D_25_30.stl"/>
        <mesh name="D_25_31" file="objects/D_25/D_25_31.stl"/>
        <mesh name="D_25_32" file="objects/D_25/D_25_32.stl"/>
        <mesh name="D_25_33" file="objects/D_25/D_25_33.stl"/>
        <mesh name="D_25_34" file="objects/D_25/D_25_34.stl"/>
        <mesh name="D_25_35" file="objects/D_25/D_25_35.stl"/>
        <mesh name="D_25_36" file="objects/D_25/D_25_36.stl"/>
        <mesh name="D_25_37" file="objects/D_25/D_25_37.stl"/>
        <mesh name="D_25_38" file="objects/D_25/D_25_38.stl"/>
        <mesh name="D_25_39" file="objects/D_25/D_25_39.stl"/>
        <mesh name="D_25_40" file="objects/D_25/D_25_40.stl"/>
        <mesh name="D_25_41" file="objects/D_25/D_25_41.stl"/>
        <mesh name="D_25_42" file="objects/D_25/D_25_42.stl"/>
        <mesh name="D_25_43" file="objects/D_25/D_25_43.stl"/>
        <mesh name="D_25_44" file="objects/D_25/D_25_44.stl"/>
        <mesh name="D_25_45" file="objects/D_25/D_25_45.stl"/>
        <mesh name="D_25_46" file="objects/D_25/D_25_46.stl"/>
        <mesh name="D_25_47" file="objects/D_25/D_25_47.stl"/>
        <mesh name="D_25_48" file="objects/D_25/D_25_48.stl"/>
        <mesh name="D_25_49" file="objects/D_25/D_25_49.stl"/>
        <mesh name="D_25_50" file="objects/D_25/D_25_50.stl"/>
        <mesh name="D_25_51" file="objects/D_25/D_25_51.stl"/>
        <mesh name="D_25_52" file="objects/D_25/D_25_52.stl"/>
        <mesh name="D_25_visual" file="objects/D_25/D_25_full.stl"/>
    </asset>
</mujoco>