<mujoco>
    <asset>
        <mesh name="D_157_1" file="objects/D_157/D_157_1.stl"/>
        <mesh name="D_157_2" file="objects/D_157/D_157_2.stl"/>
        <mesh name="D_157_3" file="objects/D_157/D_157_3.stl"/>
        <mesh name="D_157_4" file="objects/D_157/D_157_4.stl"/>
        <mesh name="D_157_5" file="objects/D_157/D_157_5.stl"/>
        <mesh name="D_157_6" file="objects/D_157/D_157_6.stl"/>
        <mesh name="D_157_7" file="objects/D_157/D_157_7.stl"/>
        <mesh name="D_157_8" file="objects/D_157/D_157_8.stl"/>
        <mesh name="D_157_9" file="objects/D_157/D_157_9.stl"/>
        <mesh name="D_157_10" file="objects/D_157/D_157_10.stl"/>
        <mesh name="D_157_11" file="objects/D_157/D_157_11.stl"/>
        <mesh name="D_157_12" file="objects/D_157/D_157_12.stl"/>
        <mesh name="D_157_13" file="objects/D_157/D_157_13.stl"/>
        <mesh name="D_157_14" file="objects/D_157/D_157_14.stl"/>
        <mesh name="D_157_15" file="objects/D_157/D_157_15.stl"/>
        <mesh name="D_157_16" file="objects/D_157/D_157_16.stl"/>
        <mesh name="D_157_17" file="objects/D_157/D_157_17.stl"/>
        <mesh name="D_157_18" file="objects/D_157/D_157_18.stl"/>
        <mesh name="D_157_19" file="objects/D_157/D_157_19.stl"/>
        <mesh name="D_157_20" file="objects/D_157/D_157_20.stl"/>
        <mesh name="D_157_21" file="objects/D_157/D_157_21.stl"/>
        <mesh name="D_157_22" file="objects/D_157/D_157_22.stl"/>
        <mesh name="D_157_23" file="objects/D_157/D_157_23.stl"/>
        <mesh name="D_157_24" file="objects/D_157/D_157_24.stl"/>
        <mesh name="D_157_25" file="objects/D_157/D_157_25.stl"/>
        <mesh name="D_157_26" file="objects/D_157/D_157_26.stl"/>
        <mesh name="D_157_27" file="objects/D_157/D_157_27.stl"/>
        <mesh name="D_157_28" file="objects/D_157/D_157_28.stl"/>
        <mesh name="D_157_29" file="objects/D_157/D_157_29.stl"/>
        <mesh name="D_157_30" file="objects/D_157/D_157_30.stl"/>
        <mesh name="D_157_31" file="objects/D_157/D_157_31.stl"/>
        <mesh name="D_157_32" file="objects/D_157/D_157_32.stl"/>
        <mesh name="D_157_33" file="objects/D_157/D_157_33.stl"/>
        <mesh name="D_157_34" file="objects/D_157/D_157_34.stl"/>
        <mesh name="D_157_35" file="objects/D_157/D_157_35.stl"/>
        <mesh name="D_157_36" file="objects/D_157/D_157_36.stl"/>
        <mesh name="D_157_37" file="objects/D_157/D_157_37.stl"/>
        <mesh name="D_157_38" file="objects/D_157/D_157_38.stl"/>
        <mesh name="D_157_39" file="objects/D_157/D_157_39.stl"/>
        <mesh name="D_157_40" file="objects/D_157/D_157_40.stl"/>
        <mesh name="D_157_41" file="objects/D_157/D_157_41.stl"/>
        <mesh name="D_157_42" file="objects/D_157/D_157_42.stl"/>
        <mesh name="D_157_43" file="objects/D_157/D_157_43.stl"/>
        <mesh name="D_157_44" file="objects/D_157/D_157_44.stl"/>
        <mesh name="D_157_visual" file="objects/D_157/D_157_full.stl"/>
    </asset>
</mujoco>