<mujoco>
    <asset>
        <mesh name="D_248_1" file="objects/D_248/D_248_1.stl"/>
        <mesh name="D_248_2" file="objects/D_248/D_248_2.stl"/>
        <mesh name="D_248_3" file="objects/D_248/D_248_3.stl"/>
        <mesh name="D_248_4" file="objects/D_248/D_248_4.stl"/>
        <mesh name="D_248_5" file="objects/D_248/D_248_5.stl"/>
        <mesh name="D_248_6" file="objects/D_248/D_248_6.stl"/>
        <mesh name="D_248_7" file="objects/D_248/D_248_7.stl"/>
        <mesh name="D_248_8" file="objects/D_248/D_248_8.stl"/>
        <mesh name="D_248_9" file="objects/D_248/D_248_9.stl"/>
        <mesh name="D_248_10" file="objects/D_248/D_248_10.stl"/>
        <mesh name="D_248_11" file="objects/D_248/D_248_11.stl"/>
        <mesh name="D_248_12" file="objects/D_248/D_248_12.stl"/>
        <mesh name="D_248_13" file="objects/D_248/D_248_13.stl"/>
        <mesh name="D_248_14" file="objects/D_248/D_248_14.stl"/>
        <mesh name="D_248_15" file="objects/D_248/D_248_15.stl"/>
        <mesh name="D_248_16" file="objects/D_248/D_248_16.stl"/>
        <mesh name="D_248_17" file="objects/D_248/D_248_17.stl"/>
        <mesh name="D_248_18" file="objects/D_248/D_248_18.stl"/>
        <mesh name="D_248_19" file="objects/D_248/D_248_19.stl"/>
        <mesh name="D_248_20" file="objects/D_248/D_248_20.stl"/>
        <mesh name="D_248_21" file="objects/D_248/D_248_21.stl"/>
        <mesh name="D_248_22" file="objects/D_248/D_248_22.stl"/>
        <mesh name="D_248_23" file="objects/D_248/D_248_23.stl"/>
        <mesh name="D_248_24" file="objects/D_248/D_248_24.stl"/>
        <mesh name="D_248_25" file="objects/D_248/D_248_25.stl"/>
        <mesh name="D_248_26" file="objects/D_248/D_248_26.stl"/>
        <mesh name="D_248_27" file="objects/D_248/D_248_27.stl"/>
        <mesh name="D_248_28" file="objects/D_248/D_248_28.stl"/>
        <mesh name="D_248_29" file="objects/D_248/D_248_29.stl"/>
        <mesh name="D_248_30" file="objects/D_248/D_248_30.stl"/>
        <mesh name="D_248_31" file="objects/D_248/D_248_31.stl"/>
        <mesh name="D_248_32" file="objects/D_248/D_248_32.stl"/>
        <mesh name="D_248_33" file="objects/D_248/D_248_33.stl"/>
        <mesh name="D_248_34" file="objects/D_248/D_248_34.stl"/>
        <mesh name="D_248_35" file="objects/D_248/D_248_35.stl"/>
        <mesh name="D_248_36" file="objects/D_248/D_248_36.stl"/>
        <mesh name="D_248_37" file="objects/D_248/D_248_37.stl"/>
        <mesh name="D_248_38" file="objects/D_248/D_248_38.stl"/>
        <mesh name="D_248_39" file="objects/D_248/D_248_39.stl"/>
        <mesh name="D_248_40" file="objects/D_248/D_248_40.stl"/>
        <mesh name="D_248_41" file="objects/D_248/D_248_41.stl"/>
        <mesh name="D_248_42" file="objects/D_248/D_248_42.stl"/>
        <mesh name="D_248_43" file="objects/D_248/D_248_43.stl"/>
        <mesh name="D_248_44" file="objects/D_248/D_248_44.stl"/>
        <mesh name="D_248_45" file="objects/D_248/D_248_45.stl"/>
        <mesh name="D_248_46" file="objects/D_248/D_248_46.stl"/>
        <mesh name="D_248_47" file="objects/D_248/D_248_47.stl"/>
        <mesh name="D_248_48" file="objects/D_248/D_248_48.stl"/>
        <mesh name="D_248_49" file="objects/D_248/D_248_49.stl"/>
        <mesh name="D_248_50" file="objects/D_248/D_248_50.stl"/>
        <mesh name="D_248_51" file="objects/D_248/D_248_51.stl"/>
        <mesh name="D_248_52" file="objects/D_248/D_248_52.stl"/>
        <mesh name="D_248_53" file="objects/D_248/D_248_53.stl"/>
        <mesh name="D_248_54" file="objects/D_248/D_248_54.stl"/>
        <mesh name="D_248_55" file="objects/D_248/D_248_55.stl"/>
        <mesh name="D_248_56" file="objects/D_248/D_248_56.stl"/>
        <mesh name="D_248_57" file="objects/D_248/D_248_57.stl"/>
        <mesh name="D_248_58" file="objects/D_248/D_248_58.stl"/>
        <mesh name="D_248_59" file="objects/D_248/D_248_59.stl"/>
        <mesh name="D_248_60" file="objects/D_248/D_248_60.stl"/>
        <mesh name="D_248_61" file="objects/D_248/D_248_61.stl"/>
        <mesh name="D_248_62" file="objects/D_248/D_248_62.stl"/>
        <mesh name="D_248_63" file="objects/D_248/D_248_63.stl"/>
        <mesh name="D_248_64" file="objects/D_248/D_248_64.stl"/>
        <mesh name="D_248_65" file="objects/D_248/D_248_65.stl"/>
        <mesh name="D_248_66" file="objects/D_248/D_248_66.stl"/>
        <mesh name="D_248_67" file="objects/D_248/D_248_67.stl"/>
        <mesh name="D_248_68" file="objects/D_248/D_248_68.stl"/>
        <mesh name="D_248_69" file="objects/D_248/D_248_69.stl"/>
        <mesh name="D_248_70" file="objects/D_248/D_248_70.stl"/>
        <mesh name="D_248_71" file="objects/D_248/D_248_71.stl"/>
        <mesh name="D_248_72" file="objects/D_248/D_248_72.stl"/>
        <mesh name="D_248_73" file="objects/D_248/D_248_73.stl"/>
        <mesh name="D_248_74" file="objects/D_248/D_248_74.stl"/>
        <mesh name="D_248_75" file="objects/D_248/D_248_75.stl"/>
        <mesh name="D_248_76" file="objects/D_248/D_248_76.stl"/>
        <mesh name="D_248_77" file="objects/D_248/D_248_77.stl"/>
        <mesh name="D_248_78" file="objects/D_248/D_248_78.stl"/>
        <mesh name="D_248_visual" file="objects/D_248/D_248_full.stl"/>
    </asset>
</mujoco>