<mujoco>
    <asset>
        <mesh name="D_187_1" file="objects/D_187/D_187_1.stl"/>
        <mesh name="D_187_2" file="objects/D_187/D_187_2.stl"/>
        <mesh name="D_187_3" file="objects/D_187/D_187_3.stl"/>
        <mesh name="D_187_4" file="objects/D_187/D_187_4.stl"/>
        <mesh name="D_187_5" file="objects/D_187/D_187_5.stl"/>
        <mesh name="D_187_6" file="objects/D_187/D_187_6.stl"/>
        <mesh name="D_187_7" file="objects/D_187/D_187_7.stl"/>
        <mesh name="D_187_8" file="objects/D_187/D_187_8.stl"/>
        <mesh name="D_187_9" file="objects/D_187/D_187_9.stl"/>
        <mesh name="D_187_10" file="objects/D_187/D_187_10.stl"/>
        <mesh name="D_187_11" file="objects/D_187/D_187_11.stl"/>
        <mesh name="D_187_12" file="objects/D_187/D_187_12.stl"/>
        <mesh name="D_187_13" file="objects/D_187/D_187_13.stl"/>
        <mesh name="D_187_14" file="objects/D_187/D_187_14.stl"/>
        <mesh name="D_187_15" file="objects/D_187/D_187_15.stl"/>
        <mesh name="D_187_visual" file="objects/D_187/D_187_full.stl"/>
    </asset>
</mujoco>