<mujoco>
    <asset>
        <mesh name="D_81_1" file="objects/D_81/D_81_1.stl"/>
        <mesh name="D_81_2" file="objects/D_81/D_81_2.stl"/>
        <mesh name="D_81_3" file="objects/D_81/D_81_3.stl"/>
        <mesh name="D_81_4" file="objects/D_81/D_81_4.stl"/>
        <mesh name="D_81_5" file="objects/D_81/D_81_5.stl"/>
        <mesh name="D_81_6" file="objects/D_81/D_81_6.stl"/>
        <mesh name="D_81_7" file="objects/D_81/D_81_7.stl"/>
        <mesh name="D_81_8" file="objects/D_81/D_81_8.stl"/>
        <mesh name="D_81_9" file="objects/D_81/D_81_9.stl"/>
        <mesh name="D_81_10" file="objects/D_81/D_81_10.stl"/>
        <mesh name="D_81_11" file="objects/D_81/D_81_11.stl"/>
        <mesh name="D_81_12" file="objects/D_81/D_81_12.stl"/>
        <mesh name="D_81_13" file="objects/D_81/D_81_13.stl"/>
        <mesh name="D_81_14" file="objects/D_81/D_81_14.stl"/>
        <mesh name="D_81_15" file="objects/D_81/D_81_15.stl"/>
        <mesh name="D_81_16" file="objects/D_81/D_81_16.stl"/>
        <mesh name="D_81_17" file="objects/D_81/D_81_17.stl"/>
        <mesh name="D_81_18" file="objects/D_81/D_81_18.stl"/>
        <mesh name="D_81_19" file="objects/D_81/D_81_19.stl"/>
        <mesh name="D_81_20" file="objects/D_81/D_81_20.stl"/>
        <mesh name="D_81_21" file="objects/D_81/D_81_21.stl"/>
        <mesh name="D_81_22" file="objects/D_81/D_81_22.stl"/>
        <mesh name="D_81_23" file="objects/D_81/D_81_23.stl"/>
        <mesh name="D_81_24" file="objects/D_81/D_81_24.stl"/>
        <mesh name="D_81_25" file="objects/D_81/D_81_25.stl"/>
        <mesh name="D_81_26" file="objects/D_81/D_81_26.stl"/>
        <mesh name="D_81_27" file="objects/D_81/D_81_27.stl"/>
        <mesh name="D_81_28" file="objects/D_81/D_81_28.stl"/>
        <mesh name="D_81_29" file="objects/D_81/D_81_29.stl"/>
        <mesh name="D_81_30" file="objects/D_81/D_81_30.stl"/>
        <mesh name="D_81_31" file="objects/D_81/D_81_31.stl"/>
        <mesh name="D_81_32" file="objects/D_81/D_81_32.stl"/>
        <mesh name="D_81_33" file="objects/D_81/D_81_33.stl"/>
        <mesh name="D_81_34" file="objects/D_81/D_81_34.stl"/>
        <mesh name="D_81_35" file="objects/D_81/D_81_35.stl"/>
        <mesh name="D_81_36" file="objects/D_81/D_81_36.stl"/>
        <mesh name="D_81_37" file="objects/D_81/D_81_37.stl"/>
        <mesh name="D_81_38" file="objects/D_81/D_81_38.stl"/>
        <mesh name="D_81_39" file="objects/D_81/D_81_39.stl"/>
        <mesh name="D_81_40" file="objects/D_81/D_81_40.stl"/>
        <mesh name="D_81_41" file="objects/D_81/D_81_41.stl"/>
        <mesh name="D_81_42" file="objects/D_81/D_81_42.stl"/>
        <mesh name="D_81_43" file="objects/D_81/D_81_43.stl"/>
        <mesh name="D_81_44" file="objects/D_81/D_81_44.stl"/>
        <mesh name="D_81_45" file="objects/D_81/D_81_45.stl"/>
        <mesh name="D_81_46" file="objects/D_81/D_81_46.stl"/>
        <mesh name="D_81_visual" file="objects/D_81/D_81_full.stl"/>
    </asset>
</mujoco>