<mujoco>
    <asset>
        <mesh name="D_3_1" file="objects/D_3/D_3_1.stl"/>
        <mesh name="D_3_2" file="objects/D_3/D_3_2.stl"/>
        <mesh name="D_3_3" file="objects/D_3/D_3_3.stl"/>
        <mesh name="D_3_4" file="objects/D_3/D_3_4.stl"/>
        <mesh name="D_3_5" file="objects/D_3/D_3_5.stl"/>
        <mesh name="D_3_6" file="objects/D_3/D_3_6.stl"/>
        <mesh name="D_3_7" file="objects/D_3/D_3_7.stl"/>
        <mesh name="D_3_visual" file="objects/D_3/D_3_full.stl"/>
    </asset>
</mujoco>