<mujoco>
    <asset>
        <mesh name="D_235_1" file="objects/D_235/D_235_1.stl"/>
        <mesh name="D_235_2" file="objects/D_235/D_235_2.stl"/>
        <mesh name="D_235_3" file="objects/D_235/D_235_3.stl"/>
        <mesh name="D_235_4" file="objects/D_235/D_235_4.stl"/>
        <mesh name="D_235_5" file="objects/D_235/D_235_5.stl"/>
        <mesh name="D_235_6" file="objects/D_235/D_235_6.stl"/>
        <mesh name="D_235_7" file="objects/D_235/D_235_7.stl"/>
        <mesh name="D_235_8" file="objects/D_235/D_235_8.stl"/>
        <mesh name="D_235_9" file="objects/D_235/D_235_9.stl"/>
        <mesh name="D_235_10" file="objects/D_235/D_235_10.stl"/>
        <mesh name="D_235_11" file="objects/D_235/D_235_11.stl"/>
        <mesh name="D_235_12" file="objects/D_235/D_235_12.stl"/>
        <mesh name="D_235_13" file="objects/D_235/D_235_13.stl"/>
        <mesh name="D_235_14" file="objects/D_235/D_235_14.stl"/>
        <mesh name="D_235_15" file="objects/D_235/D_235_15.stl"/>
        <mesh name="D_235_16" file="objects/D_235/D_235_16.stl"/>
        <mesh name="D_235_17" file="objects/D_235/D_235_17.stl"/>
        <mesh name="D_235_18" file="objects/D_235/D_235_18.stl"/>
        <mesh name="D_235_19" file="objects/D_235/D_235_19.stl"/>
        <mesh name="D_235_20" file="objects/D_235/D_235_20.stl"/>
        <mesh name="D_235_21" file="objects/D_235/D_235_21.stl"/>
        <mesh name="D_235_22" file="objects/D_235/D_235_22.stl"/>
        <mesh name="D_235_23" file="objects/D_235/D_235_23.stl"/>
        <mesh name="D_235_24" file="objects/D_235/D_235_24.stl"/>
        <mesh name="D_235_25" file="objects/D_235/D_235_25.stl"/>
        <mesh name="D_235_26" file="objects/D_235/D_235_26.stl"/>
        <mesh name="D_235_27" file="objects/D_235/D_235_27.stl"/>
        <mesh name="D_235_28" file="objects/D_235/D_235_28.stl"/>
        <mesh name="D_235_29" file="objects/D_235/D_235_29.stl"/>
        <mesh name="D_235_30" file="objects/D_235/D_235_30.stl"/>
        <mesh name="D_235_31" file="objects/D_235/D_235_31.stl"/>
        <mesh name="D_235_32" file="objects/D_235/D_235_32.stl"/>
        <mesh name="D_235_33" file="objects/D_235/D_235_33.stl"/>
        <mesh name="D_235_34" file="objects/D_235/D_235_34.stl"/>
        <mesh name="D_235_35" file="objects/D_235/D_235_35.stl"/>
        <mesh name="D_235_36" file="objects/D_235/D_235_36.stl"/>
        <mesh name="D_235_37" file="objects/D_235/D_235_37.stl"/>
        <mesh name="D_235_38" file="objects/D_235/D_235_38.stl"/>
        <mesh name="D_235_39" file="objects/D_235/D_235_39.stl"/>
        <mesh name="D_235_40" file="objects/D_235/D_235_40.stl"/>
        <mesh name="D_235_41" file="objects/D_235/D_235_41.stl"/>
        <mesh name="D_235_42" file="objects/D_235/D_235_42.stl"/>
        <mesh name="D_235_43" file="objects/D_235/D_235_43.stl"/>
        <mesh name="D_235_44" file="objects/D_235/D_235_44.stl"/>
        <mesh name="D_235_45" file="objects/D_235/D_235_45.stl"/>
        <mesh name="D_235_46" file="objects/D_235/D_235_46.stl"/>
        <mesh name="D_235_47" file="objects/D_235/D_235_47.stl"/>
        <mesh name="D_235_48" file="objects/D_235/D_235_48.stl"/>
        <mesh name="D_235_49" file="objects/D_235/D_235_49.stl"/>
        <mesh name="D_235_50" file="objects/D_235/D_235_50.stl"/>
        <mesh name="D_235_51" file="objects/D_235/D_235_51.stl"/>
        <mesh name="D_235_52" file="objects/D_235/D_235_52.stl"/>
        <mesh name="D_235_53" file="objects/D_235/D_235_53.stl"/>
        <mesh name="D_235_54" file="objects/D_235/D_235_54.stl"/>
        <mesh name="D_235_55" file="objects/D_235/D_235_55.stl"/>
        <mesh name="D_235_56" file="objects/D_235/D_235_56.stl"/>
        <mesh name="D_235_57" file="objects/D_235/D_235_57.stl"/>
        <mesh name="D_235_58" file="objects/D_235/D_235_58.stl"/>
        <mesh name="D_235_59" file="objects/D_235/D_235_59.stl"/>
        <mesh name="D_235_60" file="objects/D_235/D_235_60.stl"/>
        <mesh name="D_235_61" file="objects/D_235/D_235_61.stl"/>
        <mesh name="D_235_62" file="objects/D_235/D_235_62.stl"/>
        <mesh name="D_235_63" file="objects/D_235/D_235_63.stl"/>
        <mesh name="D_235_64" file="objects/D_235/D_235_64.stl"/>
        <mesh name="D_235_65" file="objects/D_235/D_235_65.stl"/>
        <mesh name="D_235_66" file="objects/D_235/D_235_66.stl"/>
        <mesh name="D_235_67" file="objects/D_235/D_235_67.stl"/>
        <mesh name="D_235_68" file="objects/D_235/D_235_68.stl"/>
        <mesh name="D_235_69" file="objects/D_235/D_235_69.stl"/>
        <mesh name="D_235_70" file="objects/D_235/D_235_70.stl"/>
        <mesh name="D_235_71" file="objects/D_235/D_235_71.stl"/>
        <mesh name="D_235_72" file="objects/D_235/D_235_72.stl"/>
        <mesh name="D_235_73" file="objects/D_235/D_235_73.stl"/>
        <mesh name="D_235_74" file="objects/D_235/D_235_74.stl"/>
        <mesh name="D_235_75" file="objects/D_235/D_235_75.stl"/>
        <mesh name="D_235_76" file="objects/D_235/D_235_76.stl"/>
        <mesh name="D_235_77" file="objects/D_235/D_235_77.stl"/>
        <mesh name="D_235_78" file="objects/D_235/D_235_78.stl"/>
        <mesh name="D_235_79" file="objects/D_235/D_235_79.stl"/>
        <mesh name="D_235_80" file="objects/D_235/D_235_80.stl"/>
        <mesh name="D_235_81" file="objects/D_235/D_235_81.stl"/>
        <mesh name="D_235_82" file="objects/D_235/D_235_82.stl"/>
        <mesh name="D_235_83" file="objects/D_235/D_235_83.stl"/>
        <mesh name="D_235_84" file="objects/D_235/D_235_84.stl"/>
        <mesh name="D_235_85" file="objects/D_235/D_235_85.stl"/>
        <mesh name="D_235_86" file="objects/D_235/D_235_86.stl"/>
        <mesh name="D_235_87" file="objects/D_235/D_235_87.stl"/>
        <mesh name="D_235_88" file="objects/D_235/D_235_88.stl"/>
        <mesh name="D_235_89" file="objects/D_235/D_235_89.stl"/>
        <mesh name="D_235_visual" file="objects/D_235/D_235_full.stl"/>
    </asset>
</mujoco>