<mujoco>
    <asset>
        <mesh name="D_153_1" file="objects/D_153/D_153_1.stl"/>
        <mesh name="D_153_2" file="objects/D_153/D_153_2.stl"/>
        <mesh name="D_153_3" file="objects/D_153/D_153_3.stl"/>
        <mesh name="D_153_4" file="objects/D_153/D_153_4.stl"/>
        <mesh name="D_153_5" file="objects/D_153/D_153_5.stl"/>
        <mesh name="D_153_6" file="objects/D_153/D_153_6.stl"/>
        <mesh name="D_153_7" file="objects/D_153/D_153_7.stl"/>
        <mesh name="D_153_8" file="objects/D_153/D_153_8.stl"/>
        <mesh name="D_153_9" file="objects/D_153/D_153_9.stl"/>
        <mesh name="D_153_10" file="objects/D_153/D_153_10.stl"/>
        <mesh name="D_153_11" file="objects/D_153/D_153_11.stl"/>
        <mesh name="D_153_12" file="objects/D_153/D_153_12.stl"/>
        <mesh name="D_153_13" file="objects/D_153/D_153_13.stl"/>
        <mesh name="D_153_14" file="objects/D_153/D_153_14.stl"/>
        <mesh name="D_153_15" file="objects/D_153/D_153_15.stl"/>
        <mesh name="D_153_16" file="objects/D_153/D_153_16.stl"/>
        <mesh name="D_153_17" file="objects/D_153/D_153_17.stl"/>
        <mesh name="D_153_18" file="objects/D_153/D_153_18.stl"/>
        <mesh name="D_153_19" file="objects/D_153/D_153_19.stl"/>
        <mesh name="D_153_20" file="objects/D_153/D_153_20.stl"/>
        <mesh name="D_153_21" file="objects/D_153/D_153_21.stl"/>
        <mesh name="D_153_22" file="objects/D_153/D_153_22.stl"/>
        <mesh name="D_153_23" file="objects/D_153/D_153_23.stl"/>
        <mesh name="D_153_24" file="objects/D_153/D_153_24.stl"/>
        <mesh name="D_153_25" file="objects/D_153/D_153_25.stl"/>
        <mesh name="D_153_26" file="objects/D_153/D_153_26.stl"/>
        <mesh name="D_153_27" file="objects/D_153/D_153_27.stl"/>
        <mesh name="D_153_28" file="objects/D_153/D_153_28.stl"/>
        <mesh name="D_153_29" file="objects/D_153/D_153_29.stl"/>
        <mesh name="D_153_30" file="objects/D_153/D_153_30.stl"/>
        <mesh name="D_153_31" file="objects/D_153/D_153_31.stl"/>
        <mesh name="D_153_32" file="objects/D_153/D_153_32.stl"/>
        <mesh name="D_153_33" file="objects/D_153/D_153_33.stl"/>
        <mesh name="D_153_34" file="objects/D_153/D_153_34.stl"/>
        <mesh name="D_153_35" file="objects/D_153/D_153_35.stl"/>
        <mesh name="D_153_36" file="objects/D_153/D_153_36.stl"/>
        <mesh name="D_153_37" file="objects/D_153/D_153_37.stl"/>
        <mesh name="D_153_38" file="objects/D_153/D_153_38.stl"/>
        <mesh name="D_153_39" file="objects/D_153/D_153_39.stl"/>
        <mesh name="D_153_40" file="objects/D_153/D_153_40.stl"/>
        <mesh name="D_153_41" file="objects/D_153/D_153_41.stl"/>
        <mesh name="D_153_42" file="objects/D_153/D_153_42.stl"/>
        <mesh name="D_153_43" file="objects/D_153/D_153_43.stl"/>
        <mesh name="D_153_44" file="objects/D_153/D_153_44.stl"/>
        <mesh name="D_153_45" file="objects/D_153/D_153_45.stl"/>
        <mesh name="D_153_46" file="objects/D_153/D_153_46.stl"/>
        <mesh name="D_153_47" file="objects/D_153/D_153_47.stl"/>
        <mesh name="D_153_48" file="objects/D_153/D_153_48.stl"/>
        <mesh name="D_153_49" file="objects/D_153/D_153_49.stl"/>
        <mesh name="D_153_50" file="objects/D_153/D_153_50.stl"/>
        <mesh name="D_153_51" file="objects/D_153/D_153_51.stl"/>
        <mesh name="D_153_52" file="objects/D_153/D_153_52.stl"/>
        <mesh name="D_153_53" file="objects/D_153/D_153_53.stl"/>
        <mesh name="D_153_54" file="objects/D_153/D_153_54.stl"/>
        <mesh name="D_153_55" file="objects/D_153/D_153_55.stl"/>
        <mesh name="D_153_56" file="objects/D_153/D_153_56.stl"/>
        <mesh name="D_153_57" file="objects/D_153/D_153_57.stl"/>
        <mesh name="D_153_58" file="objects/D_153/D_153_58.stl"/>
        <mesh name="D_153_59" file="objects/D_153/D_153_59.stl"/>
        <mesh name="D_153_60" file="objects/D_153/D_153_60.stl"/>
        <mesh name="D_153_61" file="objects/D_153/D_153_61.stl"/>
        <mesh name="D_153_62" file="objects/D_153/D_153_62.stl"/>
        <mesh name="D_153_63" file="objects/D_153/D_153_63.stl"/>
        <mesh name="D_153_64" file="objects/D_153/D_153_64.stl"/>
        <mesh name="D_153_65" file="objects/D_153/D_153_65.stl"/>
        <mesh name="D_153_66" file="objects/D_153/D_153_66.stl"/>
        <mesh name="D_153_67" file="objects/D_153/D_153_67.stl"/>
        <mesh name="D_153_68" file="objects/D_153/D_153_68.stl"/>
        <mesh name="D_153_69" file="objects/D_153/D_153_69.stl"/>
        <mesh name="D_153_70" file="objects/D_153/D_153_70.stl"/>
        <mesh name="D_153_71" file="objects/D_153/D_153_71.stl"/>
        <mesh name="D_153_72" file="objects/D_153/D_153_72.stl"/>
        <mesh name="D_153_73" file="objects/D_153/D_153_73.stl"/>
        <mesh name="D_153_74" file="objects/D_153/D_153_74.stl"/>
        <mesh name="D_153_75" file="objects/D_153/D_153_75.stl"/>
        <mesh name="D_153_76" file="objects/D_153/D_153_76.stl"/>
        <mesh name="D_153_77" file="objects/D_153/D_153_77.stl"/>
        <mesh name="D_153_78" file="objects/D_153/D_153_78.stl"/>
        <mesh name="D_153_79" file="objects/D_153/D_153_79.stl"/>
        <mesh name="D_153_80" file="objects/D_153/D_153_80.stl"/>
        <mesh name="D_153_81" file="objects/D_153/D_153_81.stl"/>
        <mesh name="D_153_visual" file="objects/D_153/D_153_full.stl"/>
    </asset>
</mujoco>