<mujoco>
    <asset>
        <mesh name="D_20_1" file="objects/D_20/D_20_1.stl"/>
        <mesh name="D_20_2" file="objects/D_20/D_20_2.stl"/>
        <mesh name="D_20_3" file="objects/D_20/D_20_3.stl"/>
        <mesh name="D_20_4" file="objects/D_20/D_20_4.stl"/>
        <mesh name="D_20_5" file="objects/D_20/D_20_5.stl"/>
        <mesh name="D_20_6" file="objects/D_20/D_20_6.stl"/>
        <mesh name="D_20_7" file="objects/D_20/D_20_7.stl"/>
        <mesh name="D_20_8" file="objects/D_20/D_20_8.stl"/>
        <mesh name="D_20_9" file="objects/D_20/D_20_9.stl"/>
        <mesh name="D_20_10" file="objects/D_20/D_20_10.stl"/>
        <mesh name="D_20_11" file="objects/D_20/D_20_11.stl"/>
        <mesh name="D_20_12" file="objects/D_20/D_20_12.stl"/>
        <mesh name="D_20_13" file="objects/D_20/D_20_13.stl"/>
        <mesh name="D_20_14" file="objects/D_20/D_20_14.stl"/>
        <mesh name="D_20_15" file="objects/D_20/D_20_15.stl"/>
        <mesh name="D_20_16" file="objects/D_20/D_20_16.stl"/>
        <mesh name="D_20_17" file="objects/D_20/D_20_17.stl"/>
        <mesh name="D_20_18" file="objects/D_20/D_20_18.stl"/>
        <mesh name="D_20_19" file="objects/D_20/D_20_19.stl"/>
        <mesh name="D_20_20" file="objects/D_20/D_20_20.stl"/>
        <mesh name="D_20_21" file="objects/D_20/D_20_21.stl"/>
        <mesh name="D_20_22" file="objects/D_20/D_20_22.stl"/>
        <mesh name="D_20_23" file="objects/D_20/D_20_23.stl"/>
        <mesh name="D_20_24" file="objects/D_20/D_20_24.stl"/>
        <mesh name="D_20_25" file="objects/D_20/D_20_25.stl"/>
        <mesh name="D_20_26" file="objects/D_20/D_20_26.stl"/>
        <mesh name="D_20_27" file="objects/D_20/D_20_27.stl"/>
        <mesh name="D_20_28" file="objects/D_20/D_20_28.stl"/>
        <mesh name="D_20_29" file="objects/D_20/D_20_29.stl"/>
        <mesh name="D_20_30" file="objects/D_20/D_20_30.stl"/>
        <mesh name="D_20_31" file="objects/D_20/D_20_31.stl"/>
        <mesh name="D_20_32" file="objects/D_20/D_20_32.stl"/>
        <mesh name="D_20_33" file="objects/D_20/D_20_33.stl"/>
        <mesh name="D_20_34" file="objects/D_20/D_20_34.stl"/>
        <mesh name="D_20_35" file="objects/D_20/D_20_35.stl"/>
        <mesh name="D_20_36" file="objects/D_20/D_20_36.stl"/>
        <mesh name="D_20_37" file="objects/D_20/D_20_37.stl"/>
        <mesh name="D_20_38" file="objects/D_20/D_20_38.stl"/>
        <mesh name="D_20_39" file="objects/D_20/D_20_39.stl"/>
        <mesh name="D_20_40" file="objects/D_20/D_20_40.stl"/>
        <mesh name="D_20_41" file="objects/D_20/D_20_41.stl"/>
        <mesh name="D_20_42" file="objects/D_20/D_20_42.stl"/>
        <mesh name="D_20_43" file="objects/D_20/D_20_43.stl"/>
        <mesh name="D_20_44" file="objects/D_20/D_20_44.stl"/>
        <mesh name="D_20_45" file="objects/D_20/D_20_45.stl"/>
        <mesh name="D_20_46" file="objects/D_20/D_20_46.stl"/>
        <mesh name="D_20_47" file="objects/D_20/D_20_47.stl"/>
        <mesh name="D_20_48" file="objects/D_20/D_20_48.stl"/>
        <mesh name="D_20_49" file="objects/D_20/D_20_49.stl"/>
        <mesh name="D_20_50" file="objects/D_20/D_20_50.stl"/>
        <mesh name="D_20_51" file="objects/D_20/D_20_51.stl"/>
        <mesh name="D_20_52" file="objects/D_20/D_20_52.stl"/>
        <mesh name="D_20_53" file="objects/D_20/D_20_53.stl"/>
        <mesh name="D_20_54" file="objects/D_20/D_20_54.stl"/>
        <mesh name="D_20_55" file="objects/D_20/D_20_55.stl"/>
        <mesh name="D_20_56" file="objects/D_20/D_20_56.stl"/>
        <mesh name="D_20_57" file="objects/D_20/D_20_57.stl"/>
        <mesh name="D_20_58" file="objects/D_20/D_20_58.stl"/>
        <mesh name="D_20_59" file="objects/D_20/D_20_59.stl"/>
        <mesh name="D_20_60" file="objects/D_20/D_20_60.stl"/>
        <mesh name="D_20_61" file="objects/D_20/D_20_61.stl"/>
        <mesh name="D_20_62" file="objects/D_20/D_20_62.stl"/>
        <mesh name="D_20_63" file="objects/D_20/D_20_63.stl"/>
        <mesh name="D_20_64" file="objects/D_20/D_20_64.stl"/>
        <mesh name="D_20_65" file="objects/D_20/D_20_65.stl"/>
        <mesh name="D_20_66" file="objects/D_20/D_20_66.stl"/>
        <mesh name="D_20_67" file="objects/D_20/D_20_67.stl"/>
        <mesh name="D_20_68" file="objects/D_20/D_20_68.stl"/>
        <mesh name="D_20_69" file="objects/D_20/D_20_69.stl"/>
        <mesh name="D_20_70" file="objects/D_20/D_20_70.stl"/>
        <mesh name="D_20_71" file="objects/D_20/D_20_71.stl"/>
        <mesh name="D_20_72" file="objects/D_20/D_20_72.stl"/>
        <mesh name="D_20_73" file="objects/D_20/D_20_73.stl"/>
        <mesh name="D_20_74" file="objects/D_20/D_20_74.stl"/>
        <mesh name="D_20_75" file="objects/D_20/D_20_75.stl"/>
        <mesh name="D_20_76" file="objects/D_20/D_20_76.stl"/>
        <mesh name="D_20_77" file="objects/D_20/D_20_77.stl"/>
        <mesh name="D_20_78" file="objects/D_20/D_20_78.stl"/>
        <mesh name="D_20_79" file="objects/D_20/D_20_79.stl"/>
        <mesh name="D_20_visual" file="objects/D_20/D_20_full.stl"/>
    </asset>
</mujoco>