<mujoco>
    <asset>
        <mesh name="D_76_1" file="objects/D_76/D_76_1.stl"/>
        <mesh name="D_76_2" file="objects/D_76/D_76_2.stl"/>
        <mesh name="D_76_3" file="objects/D_76/D_76_3.stl"/>
        <mesh name="D_76_4" file="objects/D_76/D_76_4.stl"/>
        <mesh name="D_76_5" file="objects/D_76/D_76_5.stl"/>
        <mesh name="D_76_6" file="objects/D_76/D_76_6.stl"/>
        <mesh name="D_76_7" file="objects/D_76/D_76_7.stl"/>
        <mesh name="D_76_8" file="objects/D_76/D_76_8.stl"/>
        <mesh name="D_76_9" file="objects/D_76/D_76_9.stl"/>
        <mesh name="D_76_10" file="objects/D_76/D_76_10.stl"/>
        <mesh name="D_76_11" file="objects/D_76/D_76_11.stl"/>
        <mesh name="D_76_12" file="objects/D_76/D_76_12.stl"/>
        <mesh name="D_76_13" file="objects/D_76/D_76_13.stl"/>
        <mesh name="D_76_14" file="objects/D_76/D_76_14.stl"/>
        <mesh name="D_76_15" file="objects/D_76/D_76_15.stl"/>
        <mesh name="D_76_16" file="objects/D_76/D_76_16.stl"/>
        <mesh name="D_76_17" file="objects/D_76/D_76_17.stl"/>
        <mesh name="D_76_18" file="objects/D_76/D_76_18.stl"/>
        <mesh name="D_76_19" file="objects/D_76/D_76_19.stl"/>
        <mesh name="D_76_20" file="objects/D_76/D_76_20.stl"/>
        <mesh name="D_76_21" file="objects/D_76/D_76_21.stl"/>
        <mesh name="D_76_22" file="objects/D_76/D_76_22.stl"/>
        <mesh name="D_76_23" file="objects/D_76/D_76_23.stl"/>
        <mesh name="D_76_24" file="objects/D_76/D_76_24.stl"/>
        <mesh name="D_76_25" file="objects/D_76/D_76_25.stl"/>
        <mesh name="D_76_26" file="objects/D_76/D_76_26.stl"/>
        <mesh name="D_76_27" file="objects/D_76/D_76_27.stl"/>
        <mesh name="D_76_28" file="objects/D_76/D_76_28.stl"/>
        <mesh name="D_76_29" file="objects/D_76/D_76_29.stl"/>
        <mesh name="D_76_30" file="objects/D_76/D_76_30.stl"/>
        <mesh name="D_76_31" file="objects/D_76/D_76_31.stl"/>
        <mesh name="D_76_32" file="objects/D_76/D_76_32.stl"/>
        <mesh name="D_76_33" file="objects/D_76/D_76_33.stl"/>
        <mesh name="D_76_34" file="objects/D_76/D_76_34.stl"/>
        <mesh name="D_76_35" file="objects/D_76/D_76_35.stl"/>
        <mesh name="D_76_36" file="objects/D_76/D_76_36.stl"/>
        <mesh name="D_76_37" file="objects/D_76/D_76_37.stl"/>
        <mesh name="D_76_38" file="objects/D_76/D_76_38.stl"/>
        <mesh name="D_76_39" file="objects/D_76/D_76_39.stl"/>
        <mesh name="D_76_40" file="objects/D_76/D_76_40.stl"/>
        <mesh name="D_76_41" file="objects/D_76/D_76_41.stl"/>
        <mesh name="D_76_42" file="objects/D_76/D_76_42.stl"/>
        <mesh name="D_76_43" file="objects/D_76/D_76_43.stl"/>
        <mesh name="D_76_44" file="objects/D_76/D_76_44.stl"/>
        <mesh name="D_76_45" file="objects/D_76/D_76_45.stl"/>
        <mesh name="D_76_visual" file="objects/D_76/D_76_full.stl"/>
    </asset>
</mujoco>