<mujoco>
    <asset>
        <mesh name="D_118_1" file="objects/D_118/D_118_1.stl"/>
        <mesh name="D_118_2" file="objects/D_118/D_118_2.stl"/>
        <mesh name="D_118_3" file="objects/D_118/D_118_3.stl"/>
        <mesh name="D_118_4" file="objects/D_118/D_118_4.stl"/>
        <mesh name="D_118_5" file="objects/D_118/D_118_5.stl"/>
        <mesh name="D_118_6" file="objects/D_118/D_118_6.stl"/>
        <mesh name="D_118_7" file="objects/D_118/D_118_7.stl"/>
        <mesh name="D_118_8" file="objects/D_118/D_118_8.stl"/>
        <mesh name="D_118_9" file="objects/D_118/D_118_9.stl"/>
        <mesh name="D_118_10" file="objects/D_118/D_118_10.stl"/>
        <mesh name="D_118_11" file="objects/D_118/D_118_11.stl"/>
        <mesh name="D_118_visual" file="objects/D_118/D_118_full.stl"/>
    </asset>
</mujoco>