<mujoco>
    <asset>
        <mesh name="D_2_1" file="objects/D_2/D_2_1.stl"/>
        <mesh name="D_2_2" file="objects/D_2/D_2_2.stl"/>
        <mesh name="D_2_3" file="objects/D_2/D_2_3.stl"/>
        <mesh name="D_2_4" file="objects/D_2/D_2_4.stl"/>
        <mesh name="D_2_5" file="objects/D_2/D_2_5.stl"/>
        <mesh name="D_2_6" file="objects/D_2/D_2_6.stl"/>
        <mesh name="D_2_7" file="objects/D_2/D_2_7.stl"/>
        <mesh name="D_2_8" file="objects/D_2/D_2_8.stl"/>
        <mesh name="D_2_9" file="objects/D_2/D_2_9.stl"/>
        <mesh name="D_2_10" file="objects/D_2/D_2_10.stl"/>
        <mesh name="D_2_11" file="objects/D_2/D_2_11.stl"/>
        <mesh name="D_2_12" file="objects/D_2/D_2_12.stl"/>
        <mesh name="D_2_13" file="objects/D_2/D_2_13.stl"/>
        <mesh name="D_2_14" file="objects/D_2/D_2_14.stl"/>
        <mesh name="D_2_15" file="objects/D_2/D_2_15.stl"/>
        <mesh name="D_2_16" file="objects/D_2/D_2_16.stl"/>
        <mesh name="D_2_17" file="objects/D_2/D_2_17.stl"/>
        <mesh name="D_2_18" file="objects/D_2/D_2_18.stl"/>
        <mesh name="D_2_19" file="objects/D_2/D_2_19.stl"/>
        <mesh name="D_2_20" file="objects/D_2/D_2_20.stl"/>
        <mesh name="D_2_21" file="objects/D_2/D_2_21.stl"/>
        <mesh name="D_2_22" file="objects/D_2/D_2_22.stl"/>
        <mesh name="D_2_23" file="objects/D_2/D_2_23.stl"/>
        <mesh name="D_2_24" file="objects/D_2/D_2_24.stl"/>
        <mesh name="D_2_25" file="objects/D_2/D_2_25.stl"/>
        <mesh name="D_2_26" file="objects/D_2/D_2_26.stl"/>
        <mesh name="D_2_27" file="objects/D_2/D_2_27.stl"/>
        <mesh name="D_2_28" file="objects/D_2/D_2_28.stl"/>
        <mesh name="D_2_29" file="objects/D_2/D_2_29.stl"/>
        <mesh name="D_2_30" file="objects/D_2/D_2_30.stl"/>
        <mesh name="D_2_31" file="objects/D_2/D_2_31.stl"/>
        <mesh name="D_2_32" file="objects/D_2/D_2_32.stl"/>
        <mesh name="D_2_33" file="objects/D_2/D_2_33.stl"/>
        <mesh name="D_2_34" file="objects/D_2/D_2_34.stl"/>
        <mesh name="D_2_35" file="objects/D_2/D_2_35.stl"/>
        <mesh name="D_2_36" file="objects/D_2/D_2_36.stl"/>
        <mesh name="D_2_37" file="objects/D_2/D_2_37.stl"/>
        <mesh name="D_2_38" file="objects/D_2/D_2_38.stl"/>
        <mesh name="D_2_39" file="objects/D_2/D_2_39.stl"/>
        <mesh name="D_2_visual" file="objects/D_2/D_2_full.stl"/>
    </asset>
</mujoco>