<mujoco>
    <asset>
        <mesh name="D_206_1" file="objects/D_206/D_206_1.stl"/>
        <mesh name="D_206_2" file="objects/D_206/D_206_2.stl"/>
        <mesh name="D_206_3" file="objects/D_206/D_206_3.stl"/>
        <mesh name="D_206_4" file="objects/D_206/D_206_4.stl"/>
        <mesh name="D_206_5" file="objects/D_206/D_206_5.stl"/>
        <mesh name="D_206_6" file="objects/D_206/D_206_6.stl"/>
        <mesh name="D_206_7" file="objects/D_206/D_206_7.stl"/>
        <mesh name="D_206_8" file="objects/D_206/D_206_8.stl"/>
        <mesh name="D_206_9" file="objects/D_206/D_206_9.stl"/>
        <mesh name="D_206_10" file="objects/D_206/D_206_10.stl"/>
        <mesh name="D_206_11" file="objects/D_206/D_206_11.stl"/>
        <mesh name="D_206_12" file="objects/D_206/D_206_12.stl"/>
        <mesh name="D_206_13" file="objects/D_206/D_206_13.stl"/>
        <mesh name="D_206_14" file="objects/D_206/D_206_14.stl"/>
        <mesh name="D_206_15" file="objects/D_206/D_206_15.stl"/>
        <mesh name="D_206_16" file="objects/D_206/D_206_16.stl"/>
        <mesh name="D_206_17" file="objects/D_206/D_206_17.stl"/>
        <mesh name="D_206_18" file="objects/D_206/D_206_18.stl"/>
        <mesh name="D_206_19" file="objects/D_206/D_206_19.stl"/>
        <mesh name="D_206_20" file="objects/D_206/D_206_20.stl"/>
        <mesh name="D_206_21" file="objects/D_206/D_206_21.stl"/>
        <mesh name="D_206_22" file="objects/D_206/D_206_22.stl"/>
        <mesh name="D_206_23" file="objects/D_206/D_206_23.stl"/>
        <mesh name="D_206_24" file="objects/D_206/D_206_24.stl"/>
        <mesh name="D_206_25" file="objects/D_206/D_206_25.stl"/>
        <mesh name="D_206_26" file="objects/D_206/D_206_26.stl"/>
        <mesh name="D_206_27" file="objects/D_206/D_206_27.stl"/>
        <mesh name="D_206_28" file="objects/D_206/D_206_28.stl"/>
        <mesh name="D_206_29" file="objects/D_206/D_206_29.stl"/>
        <mesh name="D_206_30" file="objects/D_206/D_206_30.stl"/>
        <mesh name="D_206_31" file="objects/D_206/D_206_31.stl"/>
        <mesh name="D_206_32" file="objects/D_206/D_206_32.stl"/>
        <mesh name="D_206_33" file="objects/D_206/D_206_33.stl"/>
        <mesh name="D_206_34" file="objects/D_206/D_206_34.stl"/>
        <mesh name="D_206_35" file="objects/D_206/D_206_35.stl"/>
        <mesh name="D_206_36" file="objects/D_206/D_206_36.stl"/>
        <mesh name="D_206_37" file="objects/D_206/D_206_37.stl"/>
        <mesh name="D_206_38" file="objects/D_206/D_206_38.stl"/>
        <mesh name="D_206_39" file="objects/D_206/D_206_39.stl"/>
        <mesh name="D_206_40" file="objects/D_206/D_206_40.stl"/>
        <mesh name="D_206_41" file="objects/D_206/D_206_41.stl"/>
        <mesh name="D_206_42" file="objects/D_206/D_206_42.stl"/>
        <mesh name="D_206_43" file="objects/D_206/D_206_43.stl"/>
        <mesh name="D_206_44" file="objects/D_206/D_206_44.stl"/>
        <mesh name="D_206_45" file="objects/D_206/D_206_45.stl"/>
        <mesh name="D_206_46" file="objects/D_206/D_206_46.stl"/>
        <mesh name="D_206_47" file="objects/D_206/D_206_47.stl"/>
        <mesh name="D_206_visual" file="objects/D_206/D_206_full.stl"/>
    </asset>
</mujoco>