<mujoco>
    <asset>
        <mesh name="D_86_1" file="objects/D_86/D_86_1.stl"/>
        <mesh name="D_86_2" file="objects/D_86/D_86_2.stl"/>
        <mesh name="D_86_3" file="objects/D_86/D_86_3.stl"/>
        <mesh name="D_86_4" file="objects/D_86/D_86_4.stl"/>
        <mesh name="D_86_5" file="objects/D_86/D_86_5.stl"/>
        <mesh name="D_86_6" file="objects/D_86/D_86_6.stl"/>
        <mesh name="D_86_7" file="objects/D_86/D_86_7.stl"/>
        <mesh name="D_86_8" file="objects/D_86/D_86_8.stl"/>
        <mesh name="D_86_9" file="objects/D_86/D_86_9.stl"/>
        <mesh name="D_86_10" file="objects/D_86/D_86_10.stl"/>
        <mesh name="D_86_11" file="objects/D_86/D_86_11.stl"/>
        <mesh name="D_86_12" file="objects/D_86/D_86_12.stl"/>
        <mesh name="D_86_13" file="objects/D_86/D_86_13.stl"/>
        <mesh name="D_86_14" file="objects/D_86/D_86_14.stl"/>
        <mesh name="D_86_15" file="objects/D_86/D_86_15.stl"/>
        <mesh name="D_86_16" file="objects/D_86/D_86_16.stl"/>
        <mesh name="D_86_17" file="objects/D_86/D_86_17.stl"/>
        <mesh name="D_86_18" file="objects/D_86/D_86_18.stl"/>
        <mesh name="D_86_19" file="objects/D_86/D_86_19.stl"/>
        <mesh name="D_86_20" file="objects/D_86/D_86_20.stl"/>
        <mesh name="D_86_21" file="objects/D_86/D_86_21.stl"/>
        <mesh name="D_86_22" file="objects/D_86/D_86_22.stl"/>
        <mesh name="D_86_23" file="objects/D_86/D_86_23.stl"/>
        <mesh name="D_86_24" file="objects/D_86/D_86_24.stl"/>
        <mesh name="D_86_25" file="objects/D_86/D_86_25.stl"/>
        <mesh name="D_86_26" file="objects/D_86/D_86_26.stl"/>
        <mesh name="D_86_27" file="objects/D_86/D_86_27.stl"/>
        <mesh name="D_86_28" file="objects/D_86/D_86_28.stl"/>
        <mesh name="D_86_29" file="objects/D_86/D_86_29.stl"/>
        <mesh name="D_86_30" file="objects/D_86/D_86_30.stl"/>
        <mesh name="D_86_31" file="objects/D_86/D_86_31.stl"/>
        <mesh name="D_86_32" file="objects/D_86/D_86_32.stl"/>
        <mesh name="D_86_33" file="objects/D_86/D_86_33.stl"/>
        <mesh name="D_86_34" file="objects/D_86/D_86_34.stl"/>
        <mesh name="D_86_35" file="objects/D_86/D_86_35.stl"/>
        <mesh name="D_86_36" file="objects/D_86/D_86_36.stl"/>
        <mesh name="D_86_37" file="objects/D_86/D_86_37.stl"/>
        <mesh name="D_86_38" file="objects/D_86/D_86_38.stl"/>
        <mesh name="D_86_39" file="objects/D_86/D_86_39.stl"/>
        <mesh name="D_86_40" file="objects/D_86/D_86_40.stl"/>
        <mesh name="D_86_41" file="objects/D_86/D_86_41.stl"/>
        <mesh name="D_86_42" file="objects/D_86/D_86_42.stl"/>
        <mesh name="D_86_43" file="objects/D_86/D_86_43.stl"/>
        <mesh name="D_86_44" file="objects/D_86/D_86_44.stl"/>
        <mesh name="D_86_45" file="objects/D_86/D_86_45.stl"/>
        <mesh name="D_86_46" file="objects/D_86/D_86_46.stl"/>
        <mesh name="D_86_47" file="objects/D_86/D_86_47.stl"/>
        <mesh name="D_86_48" file="objects/D_86/D_86_48.stl"/>
        <mesh name="D_86_49" file="objects/D_86/D_86_49.stl"/>
        <mesh name="D_86_50" file="objects/D_86/D_86_50.stl"/>
        <mesh name="D_86_51" file="objects/D_86/D_86_51.stl"/>
        <mesh name="D_86_52" file="objects/D_86/D_86_52.stl"/>
        <mesh name="D_86_53" file="objects/D_86/D_86_53.stl"/>
        <mesh name="D_86_54" file="objects/D_86/D_86_54.stl"/>
        <mesh name="D_86_55" file="objects/D_86/D_86_55.stl"/>
        <mesh name="D_86_56" file="objects/D_86/D_86_56.stl"/>
        <mesh name="D_86_57" file="objects/D_86/D_86_57.stl"/>
        <mesh name="D_86_58" file="objects/D_86/D_86_58.stl"/>
        <mesh name="D_86_59" file="objects/D_86/D_86_59.stl"/>
        <mesh name="D_86_60" file="objects/D_86/D_86_60.stl"/>
        <mesh name="D_86_61" file="objects/D_86/D_86_61.stl"/>
        <mesh name="D_86_62" file="objects/D_86/D_86_62.stl"/>
        <mesh name="D_86_63" file="objects/D_86/D_86_63.stl"/>
        <mesh name="D_86_64" file="objects/D_86/D_86_64.stl"/>
        <mesh name="D_86_65" file="objects/D_86/D_86_65.stl"/>
        <mesh name="D_86_66" file="objects/D_86/D_86_66.stl"/>
        <mesh name="D_86_67" file="objects/D_86/D_86_67.stl"/>
        <mesh name="D_86_68" file="objects/D_86/D_86_68.stl"/>
        <mesh name="D_86_69" file="objects/D_86/D_86_69.stl"/>
        <mesh name="D_86_70" file="objects/D_86/D_86_70.stl"/>
        <mesh name="D_86_71" file="objects/D_86/D_86_71.stl"/>
        <mesh name="D_86_72" file="objects/D_86/D_86_72.stl"/>
        <mesh name="D_86_visual" file="objects/D_86/D_86_full.stl"/>
    </asset>
</mujoco>