<mujoco>
    <asset>
        <mesh name="D_84_1" file="objects/D_84/D_84_1.stl"/>
        <mesh name="D_84_2" file="objects/D_84/D_84_2.stl"/>
        <mesh name="D_84_3" file="objects/D_84/D_84_3.stl"/>
        <mesh name="D_84_4" file="objects/D_84/D_84_4.stl"/>
        <mesh name="D_84_5" file="objects/D_84/D_84_5.stl"/>
        <mesh name="D_84_6" file="objects/D_84/D_84_6.stl"/>
        <mesh name="D_84_7" file="objects/D_84/D_84_7.stl"/>
        <mesh name="D_84_8" file="objects/D_84/D_84_8.stl"/>
        <mesh name="D_84_9" file="objects/D_84/D_84_9.stl"/>
        <mesh name="D_84_10" file="objects/D_84/D_84_10.stl"/>
        <mesh name="D_84_11" file="objects/D_84/D_84_11.stl"/>
        <mesh name="D_84_12" file="objects/D_84/D_84_12.stl"/>
        <mesh name="D_84_13" file="objects/D_84/D_84_13.stl"/>
        <mesh name="D_84_14" file="objects/D_84/D_84_14.stl"/>
        <mesh name="D_84_15" file="objects/D_84/D_84_15.stl"/>
        <mesh name="D_84_16" file="objects/D_84/D_84_16.stl"/>
        <mesh name="D_84_17" file="objects/D_84/D_84_17.stl"/>
        <mesh name="D_84_18" file="objects/D_84/D_84_18.stl"/>
        <mesh name="D_84_19" file="objects/D_84/D_84_19.stl"/>
        <mesh name="D_84_20" file="objects/D_84/D_84_20.stl"/>
        <mesh name="D_84_21" file="objects/D_84/D_84_21.stl"/>
        <mesh name="D_84_22" file="objects/D_84/D_84_22.stl"/>
        <mesh name="D_84_23" file="objects/D_84/D_84_23.stl"/>
        <mesh name="D_84_24" file="objects/D_84/D_84_24.stl"/>
        <mesh name="D_84_25" file="objects/D_84/D_84_25.stl"/>
        <mesh name="D_84_26" file="objects/D_84/D_84_26.stl"/>
        <mesh name="D_84_27" file="objects/D_84/D_84_27.stl"/>
        <mesh name="D_84_28" file="objects/D_84/D_84_28.stl"/>
        <mesh name="D_84_29" file="objects/D_84/D_84_29.stl"/>
        <mesh name="D_84_30" file="objects/D_84/D_84_30.stl"/>
        <mesh name="D_84_31" file="objects/D_84/D_84_31.stl"/>
        <mesh name="D_84_32" file="objects/D_84/D_84_32.stl"/>
        <mesh name="D_84_33" file="objects/D_84/D_84_33.stl"/>
        <mesh name="D_84_34" file="objects/D_84/D_84_34.stl"/>
        <mesh name="D_84_35" file="objects/D_84/D_84_35.stl"/>
        <mesh name="D_84_36" file="objects/D_84/D_84_36.stl"/>
        <mesh name="D_84_37" file="objects/D_84/D_84_37.stl"/>
        <mesh name="D_84_38" file="objects/D_84/D_84_38.stl"/>
        <mesh name="D_84_39" file="objects/D_84/D_84_39.stl"/>
        <mesh name="D_84_40" file="objects/D_84/D_84_40.stl"/>
        <mesh name="D_84_41" file="objects/D_84/D_84_41.stl"/>
        <mesh name="D_84_42" file="objects/D_84/D_84_42.stl"/>
        <mesh name="D_84_43" file="objects/D_84/D_84_43.stl"/>
        <mesh name="D_84_44" file="objects/D_84/D_84_44.stl"/>
        <mesh name="D_84_45" file="objects/D_84/D_84_45.stl"/>
        <mesh name="D_84_46" file="objects/D_84/D_84_46.stl"/>
        <mesh name="D_84_47" file="objects/D_84/D_84_47.stl"/>
        <mesh name="D_84_48" file="objects/D_84/D_84_48.stl"/>
        <mesh name="D_84_49" file="objects/D_84/D_84_49.stl"/>
        <mesh name="D_84_50" file="objects/D_84/D_84_50.stl"/>
        <mesh name="D_84_51" file="objects/D_84/D_84_51.stl"/>
        <mesh name="D_84_52" file="objects/D_84/D_84_52.stl"/>
        <mesh name="D_84_53" file="objects/D_84/D_84_53.stl"/>
        <mesh name="D_84_54" file="objects/D_84/D_84_54.stl"/>
        <mesh name="D_84_55" file="objects/D_84/D_84_55.stl"/>
        <mesh name="D_84_56" file="objects/D_84/D_84_56.stl"/>
        <mesh name="D_84_57" file="objects/D_84/D_84_57.stl"/>
        <mesh name="D_84_58" file="objects/D_84/D_84_58.stl"/>
        <mesh name="D_84_59" file="objects/D_84/D_84_59.stl"/>
        <mesh name="D_84_60" file="objects/D_84/D_84_60.stl"/>
        <mesh name="D_84_61" file="objects/D_84/D_84_61.stl"/>
        <mesh name="D_84_62" file="objects/D_84/D_84_62.stl"/>
        <mesh name="D_84_63" file="objects/D_84/D_84_63.stl"/>
        <mesh name="D_84_64" file="objects/D_84/D_84_64.stl"/>
        <mesh name="D_84_65" file="objects/D_84/D_84_65.stl"/>
        <mesh name="D_84_visual" file="objects/D_84/D_84_full.stl"/>
    </asset>
</mujoco>