<mujoco>
    <worldbody>
        <body name="object" pos="0 0 0" euler="">
            <geom type="mesh" group="1" mesh="D_88_1" condim="6" mass="0.000001" friction="" solimp="0.99 0.999 0.001" margin="0.0005" solref="0.008 1.0"/>
            <geom type="mesh" group="1" mesh="D_88_2" condim="6" mass="0.000001" friction="" solimp="0.99 0.999 0.001" margin="0.0005" solref="0.008 1.0"/>
            <geom type="mesh" group="1" mesh="D_88_3" condim="6" mass="0.000001" friction="" solimp="0.99 0.999 0.001" margin="0.0005" solref="0.008 1.0"/>
            <geom type="mesh" group="1" mesh="D_88_4" condim="6" mass="0.000001" friction="" solimp="0.99 0.999 0.001" margin="0.0005" solref="0.008 1.0"/>
            <geom type="mesh" group="1" mesh="D_88_5" condim="6" mass="0.000001" friction="" solimp="0.99 0.999 0.001" margin="0.0005" solref="0.008 1.0"/>
            <geom type="mesh" group="1" mesh="D_88_6" condim="6" mass="0.000001" friction="" solimp="0.99 0.999 0.001" margin="0.0005" solref="0.008 1.0"/>
            <geom type="mesh" group="1" mesh="D_88_7" condim="6" mass="0.000001" friction="" solimp="0.99 0.999 0.001" margin="0.0005" solref="0.008 1.0"/>
            <geom type="mesh" group="1" mesh="D_88_8" condim="6" mass="0.000001" friction="" solimp="0.99 0.999 0.001" margin="0.0005" solref="0.008 1.0"/>
            <geom type="mesh" group="1" mesh="D_88_9" condim="6" mass="0.000001" friction="" solimp="0.99 0.999 0.001" margin="0.0005" solref="0.008 1.0"/>
            <geom type="mesh" group="1" mesh="D_88_10" condim="6" mass="0.000001" friction="" solimp="0.99 0.999 0.001" margin="0.0005" solref="0.008 1.0"/>
            <geom type="mesh" group="1" mesh="D_88_11" condim="6" mass="0.000001" friction="" solimp="0.99 0.999 0.001" margin="0.0005" solref="0.008 1.0"/>
            <geom type="mesh" group="1" mesh="D_88_12" condim="6" mass="0.000001" friction="" solimp="0.99 0.999 0.001" margin="0.0005" solref="0.008 1.0"/>
            <geom type="mesh" group="1" mesh="D_88_13" condim="6" mass="0.000001" friction="" solimp="0.99 0.999 0.001" margin="0.0005" solref="0.008 1.0"/>
            <geom type="mesh" group="1" mesh="D_88_14" condim="6" mass="0.000001" friction="" solimp="0.99 0.999 0.001" margin="0.0005" solref="0.008 1.0"/>
            <geom type="mesh" group="1" mesh="D_88_15" condim="6" mass="0.000001" friction="" solimp="0.99 0.999 0.001" margin="0.0005" solref="0.008 1.0"/>
            <geom type="mesh" group="1" mesh="D_88_16" condim="6" mass="0.000001" friction="" solimp="0.99 0.999 0.001" margin="0.0005" solref="0.008 1.0"/>
            <geom type="mesh" group="1" mesh="D_88_17" condim="6" mass="0.000001" friction="" solimp="0.99 0.999 0.001" margin="0.0005" solref="0.008 1.0"/>
            <geom type="mesh" group="1" mesh="D_88_18" condim="6" mass="0.000001" friction="" solimp="0.99 0.999 0.001" margin="0.0005" solref="0.008 1.0"/>
            <geom type="mesh" group="1" mesh="D_88_19" condim="6" mass="0.000001" friction="" solimp="0.99 0.999 0.001" margin="0.0005" solref="0.008 1.0"/>
            <geom type="mesh" group="1" mesh="D_88_20" condim="6" mass="0.000001" friction="" solimp="0.99 0.999 0.001" margin="0.0005" solref="0.008 1.0"/>
            <geom type="mesh" group="1" mesh="D_88_21" condim="6" mass="0.000001" friction="" solimp="0.99 0.999 0.001" margin="0.0005" solref="0.008 1.0"/>
            <geom type="mesh" group="1" mesh="D_88_22" condim="6" mass="0.000001" friction="" solimp="0.99 0.999 0.001" margin="0.0005" solref="0.008 1.0"/>
            <geom type="mesh" group="1" mesh="D_88_23" condim="6" mass="0.000001" friction="" solimp="0.99 0.999 0.001" margin="0.0005" solref="0.008 1.0"/>
            <geom type="mesh" group="1" mesh="D_88_24" condim="6" mass="0.000001" friction="" solimp="0.99 0.999 0.001" margin="0.0005" solref="0.008 1.0"/>
            <geom type="mesh" group="1" mesh="D_88_25" condim="6" mass="0.000001" friction="" solimp="0.99 0.999 0.001" margin="0.0005" solref="0.008 1.0"/>
            <geom type="mesh" group="1" mesh="D_88_26" condim="6" mass="0.000001" friction="" solimp="0.99 0.999 0.001" margin="0.0005" solref="0.008 1.0"/>
            <geom type="mesh" group="1" mesh="D_88_27" condim="6" mass="0.000001" friction="" solimp="0.99 0.999 0.001" margin="0.0005" solref="0.008 1.0"/>
            <geom type="mesh" group="1" mesh="D_88_28" condim="6" mass="0.000001" friction="" solimp="0.99 0.999 0.001" margin="0.0005" solref="0.008 1.0"/>
            <geom type="mesh" group="1" mesh="D_88_29" condim="6" mass="0.000001" friction="" solimp="0.99 0.999 0.001" margin="0.0005" solref="0.008 1.0"/>
            <geom type="mesh" group="1" mesh="D_88_30" condim="6" mass="0.000001" friction="" solimp="0.99 0.999 0.001" margin="0.0005" solref="0.008 1.0"/>
            <geom type="mesh" group="1" mesh="D_88_31" condim="6" mass="0.000001" friction="" solimp="0.99 0.999 0.001" margin="0.0005" solref="0.008 1.0"/>
            <geom type="mesh" group="1" mesh="D_88_32" condim="6" mass="0.000001" friction="" solimp="0.99 0.999 0.001" margin="0.0005" solref="0.008 1.0"/>
            <geom type="mesh" group="1" mesh="D_88_33" condim="6" mass="0.000001" friction="" solimp="0.99 0.999 0.001" margin="0.0005" solref="0.008 1.0"/>
            <geom type="mesh" group="1" mesh="D_88_34" condim="6" mass="0.000001" friction="" solimp="0.99 0.999 0.001" margin="0.0005" solref="0.008 1.0"/>
            <geom type="mesh" group="1" mesh="D_88_35" condim="6" mass="0.000001" friction="" solimp="0.99 0.999 0.001" margin="0.0005" solref="0.008 1.0"/>
            <geom type="mesh" group="1" mesh="D_88_36" condim="6" mass="0.000001" friction="" solimp="0.99 0.999 0.001" margin="0.0005" solref="0.008 1.0"/>
            <geom type="mesh" group="1" mesh="D_88_37" condim="6" mass="0.000001" friction="" solimp="0.99 0.999 0.001" margin="0.0005" solref="0.008 1.0"/>
            <geom type="mesh" group="1" mesh="D_88_38" condim="6" mass="0.000001" friction="" solimp="0.99 0.999 0.001" margin="0.0005" solref="0.008 1.0"/>
            <geom type="mesh" group="1" mesh="D_88_39" condim="6" mass="0.000001" friction="" solimp="0.99 0.999 0.001" margin="0.0005" solref="0.008 1.0"/>
            <geom type="mesh" group="1" mesh="D_88_40" condim="6" mass="0.000001" friction="" solimp="0.99 0.999 0.001" margin="0.0005" solref="0.008 1.0"/>
            <geom type="mesh" group ="2" mass="" contype="0" rgba="" conaffinity="0" mesh="D_88_visual"/>
            <joint class="free"/>
        </body>
    </worldbody>
</mujoco>