<mujoco>
    <asset>
        <mesh name="D_88_1" file="objects/D_88/D_88_1.stl"/>
        <mesh name="D_88_2" file="objects/D_88/D_88_2.stl"/>
        <mesh name="D_88_3" file="objects/D_88/D_88_3.stl"/>
        <mesh name="D_88_4" file="objects/D_88/D_88_4.stl"/>
        <mesh name="D_88_5" file="objects/D_88/D_88_5.stl"/>
        <mesh name="D_88_6" file="objects/D_88/D_88_6.stl"/>
        <mesh name="D_88_7" file="objects/D_88/D_88_7.stl"/>
        <mesh name="D_88_8" file="objects/D_88/D_88_8.stl"/>
        <mesh name="D_88_9" file="objects/D_88/D_88_9.stl"/>
        <mesh name="D_88_10" file="objects/D_88/D_88_10.stl"/>
        <mesh name="D_88_11" file="objects/D_88/D_88_11.stl"/>
        <mesh name="D_88_12" file="objects/D_88/D_88_12.stl"/>
        <mesh name="D_88_13" file="objects/D_88/D_88_13.stl"/>
        <mesh name="D_88_14" file="objects/D_88/D_88_14.stl"/>
        <mesh name="D_88_15" file="objects/D_88/D_88_15.stl"/>
        <mesh name="D_88_16" file="objects/D_88/D_88_16.stl"/>
        <mesh name="D_88_17" file="objects/D_88/D_88_17.stl"/>
        <mesh name="D_88_18" file="objects/D_88/D_88_18.stl"/>
        <mesh name="D_88_19" file="objects/D_88/D_88_19.stl"/>
        <mesh name="D_88_20" file="objects/D_88/D_88_20.stl"/>
        <mesh name="D_88_21" file="objects/D_88/D_88_21.stl"/>
        <mesh name="D_88_22" file="objects/D_88/D_88_22.stl"/>
        <mesh name="D_88_23" file="objects/D_88/D_88_23.stl"/>
        <mesh name="D_88_24" file="objects/D_88/D_88_24.stl"/>
        <mesh name="D_88_25" file="objects/D_88/D_88_25.stl"/>
        <mesh name="D_88_26" file="objects/D_88/D_88_26.stl"/>
        <mesh name="D_88_27" file="objects/D_88/D_88_27.stl"/>
        <mesh name="D_88_28" file="objects/D_88/D_88_28.stl"/>
        <mesh name="D_88_29" file="objects/D_88/D_88_29.stl"/>
        <mesh name="D_88_30" file="objects/D_88/D_88_30.stl"/>
        <mesh name="D_88_31" file="objects/D_88/D_88_31.stl"/>
        <mesh name="D_88_32" file="objects/D_88/D_88_32.stl"/>
        <mesh name="D_88_33" file="objects/D_88/D_88_33.stl"/>
        <mesh name="D_88_34" file="objects/D_88/D_88_34.stl"/>
        <mesh name="D_88_35" file="objects/D_88/D_88_35.stl"/>
        <mesh name="D_88_36" file="objects/D_88/D_88_36.stl"/>
        <mesh name="D_88_37" file="objects/D_88/D_88_37.stl"/>
        <mesh name="D_88_38" file="objects/D_88/D_88_38.stl"/>
        <mesh name="D_88_39" file="objects/D_88/D_88_39.stl"/>
        <mesh name="D_88_40" file="objects/D_88/D_88_40.stl"/>
        <mesh name="D_88_visual" file="objects/D_88/D_88_full.stl"/>
    </asset>
</mujoco>