<mujoco>
    <asset>
        <mesh name="D_130_1" file="objects/D_130/D_130_1.stl"/>
        <mesh name="D_130_2" file="objects/D_130/D_130_2.stl"/>
        <mesh name="D_130_3" file="objects/D_130/D_130_3.stl"/>
        <mesh name="D_130_4" file="objects/D_130/D_130_4.stl"/>
        <mesh name="D_130_5" file="objects/D_130/D_130_5.stl"/>
        <mesh name="D_130_6" file="objects/D_130/D_130_6.stl"/>
        <mesh name="D_130_7" file="objects/D_130/D_130_7.stl"/>
        <mesh name="D_130_8" file="objects/D_130/D_130_8.stl"/>
        <mesh name="D_130_9" file="objects/D_130/D_130_9.stl"/>
        <mesh name="D_130_10" file="objects/D_130/D_130_10.stl"/>
        <mesh name="D_130_11" file="objects/D_130/D_130_11.stl"/>
        <mesh name="D_130_12" file="objects/D_130/D_130_12.stl"/>
        <mesh name="D_130_13" file="objects/D_130/D_130_13.stl"/>
        <mesh name="D_130_14" file="objects/D_130/D_130_14.stl"/>
        <mesh name="D_130_15" file="objects/D_130/D_130_15.stl"/>
        <mesh name="D_130_16" file="objects/D_130/D_130_16.stl"/>
        <mesh name="D_130_17" file="objects/D_130/D_130_17.stl"/>
        <mesh name="D_130_18" file="objects/D_130/D_130_18.stl"/>
        <mesh name="D_130_19" file="objects/D_130/D_130_19.stl"/>
        <mesh name="D_130_20" file="objects/D_130/D_130_20.stl"/>
        <mesh name="D_130_21" file="objects/D_130/D_130_21.stl"/>
        <mesh name="D_130_22" file="objects/D_130/D_130_22.stl"/>
        <mesh name="D_130_23" file="objects/D_130/D_130_23.stl"/>
        <mesh name="D_130_24" file="objects/D_130/D_130_24.stl"/>
        <mesh name="D_130_25" file="objects/D_130/D_130_25.stl"/>
        <mesh name="D_130_26" file="objects/D_130/D_130_26.stl"/>
        <mesh name="D_130_27" file="objects/D_130/D_130_27.stl"/>
        <mesh name="D_130_visual" file="objects/D_130/D_130_full.stl"/>
    </asset>
</mujoco>