<mujoco>
    <asset>
        <mesh name="D_65_1" file="objects/D_65/D_65_1.stl"/>
        <mesh name="D_65_2" file="objects/D_65/D_65_2.stl"/>
        <mesh name="D_65_3" file="objects/D_65/D_65_3.stl"/>
        <mesh name="D_65_4" file="objects/D_65/D_65_4.stl"/>
        <mesh name="D_65_5" file="objects/D_65/D_65_5.stl"/>
        <mesh name="D_65_6" file="objects/D_65/D_65_6.stl"/>
        <mesh name="D_65_7" file="objects/D_65/D_65_7.stl"/>
        <mesh name="D_65_8" file="objects/D_65/D_65_8.stl"/>
        <mesh name="D_65_9" file="objects/D_65/D_65_9.stl"/>
        <mesh name="D_65_10" file="objects/D_65/D_65_10.stl"/>
        <mesh name="D_65_11" file="objects/D_65/D_65_11.stl"/>
        <mesh name="D_65_12" file="objects/D_65/D_65_12.stl"/>
        <mesh name="D_65_13" file="objects/D_65/D_65_13.stl"/>
        <mesh name="D_65_14" file="objects/D_65/D_65_14.stl"/>
        <mesh name="D_65_15" file="objects/D_65/D_65_15.stl"/>
        <mesh name="D_65_16" file="objects/D_65/D_65_16.stl"/>
        <mesh name="D_65_17" file="objects/D_65/D_65_17.stl"/>
        <mesh name="D_65_18" file="objects/D_65/D_65_18.stl"/>
        <mesh name="D_65_19" file="objects/D_65/D_65_19.stl"/>
        <mesh name="D_65_20" file="objects/D_65/D_65_20.stl"/>
        <mesh name="D_65_21" file="objects/D_65/D_65_21.stl"/>
        <mesh name="D_65_22" file="objects/D_65/D_65_22.stl"/>
        <mesh name="D_65_23" file="objects/D_65/D_65_23.stl"/>
        <mesh name="D_65_24" file="objects/D_65/D_65_24.stl"/>
        <mesh name="D_65_25" file="objects/D_65/D_65_25.stl"/>
        <mesh name="D_65_26" file="objects/D_65/D_65_26.stl"/>
        <mesh name="D_65_27" file="objects/D_65/D_65_27.stl"/>
        <mesh name="D_65_28" file="objects/D_65/D_65_28.stl"/>
        <mesh name="D_65_29" file="objects/D_65/D_65_29.stl"/>
        <mesh name="D_65_30" file="objects/D_65/D_65_30.stl"/>
        <mesh name="D_65_31" file="objects/D_65/D_65_31.stl"/>
        <mesh name="D_65_32" file="objects/D_65/D_65_32.stl"/>
        <mesh name="D_65_33" file="objects/D_65/D_65_33.stl"/>
        <mesh name="D_65_34" file="objects/D_65/D_65_34.stl"/>
        <mesh name="D_65_35" file="objects/D_65/D_65_35.stl"/>
        <mesh name="D_65_36" file="objects/D_65/D_65_36.stl"/>
        <mesh name="D_65_37" file="objects/D_65/D_65_37.stl"/>
        <mesh name="D_65_38" file="objects/D_65/D_65_38.stl"/>
        <mesh name="D_65_39" file="objects/D_65/D_65_39.stl"/>
        <mesh name="D_65_40" file="objects/D_65/D_65_40.stl"/>
        <mesh name="D_65_41" file="objects/D_65/D_65_41.stl"/>
        <mesh name="D_65_42" file="objects/D_65/D_65_42.stl"/>
        <mesh name="D_65_43" file="objects/D_65/D_65_43.stl"/>
        <mesh name="D_65_44" file="objects/D_65/D_65_44.stl"/>
        <mesh name="D_65_visual" file="objects/D_65/D_65_full.stl"/>
    </asset>
</mujoco>