<mujoco>
    <asset>
        <mesh name="D_39_1" file="objects/D_39/D_39_1.stl"/>
        <mesh name="D_39_2" file="objects/D_39/D_39_2.stl"/>
        <mesh name="D_39_3" file="objects/D_39/D_39_3.stl"/>
        <mesh name="D_39_4" file="objects/D_39/D_39_4.stl"/>
        <mesh name="D_39_5" file="objects/D_39/D_39_5.stl"/>
        <mesh name="D_39_6" file="objects/D_39/D_39_6.stl"/>
        <mesh name="D_39_7" file="objects/D_39/D_39_7.stl"/>
        <mesh name="D_39_8" file="objects/D_39/D_39_8.stl"/>
        <mesh name="D_39_9" file="objects/D_39/D_39_9.stl"/>
        <mesh name="D_39_10" file="objects/D_39/D_39_10.stl"/>
        <mesh name="D_39_11" file="objects/D_39/D_39_11.stl"/>
        <mesh name="D_39_12" file="objects/D_39/D_39_12.stl"/>
        <mesh name="D_39_13" file="objects/D_39/D_39_13.stl"/>
        <mesh name="D_39_14" file="objects/D_39/D_39_14.stl"/>
        <mesh name="D_39_15" file="objects/D_39/D_39_15.stl"/>
        <mesh name="D_39_16" file="objects/D_39/D_39_16.stl"/>
        <mesh name="D_39_17" file="objects/D_39/D_39_17.stl"/>
        <mesh name="D_39_18" file="objects/D_39/D_39_18.stl"/>
        <mesh name="D_39_19" file="objects/D_39/D_39_19.stl"/>
        <mesh name="D_39_20" file="objects/D_39/D_39_20.stl"/>
        <mesh name="D_39_21" file="objects/D_39/D_39_21.stl"/>
        <mesh name="D_39_22" file="objects/D_39/D_39_22.stl"/>
        <mesh name="D_39_23" file="objects/D_39/D_39_23.stl"/>
        <mesh name="D_39_24" file="objects/D_39/D_39_24.stl"/>
        <mesh name="D_39_25" file="objects/D_39/D_39_25.stl"/>
        <mesh name="D_39_26" file="objects/D_39/D_39_26.stl"/>
        <mesh name="D_39_27" file="objects/D_39/D_39_27.stl"/>
        <mesh name="D_39_28" file="objects/D_39/D_39_28.stl"/>
        <mesh name="D_39_visual" file="objects/D_39/D_39_full.stl"/>
    </asset>
</mujoco>