<mujoco>
    <asset>
        <mesh name="D_123_1" file="objects/D_123/D_123_1.stl"/>
        <mesh name="D_123_2" file="objects/D_123/D_123_2.stl"/>
        <mesh name="D_123_3" file="objects/D_123/D_123_3.stl"/>
        <mesh name="D_123_4" file="objects/D_123/D_123_4.stl"/>
        <mesh name="D_123_5" file="objects/D_123/D_123_5.stl"/>
        <mesh name="D_123_6" file="objects/D_123/D_123_6.stl"/>
        <mesh name="D_123_7" file="objects/D_123/D_123_7.stl"/>
        <mesh name="D_123_8" file="objects/D_123/D_123_8.stl"/>
        <mesh name="D_123_9" file="objects/D_123/D_123_9.stl"/>
        <mesh name="D_123_10" file="objects/D_123/D_123_10.stl"/>
        <mesh name="D_123_11" file="objects/D_123/D_123_11.stl"/>
        <mesh name="D_123_12" file="objects/D_123/D_123_12.stl"/>
        <mesh name="D_123_13" file="objects/D_123/D_123_13.stl"/>
        <mesh name="D_123_14" file="objects/D_123/D_123_14.stl"/>
        <mesh name="D_123_15" file="objects/D_123/D_123_15.stl"/>
        <mesh name="D_123_16" file="objects/D_123/D_123_16.stl"/>
        <mesh name="D_123_17" file="objects/D_123/D_123_17.stl"/>
        <mesh name="D_123_18" file="objects/D_123/D_123_18.stl"/>
        <mesh name="D_123_19" file="objects/D_123/D_123_19.stl"/>
        <mesh name="D_123_20" file="objects/D_123/D_123_20.stl"/>
        <mesh name="D_123_21" file="objects/D_123/D_123_21.stl"/>
        <mesh name="D_123_22" file="objects/D_123/D_123_22.stl"/>
        <mesh name="D_123_23" file="objects/D_123/D_123_23.stl"/>
        <mesh name="D_123_24" file="objects/D_123/D_123_24.stl"/>
        <mesh name="D_123_25" file="objects/D_123/D_123_25.stl"/>
        <mesh name="D_123_26" file="objects/D_123/D_123_26.stl"/>
        <mesh name="D_123_27" file="objects/D_123/D_123_27.stl"/>
        <mesh name="D_123_28" file="objects/D_123/D_123_28.stl"/>
        <mesh name="D_123_29" file="objects/D_123/D_123_29.stl"/>
        <mesh name="D_123_30" file="objects/D_123/D_123_30.stl"/>
        <mesh name="D_123_31" file="objects/D_123/D_123_31.stl"/>
        <mesh name="D_123_32" file="objects/D_123/D_123_32.stl"/>
        <mesh name="D_123_33" file="objects/D_123/D_123_33.stl"/>
        <mesh name="D_123_34" file="objects/D_123/D_123_34.stl"/>
        <mesh name="D_123_35" file="objects/D_123/D_123_35.stl"/>
        <mesh name="D_123_36" file="objects/D_123/D_123_36.stl"/>
        <mesh name="D_123_37" file="objects/D_123/D_123_37.stl"/>
        <mesh name="D_123_38" file="objects/D_123/D_123_38.stl"/>
        <mesh name="D_123_39" file="objects/D_123/D_123_39.stl"/>
        <mesh name="D_123_40" file="objects/D_123/D_123_40.stl"/>
        <mesh name="D_123_41" file="objects/D_123/D_123_41.stl"/>
        <mesh name="D_123_42" file="objects/D_123/D_123_42.stl"/>
        <mesh name="D_123_43" file="objects/D_123/D_123_43.stl"/>
        <mesh name="D_123_44" file="objects/D_123/D_123_44.stl"/>
        <mesh name="D_123_45" file="objects/D_123/D_123_45.stl"/>
        <mesh name="D_123_46" file="objects/D_123/D_123_46.stl"/>
        <mesh name="D_123_visual" file="objects/D_123/D_123_full.stl"/>
    </asset>
</mujoco>