<mujoco>
    <asset>
        <mesh name="D_180_1" file="objects/D_180/D_180_1.stl"/>
        <mesh name="D_180_2" file="objects/D_180/D_180_2.stl"/>
        <mesh name="D_180_3" file="objects/D_180/D_180_3.stl"/>
        <mesh name="D_180_4" file="objects/D_180/D_180_4.stl"/>
        <mesh name="D_180_5" file="objects/D_180/D_180_5.stl"/>
        <mesh name="D_180_6" file="objects/D_180/D_180_6.stl"/>
        <mesh name="D_180_7" file="objects/D_180/D_180_7.stl"/>
        <mesh name="D_180_8" file="objects/D_180/D_180_8.stl"/>
        <mesh name="D_180_9" file="objects/D_180/D_180_9.stl"/>
        <mesh name="D_180_10" file="objects/D_180/D_180_10.stl"/>
        <mesh name="D_180_11" file="objects/D_180/D_180_11.stl"/>
        <mesh name="D_180_12" file="objects/D_180/D_180_12.stl"/>
        <mesh name="D_180_13" file="objects/D_180/D_180_13.stl"/>
        <mesh name="D_180_14" file="objects/D_180/D_180_14.stl"/>
        <mesh name="D_180_15" file="objects/D_180/D_180_15.stl"/>
        <mesh name="D_180_16" file="objects/D_180/D_180_16.stl"/>
        <mesh name="D_180_17" file="objects/D_180/D_180_17.stl"/>
        <mesh name="D_180_18" file="objects/D_180/D_180_18.stl"/>
        <mesh name="D_180_19" file="objects/D_180/D_180_19.stl"/>
        <mesh name="D_180_20" file="objects/D_180/D_180_20.stl"/>
        <mesh name="D_180_21" file="objects/D_180/D_180_21.stl"/>
        <mesh name="D_180_22" file="objects/D_180/D_180_22.stl"/>
        <mesh name="D_180_23" file="objects/D_180/D_180_23.stl"/>
        <mesh name="D_180_24" file="objects/D_180/D_180_24.stl"/>
        <mesh name="D_180_25" file="objects/D_180/D_180_25.stl"/>
        <mesh name="D_180_26" file="objects/D_180/D_180_26.stl"/>
        <mesh name="D_180_27" file="objects/D_180/D_180_27.stl"/>
        <mesh name="D_180_28" file="objects/D_180/D_180_28.stl"/>
        <mesh name="D_180_29" file="objects/D_180/D_180_29.stl"/>
        <mesh name="D_180_30" file="objects/D_180/D_180_30.stl"/>
        <mesh name="D_180_31" file="objects/D_180/D_180_31.stl"/>
        <mesh name="D_180_32" file="objects/D_180/D_180_32.stl"/>
        <mesh name="D_180_33" file="objects/D_180/D_180_33.stl"/>
        <mesh name="D_180_34" file="objects/D_180/D_180_34.stl"/>
        <mesh name="D_180_35" file="objects/D_180/D_180_35.stl"/>
        <mesh name="D_180_36" file="objects/D_180/D_180_36.stl"/>
        <mesh name="D_180_37" file="objects/D_180/D_180_37.stl"/>
        <mesh name="D_180_38" file="objects/D_180/D_180_38.stl"/>
        <mesh name="D_180_39" file="objects/D_180/D_180_39.stl"/>
        <mesh name="D_180_40" file="objects/D_180/D_180_40.stl"/>
        <mesh name="D_180_41" file="objects/D_180/D_180_41.stl"/>
        <mesh name="D_180_42" file="objects/D_180/D_180_42.stl"/>
        <mesh name="D_180_43" file="objects/D_180/D_180_43.stl"/>
        <mesh name="D_180_44" file="objects/D_180/D_180_44.stl"/>
        <mesh name="D_180_45" file="objects/D_180/D_180_45.stl"/>
        <mesh name="D_180_46" file="objects/D_180/D_180_46.stl"/>
        <mesh name="D_180_47" file="objects/D_180/D_180_47.stl"/>
        <mesh name="D_180_48" file="objects/D_180/D_180_48.stl"/>
        <mesh name="D_180_49" file="objects/D_180/D_180_49.stl"/>
        <mesh name="D_180_50" file="objects/D_180/D_180_50.stl"/>
        <mesh name="D_180_51" file="objects/D_180/D_180_51.stl"/>
        <mesh name="D_180_52" file="objects/D_180/D_180_52.stl"/>
        <mesh name="D_180_53" file="objects/D_180/D_180_53.stl"/>
        <mesh name="D_180_54" file="objects/D_180/D_180_54.stl"/>
        <mesh name="D_180_55" file="objects/D_180/D_180_55.stl"/>
        <mesh name="D_180_56" file="objects/D_180/D_180_56.stl"/>
        <mesh name="D_180_57" file="objects/D_180/D_180_57.stl"/>
        <mesh name="D_180_58" file="objects/D_180/D_180_58.stl"/>
        <mesh name="D_180_59" file="objects/D_180/D_180_59.stl"/>
        <mesh name="D_180_60" file="objects/D_180/D_180_60.stl"/>
        <mesh name="D_180_61" file="objects/D_180/D_180_61.stl"/>
        <mesh name="D_180_62" file="objects/D_180/D_180_62.stl"/>
        <mesh name="D_180_63" file="objects/D_180/D_180_63.stl"/>
        <mesh name="D_180_64" file="objects/D_180/D_180_64.stl"/>
        <mesh name="D_180_65" file="objects/D_180/D_180_65.stl"/>
        <mesh name="D_180_66" file="objects/D_180/D_180_66.stl"/>
        <mesh name="D_180_67" file="objects/D_180/D_180_67.stl"/>
        <mesh name="D_180_68" file="objects/D_180/D_180_68.stl"/>
        <mesh name="D_180_69" file="objects/D_180/D_180_69.stl"/>
        <mesh name="D_180_70" file="objects/D_180/D_180_70.stl"/>
        <mesh name="D_180_71" file="objects/D_180/D_180_71.stl"/>
        <mesh name="D_180_72" file="objects/D_180/D_180_72.stl"/>
        <mesh name="D_180_73" file="objects/D_180/D_180_73.stl"/>
        <mesh name="D_180_74" file="objects/D_180/D_180_74.stl"/>
        <mesh name="D_180_75" file="objects/D_180/D_180_75.stl"/>
        <mesh name="D_180_76" file="objects/D_180/D_180_76.stl"/>
        <mesh name="D_180_77" file="objects/D_180/D_180_77.stl"/>
        <mesh name="D_180_78" file="objects/D_180/D_180_78.stl"/>
        <mesh name="D_180_79" file="objects/D_180/D_180_79.stl"/>
        <mesh name="D_180_80" file="objects/D_180/D_180_80.stl"/>
        <mesh name="D_180_81" file="objects/D_180/D_180_81.stl"/>
        <mesh name="D_180_82" file="objects/D_180/D_180_82.stl"/>
        <mesh name="D_180_83" file="objects/D_180/D_180_83.stl"/>
        <mesh name="D_180_84" file="objects/D_180/D_180_84.stl"/>
        <mesh name="D_180_85" file="objects/D_180/D_180_85.stl"/>
        <mesh name="D_180_86" file="objects/D_180/D_180_86.stl"/>
        <mesh name="D_180_87" file="objects/D_180/D_180_87.stl"/>
        <mesh name="D_180_visual" file="objects/D_180/D_180_full.stl"/>
    </asset>
</mujoco>