<mujoco>
    <asset>
        <mesh name="D_98_1" file="objects/D_98/D_98_1.stl"/>
        <mesh name="D_98_2" file="objects/D_98/D_98_2.stl"/>
        <mesh name="D_98_3" file="objects/D_98/D_98_3.stl"/>
        <mesh name="D_98_4" file="objects/D_98/D_98_4.stl"/>
        <mesh name="D_98_5" file="objects/D_98/D_98_5.stl"/>
        <mesh name="D_98_6" file="objects/D_98/D_98_6.stl"/>
        <mesh name="D_98_7" file="objects/D_98/D_98_7.stl"/>
        <mesh name="D_98_8" file="objects/D_98/D_98_8.stl"/>
        <mesh name="D_98_9" file="objects/D_98/D_98_9.stl"/>
        <mesh name="D_98_10" file="objects/D_98/D_98_10.stl"/>
        <mesh name="D_98_11" file="objects/D_98/D_98_11.stl"/>
        <mesh name="D_98_12" file="objects/D_98/D_98_12.stl"/>
        <mesh name="D_98_13" file="objects/D_98/D_98_13.stl"/>
        <mesh name="D_98_14" file="objects/D_98/D_98_14.stl"/>
        <mesh name="D_98_15" file="objects/D_98/D_98_15.stl"/>
        <mesh name="D_98_16" file="objects/D_98/D_98_16.stl"/>
        <mesh name="D_98_17" file="objects/D_98/D_98_17.stl"/>
        <mesh name="D_98_18" file="objects/D_98/D_98_18.stl"/>
        <mesh name="D_98_19" file="objects/D_98/D_98_19.stl"/>
        <mesh name="D_98_20" file="objects/D_98/D_98_20.stl"/>
        <mesh name="D_98_21" file="objects/D_98/D_98_21.stl"/>
        <mesh name="D_98_22" file="objects/D_98/D_98_22.stl"/>
        <mesh name="D_98_23" file="objects/D_98/D_98_23.stl"/>
        <mesh name="D_98_24" file="objects/D_98/D_98_24.stl"/>
        <mesh name="D_98_25" file="objects/D_98/D_98_25.stl"/>
        <mesh name="D_98_26" file="objects/D_98/D_98_26.stl"/>
        <mesh name="D_98_27" file="objects/D_98/D_98_27.stl"/>
        <mesh name="D_98_28" file="objects/D_98/D_98_28.stl"/>
        <mesh name="D_98_29" file="objects/D_98/D_98_29.stl"/>
        <mesh name="D_98_30" file="objects/D_98/D_98_30.stl"/>
        <mesh name="D_98_31" file="objects/D_98/D_98_31.stl"/>
        <mesh name="D_98_32" file="objects/D_98/D_98_32.stl"/>
        <mesh name="D_98_33" file="objects/D_98/D_98_33.stl"/>
        <mesh name="D_98_34" file="objects/D_98/D_98_34.stl"/>
        <mesh name="D_98_35" file="objects/D_98/D_98_35.stl"/>
        <mesh name="D_98_36" file="objects/D_98/D_98_36.stl"/>
        <mesh name="D_98_37" file="objects/D_98/D_98_37.stl"/>
        <mesh name="D_98_38" file="objects/D_98/D_98_38.stl"/>
        <mesh name="D_98_39" file="objects/D_98/D_98_39.stl"/>
        <mesh name="D_98_40" file="objects/D_98/D_98_40.stl"/>
        <mesh name="D_98_41" file="objects/D_98/D_98_41.stl"/>
        <mesh name="D_98_42" file="objects/D_98/D_98_42.stl"/>
        <mesh name="D_98_43" file="objects/D_98/D_98_43.stl"/>
        <mesh name="D_98_44" file="objects/D_98/D_98_44.stl"/>
        <mesh name="D_98_45" file="objects/D_98/D_98_45.stl"/>
        <mesh name="D_98_46" file="objects/D_98/D_98_46.stl"/>
        <mesh name="D_98_47" file="objects/D_98/D_98_47.stl"/>
        <mesh name="D_98_48" file="objects/D_98/D_98_48.stl"/>
        <mesh name="D_98_49" file="objects/D_98/D_98_49.stl"/>
        <mesh name="D_98_50" file="objects/D_98/D_98_50.stl"/>
        <mesh name="D_98_51" file="objects/D_98/D_98_51.stl"/>
        <mesh name="D_98_52" file="objects/D_98/D_98_52.stl"/>
        <mesh name="D_98_53" file="objects/D_98/D_98_53.stl"/>
        <mesh name="D_98_54" file="objects/D_98/D_98_54.stl"/>
        <mesh name="D_98_55" file="objects/D_98/D_98_55.stl"/>
        <mesh name="D_98_56" file="objects/D_98/D_98_56.stl"/>
        <mesh name="D_98_57" file="objects/D_98/D_98_57.stl"/>
        <mesh name="D_98_58" file="objects/D_98/D_98_58.stl"/>
        <mesh name="D_98_59" file="objects/D_98/D_98_59.stl"/>
        <mesh name="D_98_60" file="objects/D_98/D_98_60.stl"/>
        <mesh name="D_98_61" file="objects/D_98/D_98_61.stl"/>
        <mesh name="D_98_62" file="objects/D_98/D_98_62.stl"/>
        <mesh name="D_98_63" file="objects/D_98/D_98_63.stl"/>
        <mesh name="D_98_64" file="objects/D_98/D_98_64.stl"/>
        <mesh name="D_98_65" file="objects/D_98/D_98_65.stl"/>
        <mesh name="D_98_66" file="objects/D_98/D_98_66.stl"/>
        <mesh name="D_98_67" file="objects/D_98/D_98_67.stl"/>
        <mesh name="D_98_68" file="objects/D_98/D_98_68.stl"/>
        <mesh name="D_98_69" file="objects/D_98/D_98_69.stl"/>
        <mesh name="D_98_70" file="objects/D_98/D_98_70.stl"/>
        <mesh name="D_98_71" file="objects/D_98/D_98_71.stl"/>
        <mesh name="D_98_72" file="objects/D_98/D_98_72.stl"/>
        <mesh name="D_98_73" file="objects/D_98/D_98_73.stl"/>
        <mesh name="D_98_74" file="objects/D_98/D_98_74.stl"/>
        <mesh name="D_98_75" file="objects/D_98/D_98_75.stl"/>
        <mesh name="D_98_76" file="objects/D_98/D_98_76.stl"/>
        <mesh name="D_98_77" file="objects/D_98/D_98_77.stl"/>
        <mesh name="D_98_78" file="objects/D_98/D_98_78.stl"/>
        <mesh name="D_98_79" file="objects/D_98/D_98_79.stl"/>
        <mesh name="D_98_80" file="objects/D_98/D_98_80.stl"/>
        <mesh name="D_98_81" file="objects/D_98/D_98_81.stl"/>
        <mesh name="D_98_82" file="objects/D_98/D_98_82.stl"/>
        <mesh name="D_98_83" file="objects/D_98/D_98_83.stl"/>
        <mesh name="D_98_84" file="objects/D_98/D_98_84.stl"/>
        <mesh name="D_98_85" file="objects/D_98/D_98_85.stl"/>
        <mesh name="D_98_86" file="objects/D_98/D_98_86.stl"/>
        <mesh name="D_98_87" file="objects/D_98/D_98_87.stl"/>
        <mesh name="D_98_88" file="objects/D_98/D_98_88.stl"/>
        <mesh name="D_98_89" file="objects/D_98/D_98_89.stl"/>
        <mesh name="D_98_90" file="objects/D_98/D_98_90.stl"/>
        <mesh name="D_98_91" file="objects/D_98/D_98_91.stl"/>
        <mesh name="D_98_92" file="objects/D_98/D_98_92.stl"/>
        <mesh name="D_98_93" file="objects/D_98/D_98_93.stl"/>
        <mesh name="D_98_94" file="objects/D_98/D_98_94.stl"/>
        <mesh name="D_98_95" file="objects/D_98/D_98_95.stl"/>
        <mesh name="D_98_visual" file="objects/D_98/D_98_full.stl"/>
    </asset>
</mujoco>