<mujoco>
    <asset>
        <mesh name="D_226_1" file="objects/D_226/D_226_1.stl"/>
        <mesh name="D_226_2" file="objects/D_226/D_226_2.stl"/>
        <mesh name="D_226_3" file="objects/D_226/D_226_3.stl"/>
        <mesh name="D_226_4" file="objects/D_226/D_226_4.stl"/>
        <mesh name="D_226_5" file="objects/D_226/D_226_5.stl"/>
        <mesh name="D_226_6" file="objects/D_226/D_226_6.stl"/>
        <mesh name="D_226_7" file="objects/D_226/D_226_7.stl"/>
        <mesh name="D_226_8" file="objects/D_226/D_226_8.stl"/>
        <mesh name="D_226_9" file="objects/D_226/D_226_9.stl"/>
        <mesh name="D_226_10" file="objects/D_226/D_226_10.stl"/>
        <mesh name="D_226_11" file="objects/D_226/D_226_11.stl"/>
        <mesh name="D_226_12" file="objects/D_226/D_226_12.stl"/>
        <mesh name="D_226_13" file="objects/D_226/D_226_13.stl"/>
        <mesh name="D_226_14" file="objects/D_226/D_226_14.stl"/>
        <mesh name="D_226_15" file="objects/D_226/D_226_15.stl"/>
        <mesh name="D_226_16" file="objects/D_226/D_226_16.stl"/>
        <mesh name="D_226_17" file="objects/D_226/D_226_17.stl"/>
        <mesh name="D_226_18" file="objects/D_226/D_226_18.stl"/>
        <mesh name="D_226_19" file="objects/D_226/D_226_19.stl"/>
        <mesh name="D_226_20" file="objects/D_226/D_226_20.stl"/>
        <mesh name="D_226_21" file="objects/D_226/D_226_21.stl"/>
        <mesh name="D_226_22" file="objects/D_226/D_226_22.stl"/>
        <mesh name="D_226_23" file="objects/D_226/D_226_23.stl"/>
        <mesh name="D_226_24" file="objects/D_226/D_226_24.stl"/>
        <mesh name="D_226_25" file="objects/D_226/D_226_25.stl"/>
        <mesh name="D_226_26" file="objects/D_226/D_226_26.stl"/>
        <mesh name="D_226_27" file="objects/D_226/D_226_27.stl"/>
        <mesh name="D_226_28" file="objects/D_226/D_226_28.stl"/>
        <mesh name="D_226_29" file="objects/D_226/D_226_29.stl"/>
        <mesh name="D_226_30" file="objects/D_226/D_226_30.stl"/>
        <mesh name="D_226_31" file="objects/D_226/D_226_31.stl"/>
        <mesh name="D_226_32" file="objects/D_226/D_226_32.stl"/>
        <mesh name="D_226_33" file="objects/D_226/D_226_33.stl"/>
        <mesh name="D_226_34" file="objects/D_226/D_226_34.stl"/>
        <mesh name="D_226_35" file="objects/D_226/D_226_35.stl"/>
        <mesh name="D_226_36" file="objects/D_226/D_226_36.stl"/>
        <mesh name="D_226_37" file="objects/D_226/D_226_37.stl"/>
        <mesh name="D_226_38" file="objects/D_226/D_226_38.stl"/>
        <mesh name="D_226_39" file="objects/D_226/D_226_39.stl"/>
        <mesh name="D_226_40" file="objects/D_226/D_226_40.stl"/>
        <mesh name="D_226_41" file="objects/D_226/D_226_41.stl"/>
        <mesh name="D_226_42" file="objects/D_226/D_226_42.stl"/>
        <mesh name="D_226_43" file="objects/D_226/D_226_43.stl"/>
        <mesh name="D_226_44" file="objects/D_226/D_226_44.stl"/>
        <mesh name="D_226_45" file="objects/D_226/D_226_45.stl"/>
        <mesh name="D_226_46" file="objects/D_226/D_226_46.stl"/>
        <mesh name="D_226_47" file="objects/D_226/D_226_47.stl"/>
        <mesh name="D_226_48" file="objects/D_226/D_226_48.stl"/>
        <mesh name="D_226_49" file="objects/D_226/D_226_49.stl"/>
        <mesh name="D_226_50" file="objects/D_226/D_226_50.stl"/>
        <mesh name="D_226_51" file="objects/D_226/D_226_51.stl"/>
        <mesh name="D_226_52" file="objects/D_226/D_226_52.stl"/>
        <mesh name="D_226_53" file="objects/D_226/D_226_53.stl"/>
        <mesh name="D_226_54" file="objects/D_226/D_226_54.stl"/>
        <mesh name="D_226_55" file="objects/D_226/D_226_55.stl"/>
        <mesh name="D_226_56" file="objects/D_226/D_226_56.stl"/>
        <mesh name="D_226_57" file="objects/D_226/D_226_57.stl"/>
        <mesh name="D_226_58" file="objects/D_226/D_226_58.stl"/>
        <mesh name="D_226_59" file="objects/D_226/D_226_59.stl"/>
        <mesh name="D_226_60" file="objects/D_226/D_226_60.stl"/>
        <mesh name="D_226_61" file="objects/D_226/D_226_61.stl"/>
        <mesh name="D_226_62" file="objects/D_226/D_226_62.stl"/>
        <mesh name="D_226_63" file="objects/D_226/D_226_63.stl"/>
        <mesh name="D_226_64" file="objects/D_226/D_226_64.stl"/>
        <mesh name="D_226_65" file="objects/D_226/D_226_65.stl"/>
        <mesh name="D_226_66" file="objects/D_226/D_226_66.stl"/>
        <mesh name="D_226_67" file="objects/D_226/D_226_67.stl"/>
        <mesh name="D_226_68" file="objects/D_226/D_226_68.stl"/>
        <mesh name="D_226_69" file="objects/D_226/D_226_69.stl"/>
        <mesh name="D_226_70" file="objects/D_226/D_226_70.stl"/>
        <mesh name="D_226_71" file="objects/D_226/D_226_71.stl"/>
        <mesh name="D_226_72" file="objects/D_226/D_226_72.stl"/>
        <mesh name="D_226_73" file="objects/D_226/D_226_73.stl"/>
        <mesh name="D_226_74" file="objects/D_226/D_226_74.stl"/>
        <mesh name="D_226_75" file="objects/D_226/D_226_75.stl"/>
        <mesh name="D_226_76" file="objects/D_226/D_226_76.stl"/>
        <mesh name="D_226_77" file="objects/D_226/D_226_77.stl"/>
        <mesh name="D_226_78" file="objects/D_226/D_226_78.stl"/>
        <mesh name="D_226_79" file="objects/D_226/D_226_79.stl"/>
        <mesh name="D_226_visual" file="objects/D_226/D_226_full.stl"/>
    </asset>
</mujoco>