<mujoco>
    <asset>
        <mesh name="D_36_1" file="objects/D_36/D_36_1.stl"/>
        <mesh name="D_36_2" file="objects/D_36/D_36_2.stl"/>
        <mesh name="D_36_3" file="objects/D_36/D_36_3.stl"/>
        <mesh name="D_36_4" file="objects/D_36/D_36_4.stl"/>
        <mesh name="D_36_5" file="objects/D_36/D_36_5.stl"/>
        <mesh name="D_36_6" file="objects/D_36/D_36_6.stl"/>
        <mesh name="D_36_7" file="objects/D_36/D_36_7.stl"/>
        <mesh name="D_36_8" file="objects/D_36/D_36_8.stl"/>
        <mesh name="D_36_9" file="objects/D_36/D_36_9.stl"/>
        <mesh name="D_36_10" file="objects/D_36/D_36_10.stl"/>
        <mesh name="D_36_11" file="objects/D_36/D_36_11.stl"/>
        <mesh name="D_36_12" file="objects/D_36/D_36_12.stl"/>
        <mesh name="D_36_13" file="objects/D_36/D_36_13.stl"/>
        <mesh name="D_36_14" file="objects/D_36/D_36_14.stl"/>
        <mesh name="D_36_15" file="objects/D_36/D_36_15.stl"/>
        <mesh name="D_36_16" file="objects/D_36/D_36_16.stl"/>
        <mesh name="D_36_17" file="objects/D_36/D_36_17.stl"/>
        <mesh name="D_36_18" file="objects/D_36/D_36_18.stl"/>
        <mesh name="D_36_19" file="objects/D_36/D_36_19.stl"/>
        <mesh name="D_36_20" file="objects/D_36/D_36_20.stl"/>
        <mesh name="D_36_21" file="objects/D_36/D_36_21.stl"/>
        <mesh name="D_36_22" file="objects/D_36/D_36_22.stl"/>
        <mesh name="D_36_23" file="objects/D_36/D_36_23.stl"/>
        <mesh name="D_36_24" file="objects/D_36/D_36_24.stl"/>
        <mesh name="D_36_25" file="objects/D_36/D_36_25.stl"/>
        <mesh name="D_36_26" file="objects/D_36/D_36_26.stl"/>
        <mesh name="D_36_27" file="objects/D_36/D_36_27.stl"/>
        <mesh name="D_36_28" file="objects/D_36/D_36_28.stl"/>
        <mesh name="D_36_29" file="objects/D_36/D_36_29.stl"/>
        <mesh name="D_36_30" file="objects/D_36/D_36_30.stl"/>
        <mesh name="D_36_31" file="objects/D_36/D_36_31.stl"/>
        <mesh name="D_36_32" file="objects/D_36/D_36_32.stl"/>
        <mesh name="D_36_33" file="objects/D_36/D_36_33.stl"/>
        <mesh name="D_36_34" file="objects/D_36/D_36_34.stl"/>
        <mesh name="D_36_visual" file="objects/D_36/D_36_full.stl"/>
    </asset>
</mujoco>