<mujoco>
    <asset>
        <mesh name="D_62_1" file="objects/D_62/D_62_1.stl"/>
        <mesh name="D_62_2" file="objects/D_62/D_62_2.stl"/>
        <mesh name="D_62_3" file="objects/D_62/D_62_3.stl"/>
        <mesh name="D_62_4" file="objects/D_62/D_62_4.stl"/>
        <mesh name="D_62_5" file="objects/D_62/D_62_5.stl"/>
        <mesh name="D_62_6" file="objects/D_62/D_62_6.stl"/>
        <mesh name="D_62_7" file="objects/D_62/D_62_7.stl"/>
        <mesh name="D_62_8" file="objects/D_62/D_62_8.stl"/>
        <mesh name="D_62_9" file="objects/D_62/D_62_9.stl"/>
        <mesh name="D_62_10" file="objects/D_62/D_62_10.stl"/>
        <mesh name="D_62_11" file="objects/D_62/D_62_11.stl"/>
        <mesh name="D_62_12" file="objects/D_62/D_62_12.stl"/>
        <mesh name="D_62_13" file="objects/D_62/D_62_13.stl"/>
        <mesh name="D_62_14" file="objects/D_62/D_62_14.stl"/>
        <mesh name="D_62_15" file="objects/D_62/D_62_15.stl"/>
        <mesh name="D_62_visual" file="objects/D_62/D_62_full.stl"/>
    </asset>
</mujoco>