<mujoco>
    <asset>
        <mesh name="D_242_1" file="objects/D_242/D_242_1.stl"/>
        <mesh name="D_242_2" file="objects/D_242/D_242_2.stl"/>
        <mesh name="D_242_3" file="objects/D_242/D_242_3.stl"/>
        <mesh name="D_242_4" file="objects/D_242/D_242_4.stl"/>
        <mesh name="D_242_5" file="objects/D_242/D_242_5.stl"/>
        <mesh name="D_242_6" file="objects/D_242/D_242_6.stl"/>
        <mesh name="D_242_7" file="objects/D_242/D_242_7.stl"/>
        <mesh name="D_242_8" file="objects/D_242/D_242_8.stl"/>
        <mesh name="D_242_9" file="objects/D_242/D_242_9.stl"/>
        <mesh name="D_242_10" file="objects/D_242/D_242_10.stl"/>
        <mesh name="D_242_11" file="objects/D_242/D_242_11.stl"/>
        <mesh name="D_242_12" file="objects/D_242/D_242_12.stl"/>
        <mesh name="D_242_13" file="objects/D_242/D_242_13.stl"/>
        <mesh name="D_242_14" file="objects/D_242/D_242_14.stl"/>
        <mesh name="D_242_15" file="objects/D_242/D_242_15.stl"/>
        <mesh name="D_242_16" file="objects/D_242/D_242_16.stl"/>
        <mesh name="D_242_17" file="objects/D_242/D_242_17.stl"/>
        <mesh name="D_242_18" file="objects/D_242/D_242_18.stl"/>
        <mesh name="D_242_19" file="objects/D_242/D_242_19.stl"/>
        <mesh name="D_242_20" file="objects/D_242/D_242_20.stl"/>
        <mesh name="D_242_21" file="objects/D_242/D_242_21.stl"/>
        <mesh name="D_242_22" file="objects/D_242/D_242_22.stl"/>
        <mesh name="D_242_visual" file="objects/D_242/D_242_full.stl"/>
    </asset>
</mujoco>