<mujoco>
    <asset>
        <mesh name="D_87_1" file="objects/D_87/D_87_1.stl"/>
        <mesh name="D_87_2" file="objects/D_87/D_87_2.stl"/>
        <mesh name="D_87_3" file="objects/D_87/D_87_3.stl"/>
        <mesh name="D_87_4" file="objects/D_87/D_87_4.stl"/>
        <mesh name="D_87_5" file="objects/D_87/D_87_5.stl"/>
        <mesh name="D_87_6" file="objects/D_87/D_87_6.stl"/>
        <mesh name="D_87_7" file="objects/D_87/D_87_7.stl"/>
        <mesh name="D_87_8" file="objects/D_87/D_87_8.stl"/>
        <mesh name="D_87_9" file="objects/D_87/D_87_9.stl"/>
        <mesh name="D_87_10" file="objects/D_87/D_87_10.stl"/>
        <mesh name="D_87_11" file="objects/D_87/D_87_11.stl"/>
        <mesh name="D_87_12" file="objects/D_87/D_87_12.stl"/>
        <mesh name="D_87_13" file="objects/D_87/D_87_13.stl"/>
        <mesh name="D_87_14" file="objects/D_87/D_87_14.stl"/>
        <mesh name="D_87_15" file="objects/D_87/D_87_15.stl"/>
        <mesh name="D_87_16" file="objects/D_87/D_87_16.stl"/>
        <mesh name="D_87_17" file="objects/D_87/D_87_17.stl"/>
        <mesh name="D_87_18" file="objects/D_87/D_87_18.stl"/>
        <mesh name="D_87_19" file="objects/D_87/D_87_19.stl"/>
        <mesh name="D_87_20" file="objects/D_87/D_87_20.stl"/>
        <mesh name="D_87_21" file="objects/D_87/D_87_21.stl"/>
        <mesh name="D_87_22" file="objects/D_87/D_87_22.stl"/>
        <mesh name="D_87_23" file="objects/D_87/D_87_23.stl"/>
        <mesh name="D_87_24" file="objects/D_87/D_87_24.stl"/>
        <mesh name="D_87_25" file="objects/D_87/D_87_25.stl"/>
        <mesh name="D_87_26" file="objects/D_87/D_87_26.stl"/>
        <mesh name="D_87_27" file="objects/D_87/D_87_27.stl"/>
        <mesh name="D_87_28" file="objects/D_87/D_87_28.stl"/>
        <mesh name="D_87_29" file="objects/D_87/D_87_29.stl"/>
        <mesh name="D_87_30" file="objects/D_87/D_87_30.stl"/>
        <mesh name="D_87_31" file="objects/D_87/D_87_31.stl"/>
        <mesh name="D_87_32" file="objects/D_87/D_87_32.stl"/>
        <mesh name="D_87_33" file="objects/D_87/D_87_33.stl"/>
        <mesh name="D_87_34" file="objects/D_87/D_87_34.stl"/>
        <mesh name="D_87_35" file="objects/D_87/D_87_35.stl"/>
        <mesh name="D_87_36" file="objects/D_87/D_87_36.stl"/>
        <mesh name="D_87_37" file="objects/D_87/D_87_37.stl"/>
        <mesh name="D_87_38" file="objects/D_87/D_87_38.stl"/>
        <mesh name="D_87_39" file="objects/D_87/D_87_39.stl"/>
        <mesh name="D_87_40" file="objects/D_87/D_87_40.stl"/>
        <mesh name="D_87_41" file="objects/D_87/D_87_41.stl"/>
        <mesh name="D_87_42" file="objects/D_87/D_87_42.stl"/>
        <mesh name="D_87_43" file="objects/D_87/D_87_43.stl"/>
        <mesh name="D_87_44" file="objects/D_87/D_87_44.stl"/>
        <mesh name="D_87_45" file="objects/D_87/D_87_45.stl"/>
        <mesh name="D_87_46" file="objects/D_87/D_87_46.stl"/>
        <mesh name="D_87_47" file="objects/D_87/D_87_47.stl"/>
        <mesh name="D_87_48" file="objects/D_87/D_87_48.stl"/>
        <mesh name="D_87_49" file="objects/D_87/D_87_49.stl"/>
        <mesh name="D_87_50" file="objects/D_87/D_87_50.stl"/>
        <mesh name="D_87_51" file="objects/D_87/D_87_51.stl"/>
        <mesh name="D_87_52" file="objects/D_87/D_87_52.stl"/>
        <mesh name="D_87_53" file="objects/D_87/D_87_53.stl"/>
        <mesh name="D_87_visual" file="objects/D_87/D_87_full.stl"/>
    </asset>
</mujoco>