<mujoco>
    <asset>
        <mesh name="D_213_1" file="objects/D_213/D_213_1.stl"/>
        <mesh name="D_213_2" file="objects/D_213/D_213_2.stl"/>
        <mesh name="D_213_3" file="objects/D_213/D_213_3.stl"/>
        <mesh name="D_213_4" file="objects/D_213/D_213_4.stl"/>
        <mesh name="D_213_5" file="objects/D_213/D_213_5.stl"/>
        <mesh name="D_213_6" file="objects/D_213/D_213_6.stl"/>
        <mesh name="D_213_7" file="objects/D_213/D_213_7.stl"/>
        <mesh name="D_213_8" file="objects/D_213/D_213_8.stl"/>
        <mesh name="D_213_9" file="objects/D_213/D_213_9.stl"/>
        <mesh name="D_213_10" file="objects/D_213/D_213_10.stl"/>
        <mesh name="D_213_11" file="objects/D_213/D_213_11.stl"/>
        <mesh name="D_213_12" file="objects/D_213/D_213_12.stl"/>
        <mesh name="D_213_13" file="objects/D_213/D_213_13.stl"/>
        <mesh name="D_213_14" file="objects/D_213/D_213_14.stl"/>
        <mesh name="D_213_15" file="objects/D_213/D_213_15.stl"/>
        <mesh name="D_213_16" file="objects/D_213/D_213_16.stl"/>
        <mesh name="D_213_17" file="objects/D_213/D_213_17.stl"/>
        <mesh name="D_213_18" file="objects/D_213/D_213_18.stl"/>
        <mesh name="D_213_19" file="objects/D_213/D_213_19.stl"/>
        <mesh name="D_213_20" file="objects/D_213/D_213_20.stl"/>
        <mesh name="D_213_21" file="objects/D_213/D_213_21.stl"/>
        <mesh name="D_213_22" file="objects/D_213/D_213_22.stl"/>
        <mesh name="D_213_23" file="objects/D_213/D_213_23.stl"/>
        <mesh name="D_213_24" file="objects/D_213/D_213_24.stl"/>
        <mesh name="D_213_25" file="objects/D_213/D_213_25.stl"/>
        <mesh name="D_213_26" file="objects/D_213/D_213_26.stl"/>
        <mesh name="D_213_27" file="objects/D_213/D_213_27.stl"/>
        <mesh name="D_213_28" file="objects/D_213/D_213_28.stl"/>
        <mesh name="D_213_29" file="objects/D_213/D_213_29.stl"/>
        <mesh name="D_213_30" file="objects/D_213/D_213_30.stl"/>
        <mesh name="D_213_31" file="objects/D_213/D_213_31.stl"/>
        <mesh name="D_213_32" file="objects/D_213/D_213_32.stl"/>
        <mesh name="D_213_33" file="objects/D_213/D_213_33.stl"/>
        <mesh name="D_213_34" file="objects/D_213/D_213_34.stl"/>
        <mesh name="D_213_35" file="objects/D_213/D_213_35.stl"/>
        <mesh name="D_213_36" file="objects/D_213/D_213_36.stl"/>
        <mesh name="D_213_37" file="objects/D_213/D_213_37.stl"/>
        <mesh name="D_213_38" file="objects/D_213/D_213_38.stl"/>
        <mesh name="D_213_39" file="objects/D_213/D_213_39.stl"/>
        <mesh name="D_213_40" file="objects/D_213/D_213_40.stl"/>
        <mesh name="D_213_41" file="objects/D_213/D_213_41.stl"/>
        <mesh name="D_213_42" file="objects/D_213/D_213_42.stl"/>
        <mesh name="D_213_43" file="objects/D_213/D_213_43.stl"/>
        <mesh name="D_213_44" file="objects/D_213/D_213_44.stl"/>
        <mesh name="D_213_45" file="objects/D_213/D_213_45.stl"/>
        <mesh name="D_213_visual" file="objects/D_213/D_213_full.stl"/>
    </asset>
</mujoco>