<mujoco>
    <asset>
        <mesh name="D_225_1" file="objects/D_225/D_225_1.stl"/>
        <mesh name="D_225_2" file="objects/D_225/D_225_2.stl"/>
        <mesh name="D_225_3" file="objects/D_225/D_225_3.stl"/>
        <mesh name="D_225_4" file="objects/D_225/D_225_4.stl"/>
        <mesh name="D_225_5" file="objects/D_225/D_225_5.stl"/>
        <mesh name="D_225_6" file="objects/D_225/D_225_6.stl"/>
        <mesh name="D_225_7" file="objects/D_225/D_225_7.stl"/>
        <mesh name="D_225_8" file="objects/D_225/D_225_8.stl"/>
        <mesh name="D_225_9" file="objects/D_225/D_225_9.stl"/>
        <mesh name="D_225_10" file="objects/D_225/D_225_10.stl"/>
        <mesh name="D_225_11" file="objects/D_225/D_225_11.stl"/>
        <mesh name="D_225_12" file="objects/D_225/D_225_12.stl"/>
        <mesh name="D_225_13" file="objects/D_225/D_225_13.stl"/>
        <mesh name="D_225_14" file="objects/D_225/D_225_14.stl"/>
        <mesh name="D_225_15" file="objects/D_225/D_225_15.stl"/>
        <mesh name="D_225_16" file="objects/D_225/D_225_16.stl"/>
        <mesh name="D_225_17" file="objects/D_225/D_225_17.stl"/>
        <mesh name="D_225_18" file="objects/D_225/D_225_18.stl"/>
        <mesh name="D_225_19" file="objects/D_225/D_225_19.stl"/>
        <mesh name="D_225_20" file="objects/D_225/D_225_20.stl"/>
        <mesh name="D_225_21" file="objects/D_225/D_225_21.stl"/>
        <mesh name="D_225_22" file="objects/D_225/D_225_22.stl"/>
        <mesh name="D_225_23" file="objects/D_225/D_225_23.stl"/>
        <mesh name="D_225_24" file="objects/D_225/D_225_24.stl"/>
        <mesh name="D_225_25" file="objects/D_225/D_225_25.stl"/>
        <mesh name="D_225_26" file="objects/D_225/D_225_26.stl"/>
        <mesh name="D_225_27" file="objects/D_225/D_225_27.stl"/>
        <mesh name="D_225_28" file="objects/D_225/D_225_28.stl"/>
        <mesh name="D_225_29" file="objects/D_225/D_225_29.stl"/>
        <mesh name="D_225_30" file="objects/D_225/D_225_30.stl"/>
        <mesh name="D_225_31" file="objects/D_225/D_225_31.stl"/>
        <mesh name="D_225_32" file="objects/D_225/D_225_32.stl"/>
        <mesh name="D_225_33" file="objects/D_225/D_225_33.stl"/>
        <mesh name="D_225_34" file="objects/D_225/D_225_34.stl"/>
        <mesh name="D_225_35" file="objects/D_225/D_225_35.stl"/>
        <mesh name="D_225_36" file="objects/D_225/D_225_36.stl"/>
        <mesh name="D_225_37" file="objects/D_225/D_225_37.stl"/>
        <mesh name="D_225_38" file="objects/D_225/D_225_38.stl"/>
        <mesh name="D_225_39" file="objects/D_225/D_225_39.stl"/>
        <mesh name="D_225_40" file="objects/D_225/D_225_40.stl"/>
        <mesh name="D_225_41" file="objects/D_225/D_225_41.stl"/>
        <mesh name="D_225_42" file="objects/D_225/D_225_42.stl"/>
        <mesh name="D_225_43" file="objects/D_225/D_225_43.stl"/>
        <mesh name="D_225_44" file="objects/D_225/D_225_44.stl"/>
        <mesh name="D_225_45" file="objects/D_225/D_225_45.stl"/>
        <mesh name="D_225_46" file="objects/D_225/D_225_46.stl"/>
        <mesh name="D_225_47" file="objects/D_225/D_225_47.stl"/>
        <mesh name="D_225_48" file="objects/D_225/D_225_48.stl"/>
        <mesh name="D_225_49" file="objects/D_225/D_225_49.stl"/>
        <mesh name="D_225_50" file="objects/D_225/D_225_50.stl"/>
        <mesh name="D_225_51" file="objects/D_225/D_225_51.stl"/>
        <mesh name="D_225_52" file="objects/D_225/D_225_52.stl"/>
        <mesh name="D_225_53" file="objects/D_225/D_225_53.stl"/>
        <mesh name="D_225_54" file="objects/D_225/D_225_54.stl"/>
        <mesh name="D_225_55" file="objects/D_225/D_225_55.stl"/>
        <mesh name="D_225_56" file="objects/D_225/D_225_56.stl"/>
        <mesh name="D_225_57" file="objects/D_225/D_225_57.stl"/>
        <mesh name="D_225_58" file="objects/D_225/D_225_58.stl"/>
        <mesh name="D_225_59" file="objects/D_225/D_225_59.stl"/>
        <mesh name="D_225_60" file="objects/D_225/D_225_60.stl"/>
        <mesh name="D_225_61" file="objects/D_225/D_225_61.stl"/>
        <mesh name="D_225_62" file="objects/D_225/D_225_62.stl"/>
        <mesh name="D_225_63" file="objects/D_225/D_225_63.stl"/>
        <mesh name="D_225_64" file="objects/D_225/D_225_64.stl"/>
        <mesh name="D_225_65" file="objects/D_225/D_225_65.stl"/>
        <mesh name="D_225_66" file="objects/D_225/D_225_66.stl"/>
        <mesh name="D_225_67" file="objects/D_225/D_225_67.stl"/>
        <mesh name="D_225_visual" file="objects/D_225/D_225_full.stl"/>
    </asset>
</mujoco>