<mujoco>
    <asset>
        <mesh name="D_132_1" file="objects/D_132/D_132_1.stl"/>
        <mesh name="D_132_2" file="objects/D_132/D_132_2.stl"/>
        <mesh name="D_132_3" file="objects/D_132/D_132_3.stl"/>
        <mesh name="D_132_4" file="objects/D_132/D_132_4.stl"/>
        <mesh name="D_132_5" file="objects/D_132/D_132_5.stl"/>
        <mesh name="D_132_6" file="objects/D_132/D_132_6.stl"/>
        <mesh name="D_132_7" file="objects/D_132/D_132_7.stl"/>
        <mesh name="D_132_8" file="objects/D_132/D_132_8.stl"/>
        <mesh name="D_132_9" file="objects/D_132/D_132_9.stl"/>
        <mesh name="D_132_10" file="objects/D_132/D_132_10.stl"/>
        <mesh name="D_132_11" file="objects/D_132/D_132_11.stl"/>
        <mesh name="D_132_12" file="objects/D_132/D_132_12.stl"/>
        <mesh name="D_132_13" file="objects/D_132/D_132_13.stl"/>
        <mesh name="D_132_14" file="objects/D_132/D_132_14.stl"/>
        <mesh name="D_132_15" file="objects/D_132/D_132_15.stl"/>
        <mesh name="D_132_16" file="objects/D_132/D_132_16.stl"/>
        <mesh name="D_132_17" file="objects/D_132/D_132_17.stl"/>
        <mesh name="D_132_18" file="objects/D_132/D_132_18.stl"/>
        <mesh name="D_132_19" file="objects/D_132/D_132_19.stl"/>
        <mesh name="D_132_20" file="objects/D_132/D_132_20.stl"/>
        <mesh name="D_132_21" file="objects/D_132/D_132_21.stl"/>
        <mesh name="D_132_22" file="objects/D_132/D_132_22.stl"/>
        <mesh name="D_132_23" file="objects/D_132/D_132_23.stl"/>
        <mesh name="D_132_24" file="objects/D_132/D_132_24.stl"/>
        <mesh name="D_132_25" file="objects/D_132/D_132_25.stl"/>
        <mesh name="D_132_26" file="objects/D_132/D_132_26.stl"/>
        <mesh name="D_132_27" file="objects/D_132/D_132_27.stl"/>
        <mesh name="D_132_28" file="objects/D_132/D_132_28.stl"/>
        <mesh name="D_132_29" file="objects/D_132/D_132_29.stl"/>
        <mesh name="D_132_30" file="objects/D_132/D_132_30.stl"/>
        <mesh name="D_132_31" file="objects/D_132/D_132_31.stl"/>
        <mesh name="D_132_32" file="objects/D_132/D_132_32.stl"/>
        <mesh name="D_132_33" file="objects/D_132/D_132_33.stl"/>
        <mesh name="D_132_34" file="objects/D_132/D_132_34.stl"/>
        <mesh name="D_132_35" file="objects/D_132/D_132_35.stl"/>
        <mesh name="D_132_36" file="objects/D_132/D_132_36.stl"/>
        <mesh name="D_132_37" file="objects/D_132/D_132_37.stl"/>
        <mesh name="D_132_38" file="objects/D_132/D_132_38.stl"/>
        <mesh name="D_132_39" file="objects/D_132/D_132_39.stl"/>
        <mesh name="D_132_40" file="objects/D_132/D_132_40.stl"/>
        <mesh name="D_132_41" file="objects/D_132/D_132_41.stl"/>
        <mesh name="D_132_42" file="objects/D_132/D_132_42.stl"/>
        <mesh name="D_132_43" file="objects/D_132/D_132_43.stl"/>
        <mesh name="D_132_44" file="objects/D_132/D_132_44.stl"/>
        <mesh name="D_132_45" file="objects/D_132/D_132_45.stl"/>
        <mesh name="D_132_46" file="objects/D_132/D_132_46.stl"/>
        <mesh name="D_132_47" file="objects/D_132/D_132_47.stl"/>
        <mesh name="D_132_48" file="objects/D_132/D_132_48.stl"/>
        <mesh name="D_132_49" file="objects/D_132/D_132_49.stl"/>
        <mesh name="D_132_50" file="objects/D_132/D_132_50.stl"/>
        <mesh name="D_132_51" file="objects/D_132/D_132_51.stl"/>
        <mesh name="D_132_52" file="objects/D_132/D_132_52.stl"/>
        <mesh name="D_132_visual" file="objects/D_132/D_132_full.stl"/>
    </asset>
</mujoco>