<mujoco>
    <asset>
        <mesh name="D_47_1" file="objects/D_47/D_47_1.stl"/>
        <mesh name="D_47_2" file="objects/D_47/D_47_2.stl"/>
        <mesh name="D_47_3" file="objects/D_47/D_47_3.stl"/>
        <mesh name="D_47_4" file="objects/D_47/D_47_4.stl"/>
        <mesh name="D_47_5" file="objects/D_47/D_47_5.stl"/>
        <mesh name="D_47_6" file="objects/D_47/D_47_6.stl"/>
        <mesh name="D_47_7" file="objects/D_47/D_47_7.stl"/>
        <mesh name="D_47_8" file="objects/D_47/D_47_8.stl"/>
        <mesh name="D_47_9" file="objects/D_47/D_47_9.stl"/>
        <mesh name="D_47_10" file="objects/D_47/D_47_10.stl"/>
        <mesh name="D_47_11" file="objects/D_47/D_47_11.stl"/>
        <mesh name="D_47_12" file="objects/D_47/D_47_12.stl"/>
        <mesh name="D_47_13" file="objects/D_47/D_47_13.stl"/>
        <mesh name="D_47_14" file="objects/D_47/D_47_14.stl"/>
        <mesh name="D_47_15" file="objects/D_47/D_47_15.stl"/>
        <mesh name="D_47_16" file="objects/D_47/D_47_16.stl"/>
        <mesh name="D_47_17" file="objects/D_47/D_47_17.stl"/>
        <mesh name="D_47_18" file="objects/D_47/D_47_18.stl"/>
        <mesh name="D_47_19" file="objects/D_47/D_47_19.stl"/>
        <mesh name="D_47_20" file="objects/D_47/D_47_20.stl"/>
        <mesh name="D_47_21" file="objects/D_47/D_47_21.stl"/>
        <mesh name="D_47_22" file="objects/D_47/D_47_22.stl"/>
        <mesh name="D_47_23" file="objects/D_47/D_47_23.stl"/>
        <mesh name="D_47_24" file="objects/D_47/D_47_24.stl"/>
        <mesh name="D_47_25" file="objects/D_47/D_47_25.stl"/>
        <mesh name="D_47_26" file="objects/D_47/D_47_26.stl"/>
        <mesh name="D_47_27" file="objects/D_47/D_47_27.stl"/>
        <mesh name="D_47_28" file="objects/D_47/D_47_28.stl"/>
        <mesh name="D_47_29" file="objects/D_47/D_47_29.stl"/>
        <mesh name="D_47_30" file="objects/D_47/D_47_30.stl"/>
        <mesh name="D_47_31" file="objects/D_47/D_47_31.stl"/>
        <mesh name="D_47_32" file="objects/D_47/D_47_32.stl"/>
        <mesh name="D_47_33" file="objects/D_47/D_47_33.stl"/>
        <mesh name="D_47_34" file="objects/D_47/D_47_34.stl"/>
        <mesh name="D_47_35" file="objects/D_47/D_47_35.stl"/>
        <mesh name="D_47_36" file="objects/D_47/D_47_36.stl"/>
        <mesh name="D_47_37" file="objects/D_47/D_47_37.stl"/>
        <mesh name="D_47_38" file="objects/D_47/D_47_38.stl"/>
        <mesh name="D_47_39" file="objects/D_47/D_47_39.stl"/>
        <mesh name="D_47_40" file="objects/D_47/D_47_40.stl"/>
        <mesh name="D_47_41" file="objects/D_47/D_47_41.stl"/>
        <mesh name="D_47_42" file="objects/D_47/D_47_42.stl"/>
        <mesh name="D_47_43" file="objects/D_47/D_47_43.stl"/>
        <mesh name="D_47_44" file="objects/D_47/D_47_44.stl"/>
        <mesh name="D_47_45" file="objects/D_47/D_47_45.stl"/>
        <mesh name="D_47_46" file="objects/D_47/D_47_46.stl"/>
        <mesh name="D_47_47" file="objects/D_47/D_47_47.stl"/>
        <mesh name="D_47_visual" file="objects/D_47/D_47_full.stl"/>
    </asset>
</mujoco>