<mujoco>
    <asset>
        <mesh name="D_233_1" file="objects/D_233/D_233_1.stl"/>
        <mesh name="D_233_2" file="objects/D_233/D_233_2.stl"/>
        <mesh name="D_233_3" file="objects/D_233/D_233_3.stl"/>
        <mesh name="D_233_4" file="objects/D_233/D_233_4.stl"/>
        <mesh name="D_233_5" file="objects/D_233/D_233_5.stl"/>
        <mesh name="D_233_6" file="objects/D_233/D_233_6.stl"/>
        <mesh name="D_233_7" file="objects/D_233/D_233_7.stl"/>
        <mesh name="D_233_8" file="objects/D_233/D_233_8.stl"/>
        <mesh name="D_233_9" file="objects/D_233/D_233_9.stl"/>
        <mesh name="D_233_10" file="objects/D_233/D_233_10.stl"/>
        <mesh name="D_233_11" file="objects/D_233/D_233_11.stl"/>
        <mesh name="D_233_12" file="objects/D_233/D_233_12.stl"/>
        <mesh name="D_233_13" file="objects/D_233/D_233_13.stl"/>
        <mesh name="D_233_14" file="objects/D_233/D_233_14.stl"/>
        <mesh name="D_233_15" file="objects/D_233/D_233_15.stl"/>
        <mesh name="D_233_16" file="objects/D_233/D_233_16.stl"/>
        <mesh name="D_233_17" file="objects/D_233/D_233_17.stl"/>
        <mesh name="D_233_18" file="objects/D_233/D_233_18.stl"/>
        <mesh name="D_233_19" file="objects/D_233/D_233_19.stl"/>
        <mesh name="D_233_20" file="objects/D_233/D_233_20.stl"/>
        <mesh name="D_233_21" file="objects/D_233/D_233_21.stl"/>
        <mesh name="D_233_22" file="objects/D_233/D_233_22.stl"/>
        <mesh name="D_233_23" file="objects/D_233/D_233_23.stl"/>
        <mesh name="D_233_24" file="objects/D_233/D_233_24.stl"/>
        <mesh name="D_233_25" file="objects/D_233/D_233_25.stl"/>
        <mesh name="D_233_26" file="objects/D_233/D_233_26.stl"/>
        <mesh name="D_233_27" file="objects/D_233/D_233_27.stl"/>
        <mesh name="D_233_28" file="objects/D_233/D_233_28.stl"/>
        <mesh name="D_233_29" file="objects/D_233/D_233_29.stl"/>
        <mesh name="D_233_30" file="objects/D_233/D_233_30.stl"/>
        <mesh name="D_233_31" file="objects/D_233/D_233_31.stl"/>
        <mesh name="D_233_32" file="objects/D_233/D_233_32.stl"/>
        <mesh name="D_233_33" file="objects/D_233/D_233_33.stl"/>
        <mesh name="D_233_34" file="objects/D_233/D_233_34.stl"/>
        <mesh name="D_233_35" file="objects/D_233/D_233_35.stl"/>
        <mesh name="D_233_36" file="objects/D_233/D_233_36.stl"/>
        <mesh name="D_233_37" file="objects/D_233/D_233_37.stl"/>
        <mesh name="D_233_38" file="objects/D_233/D_233_38.stl"/>
        <mesh name="D_233_39" file="objects/D_233/D_233_39.stl"/>
        <mesh name="D_233_40" file="objects/D_233/D_233_40.stl"/>
        <mesh name="D_233_41" file="objects/D_233/D_233_41.stl"/>
        <mesh name="D_233_42" file="objects/D_233/D_233_42.stl"/>
        <mesh name="D_233_43" file="objects/D_233/D_233_43.stl"/>
        <mesh name="D_233_44" file="objects/D_233/D_233_44.stl"/>
        <mesh name="D_233_45" file="objects/D_233/D_233_45.stl"/>
        <mesh name="D_233_46" file="objects/D_233/D_233_46.stl"/>
        <mesh name="D_233_47" file="objects/D_233/D_233_47.stl"/>
        <mesh name="D_233_48" file="objects/D_233/D_233_48.stl"/>
        <mesh name="D_233_49" file="objects/D_233/D_233_49.stl"/>
        <mesh name="D_233_50" file="objects/D_233/D_233_50.stl"/>
        <mesh name="D_233_51" file="objects/D_233/D_233_51.stl"/>
        <mesh name="D_233_52" file="objects/D_233/D_233_52.stl"/>
        <mesh name="D_233_53" file="objects/D_233/D_233_53.stl"/>
        <mesh name="D_233_54" file="objects/D_233/D_233_54.stl"/>
        <mesh name="D_233_55" file="objects/D_233/D_233_55.stl"/>
        <mesh name="D_233_56" file="objects/D_233/D_233_56.stl"/>
        <mesh name="D_233_57" file="objects/D_233/D_233_57.stl"/>
        <mesh name="D_233_58" file="objects/D_233/D_233_58.stl"/>
        <mesh name="D_233_59" file="objects/D_233/D_233_59.stl"/>
        <mesh name="D_233_60" file="objects/D_233/D_233_60.stl"/>
        <mesh name="D_233_61" file="objects/D_233/D_233_61.stl"/>
        <mesh name="D_233_62" file="objects/D_233/D_233_62.stl"/>
        <mesh name="D_233_63" file="objects/D_233/D_233_63.stl"/>
        <mesh name="D_233_64" file="objects/D_233/D_233_64.stl"/>
        <mesh name="D_233_65" file="objects/D_233/D_233_65.stl"/>
        <mesh name="D_233_66" file="objects/D_233/D_233_66.stl"/>
        <mesh name="D_233_67" file="objects/D_233/D_233_67.stl"/>
        <mesh name="D_233_68" file="objects/D_233/D_233_68.stl"/>
        <mesh name="D_233_69" file="objects/D_233/D_233_69.stl"/>
        <mesh name="D_233_70" file="objects/D_233/D_233_70.stl"/>
        <mesh name="D_233_71" file="objects/D_233/D_233_71.stl"/>
        <mesh name="D_233_72" file="objects/D_233/D_233_72.stl"/>
        <mesh name="D_233_73" file="objects/D_233/D_233_73.stl"/>
        <mesh name="D_233_74" file="objects/D_233/D_233_74.stl"/>
        <mesh name="D_233_75" file="objects/D_233/D_233_75.stl"/>
        <mesh name="D_233_76" file="objects/D_233/D_233_76.stl"/>
        <mesh name="D_233_77" file="objects/D_233/D_233_77.stl"/>
        <mesh name="D_233_78" file="objects/D_233/D_233_78.stl"/>
        <mesh name="D_233_79" file="objects/D_233/D_233_79.stl"/>
        <mesh name="D_233_80" file="objects/D_233/D_233_80.stl"/>
        <mesh name="D_233_visual" file="objects/D_233/D_233_full.stl"/>
    </asset>
</mujoco>