<mujoco>
    <asset>
        <mesh name="D_211_1" file="objects/D_211/D_211_1.stl"/>
        <mesh name="D_211_2" file="objects/D_211/D_211_2.stl"/>
        <mesh name="D_211_3" file="objects/D_211/D_211_3.stl"/>
        <mesh name="D_211_4" file="objects/D_211/D_211_4.stl"/>
        <mesh name="D_211_5" file="objects/D_211/D_211_5.stl"/>
        <mesh name="D_211_6" file="objects/D_211/D_211_6.stl"/>
        <mesh name="D_211_7" file="objects/D_211/D_211_7.stl"/>
        <mesh name="D_211_8" file="objects/D_211/D_211_8.stl"/>
        <mesh name="D_211_visual" file="objects/D_211/D_211_full.stl"/>
    </asset>
</mujoco>