<mujoco>
    <asset>
        <mesh name="D_54_1" file="objects/D_54/D_54_1.stl"/>
        <mesh name="D_54_2" file="objects/D_54/D_54_2.stl"/>
        <mesh name="D_54_3" file="objects/D_54/D_54_3.stl"/>
        <mesh name="D_54_4" file="objects/D_54/D_54_4.stl"/>
        <mesh name="D_54_5" file="objects/D_54/D_54_5.stl"/>
        <mesh name="D_54_6" file="objects/D_54/D_54_6.stl"/>
        <mesh name="D_54_7" file="objects/D_54/D_54_7.stl"/>
        <mesh name="D_54_8" file="objects/D_54/D_54_8.stl"/>
        <mesh name="D_54_9" file="objects/D_54/D_54_9.stl"/>
        <mesh name="D_54_10" file="objects/D_54/D_54_10.stl"/>
        <mesh name="D_54_11" file="objects/D_54/D_54_11.stl"/>
        <mesh name="D_54_12" file="objects/D_54/D_54_12.stl"/>
        <mesh name="D_54_13" file="objects/D_54/D_54_13.stl"/>
        <mesh name="D_54_14" file="objects/D_54/D_54_14.stl"/>
        <mesh name="D_54_15" file="objects/D_54/D_54_15.stl"/>
        <mesh name="D_54_16" file="objects/D_54/D_54_16.stl"/>
        <mesh name="D_54_17" file="objects/D_54/D_54_17.stl"/>
        <mesh name="D_54_18" file="objects/D_54/D_54_18.stl"/>
        <mesh name="D_54_19" file="objects/D_54/D_54_19.stl"/>
        <mesh name="D_54_20" file="objects/D_54/D_54_20.stl"/>
        <mesh name="D_54_21" file="objects/D_54/D_54_21.stl"/>
        <mesh name="D_54_22" file="objects/D_54/D_54_22.stl"/>
        <mesh name="D_54_23" file="objects/D_54/D_54_23.stl"/>
        <mesh name="D_54_24" file="objects/D_54/D_54_24.stl"/>
        <mesh name="D_54_25" file="objects/D_54/D_54_25.stl"/>
        <mesh name="D_54_26" file="objects/D_54/D_54_26.stl"/>
        <mesh name="D_54_27" file="objects/D_54/D_54_27.stl"/>
        <mesh name="D_54_28" file="objects/D_54/D_54_28.stl"/>
        <mesh name="D_54_29" file="objects/D_54/D_54_29.stl"/>
        <mesh name="D_54_visual" file="objects/D_54/D_54_full.stl"/>
    </asset>
</mujoco>