<mujoco>
    <asset>
        <mesh name="D_222_1" file="objects/D_222/D_222_1.stl"/>
        <mesh name="D_222_2" file="objects/D_222/D_222_2.stl"/>
        <mesh name="D_222_3" file="objects/D_222/D_222_3.stl"/>
        <mesh name="D_222_4" file="objects/D_222/D_222_4.stl"/>
        <mesh name="D_222_5" file="objects/D_222/D_222_5.stl"/>
        <mesh name="D_222_6" file="objects/D_222/D_222_6.stl"/>
        <mesh name="D_222_7" file="objects/D_222/D_222_7.stl"/>
        <mesh name="D_222_8" file="objects/D_222/D_222_8.stl"/>
        <mesh name="D_222_9" file="objects/D_222/D_222_9.stl"/>
        <mesh name="D_222_10" file="objects/D_222/D_222_10.stl"/>
        <mesh name="D_222_11" file="objects/D_222/D_222_11.stl"/>
        <mesh name="D_222_12" file="objects/D_222/D_222_12.stl"/>
        <mesh name="D_222_13" file="objects/D_222/D_222_13.stl"/>
        <mesh name="D_222_14" file="objects/D_222/D_222_14.stl"/>
        <mesh name="D_222_15" file="objects/D_222/D_222_15.stl"/>
        <mesh name="D_222_16" file="objects/D_222/D_222_16.stl"/>
        <mesh name="D_222_17" file="objects/D_222/D_222_17.stl"/>
        <mesh name="D_222_18" file="objects/D_222/D_222_18.stl"/>
        <mesh name="D_222_19" file="objects/D_222/D_222_19.stl"/>
        <mesh name="D_222_20" file="objects/D_222/D_222_20.stl"/>
        <mesh name="D_222_21" file="objects/D_222/D_222_21.stl"/>
        <mesh name="D_222_22" file="objects/D_222/D_222_22.stl"/>
        <mesh name="D_222_23" file="objects/D_222/D_222_23.stl"/>
        <mesh name="D_222_24" file="objects/D_222/D_222_24.stl"/>
        <mesh name="D_222_25" file="objects/D_222/D_222_25.stl"/>
        <mesh name="D_222_26" file="objects/D_222/D_222_26.stl"/>
        <mesh name="D_222_27" file="objects/D_222/D_222_27.stl"/>
        <mesh name="D_222_28" file="objects/D_222/D_222_28.stl"/>
        <mesh name="D_222_29" file="objects/D_222/D_222_29.stl"/>
        <mesh name="D_222_30" file="objects/D_222/D_222_30.stl"/>
        <mesh name="D_222_31" file="objects/D_222/D_222_31.stl"/>
        <mesh name="D_222_32" file="objects/D_222/D_222_32.stl"/>
        <mesh name="D_222_33" file="objects/D_222/D_222_33.stl"/>
        <mesh name="D_222_34" file="objects/D_222/D_222_34.stl"/>
        <mesh name="D_222_35" file="objects/D_222/D_222_35.stl"/>
        <mesh name="D_222_36" file="objects/D_222/D_222_36.stl"/>
        <mesh name="D_222_37" file="objects/D_222/D_222_37.stl"/>
        <mesh name="D_222_38" file="objects/D_222/D_222_38.stl"/>
        <mesh name="D_222_39" file="objects/D_222/D_222_39.stl"/>
        <mesh name="D_222_40" file="objects/D_222/D_222_40.stl"/>
        <mesh name="D_222_41" file="objects/D_222/D_222_41.stl"/>
        <mesh name="D_222_42" file="objects/D_222/D_222_42.stl"/>
        <mesh name="D_222_43" file="objects/D_222/D_222_43.stl"/>
        <mesh name="D_222_44" file="objects/D_222/D_222_44.stl"/>
        <mesh name="D_222_45" file="objects/D_222/D_222_45.stl"/>
        <mesh name="D_222_46" file="objects/D_222/D_222_46.stl"/>
        <mesh name="D_222_47" file="objects/D_222/D_222_47.stl"/>
        <mesh name="D_222_48" file="objects/D_222/D_222_48.stl"/>
        <mesh name="D_222_49" file="objects/D_222/D_222_49.stl"/>
        <mesh name="D_222_50" file="objects/D_222/D_222_50.stl"/>
        <mesh name="D_222_51" file="objects/D_222/D_222_51.stl"/>
        <mesh name="D_222_52" file="objects/D_222/D_222_52.stl"/>
        <mesh name="D_222_53" file="objects/D_222/D_222_53.stl"/>
        <mesh name="D_222_54" file="objects/D_222/D_222_54.stl"/>
        <mesh name="D_222_55" file="objects/D_222/D_222_55.stl"/>
        <mesh name="D_222_56" file="objects/D_222/D_222_56.stl"/>
        <mesh name="D_222_57" file="objects/D_222/D_222_57.stl"/>
        <mesh name="D_222_58" file="objects/D_222/D_222_58.stl"/>
        <mesh name="D_222_59" file="objects/D_222/D_222_59.stl"/>
        <mesh name="D_222_60" file="objects/D_222/D_222_60.stl"/>
        <mesh name="D_222_61" file="objects/D_222/D_222_61.stl"/>
        <mesh name="D_222_62" file="objects/D_222/D_222_62.stl"/>
        <mesh name="D_222_63" file="objects/D_222/D_222_63.stl"/>
        <mesh name="D_222_64" file="objects/D_222/D_222_64.stl"/>
        <mesh name="D_222_65" file="objects/D_222/D_222_65.stl"/>
        <mesh name="D_222_66" file="objects/D_222/D_222_66.stl"/>
        <mesh name="D_222_67" file="objects/D_222/D_222_67.stl"/>
        <mesh name="D_222_68" file="objects/D_222/D_222_68.stl"/>
        <mesh name="D_222_69" file="objects/D_222/D_222_69.stl"/>
        <mesh name="D_222_70" file="objects/D_222/D_222_70.stl"/>
        <mesh name="D_222_71" file="objects/D_222/D_222_71.stl"/>
        <mesh name="D_222_72" file="objects/D_222/D_222_72.stl"/>
        <mesh name="D_222_73" file="objects/D_222/D_222_73.stl"/>
        <mesh name="D_222_74" file="objects/D_222/D_222_74.stl"/>
        <mesh name="D_222_75" file="objects/D_222/D_222_75.stl"/>
        <mesh name="D_222_76" file="objects/D_222/D_222_76.stl"/>
        <mesh name="D_222_77" file="objects/D_222/D_222_77.stl"/>
        <mesh name="D_222_78" file="objects/D_222/D_222_78.stl"/>
        <mesh name="D_222_79" file="objects/D_222/D_222_79.stl"/>
        <mesh name="D_222_80" file="objects/D_222/D_222_80.stl"/>
        <mesh name="D_222_81" file="objects/D_222/D_222_81.stl"/>
        <mesh name="D_222_82" file="objects/D_222/D_222_82.stl"/>
        <mesh name="D_222_83" file="objects/D_222/D_222_83.stl"/>
        <mesh name="D_222_84" file="objects/D_222/D_222_84.stl"/>
        <mesh name="D_222_85" file="objects/D_222/D_222_85.stl"/>
        <mesh name="D_222_86" file="objects/D_222/D_222_86.stl"/>
        <mesh name="D_222_87" file="objects/D_222/D_222_87.stl"/>
        <mesh name="D_222_visual" file="objects/D_222/D_222_full.stl"/>
    </asset>
</mujoco>