<mujoco>
    <asset>
        <mesh name="D_125_1" file="objects/D_125/D_125_1.stl"/>
        <mesh name="D_125_2" file="objects/D_125/D_125_2.stl"/>
        <mesh name="D_125_3" file="objects/D_125/D_125_3.stl"/>
        <mesh name="D_125_4" file="objects/D_125/D_125_4.stl"/>
        <mesh name="D_125_5" file="objects/D_125/D_125_5.stl"/>
        <mesh name="D_125_6" file="objects/D_125/D_125_6.stl"/>
        <mesh name="D_125_7" file="objects/D_125/D_125_7.stl"/>
        <mesh name="D_125_8" file="objects/D_125/D_125_8.stl"/>
        <mesh name="D_125_9" file="objects/D_125/D_125_9.stl"/>
        <mesh name="D_125_10" file="objects/D_125/D_125_10.stl"/>
        <mesh name="D_125_11" file="objects/D_125/D_125_11.stl"/>
        <mesh name="D_125_12" file="objects/D_125/D_125_12.stl"/>
        <mesh name="D_125_13" file="objects/D_125/D_125_13.stl"/>
        <mesh name="D_125_14" file="objects/D_125/D_125_14.stl"/>
        <mesh name="D_125_15" file="objects/D_125/D_125_15.stl"/>
        <mesh name="D_125_16" file="objects/D_125/D_125_16.stl"/>
        <mesh name="D_125_17" file="objects/D_125/D_125_17.stl"/>
        <mesh name="D_125_18" file="objects/D_125/D_125_18.stl"/>
        <mesh name="D_125_19" file="objects/D_125/D_125_19.stl"/>
        <mesh name="D_125_20" file="objects/D_125/D_125_20.stl"/>
        <mesh name="D_125_21" file="objects/D_125/D_125_21.stl"/>
        <mesh name="D_125_22" file="objects/D_125/D_125_22.stl"/>
        <mesh name="D_125_23" file="objects/D_125/D_125_23.stl"/>
        <mesh name="D_125_24" file="objects/D_125/D_125_24.stl"/>
        <mesh name="D_125_25" file="objects/D_125/D_125_25.stl"/>
        <mesh name="D_125_26" file="objects/D_125/D_125_26.stl"/>
        <mesh name="D_125_27" file="objects/D_125/D_125_27.stl"/>
        <mesh name="D_125_28" file="objects/D_125/D_125_28.stl"/>
        <mesh name="D_125_29" file="objects/D_125/D_125_29.stl"/>
        <mesh name="D_125_30" file="objects/D_125/D_125_30.stl"/>
        <mesh name="D_125_31" file="objects/D_125/D_125_31.stl"/>
        <mesh name="D_125_32" file="objects/D_125/D_125_32.stl"/>
        <mesh name="D_125_33" file="objects/D_125/D_125_33.stl"/>
        <mesh name="D_125_34" file="objects/D_125/D_125_34.stl"/>
        <mesh name="D_125_35" file="objects/D_125/D_125_35.stl"/>
        <mesh name="D_125_36" file="objects/D_125/D_125_36.stl"/>
        <mesh name="D_125_37" file="objects/D_125/D_125_37.stl"/>
        <mesh name="D_125_38" file="objects/D_125/D_125_38.stl"/>
        <mesh name="D_125_39" file="objects/D_125/D_125_39.stl"/>
        <mesh name="D_125_40" file="objects/D_125/D_125_40.stl"/>
        <mesh name="D_125_41" file="objects/D_125/D_125_41.stl"/>
        <mesh name="D_125_42" file="objects/D_125/D_125_42.stl"/>
        <mesh name="D_125_43" file="objects/D_125/D_125_43.stl"/>
        <mesh name="D_125_44" file="objects/D_125/D_125_44.stl"/>
        <mesh name="D_125_45" file="objects/D_125/D_125_45.stl"/>
        <mesh name="D_125_46" file="objects/D_125/D_125_46.stl"/>
        <mesh name="D_125_47" file="objects/D_125/D_125_47.stl"/>
        <mesh name="D_125_48" file="objects/D_125/D_125_48.stl"/>
        <mesh name="D_125_49" file="objects/D_125/D_125_49.stl"/>
        <mesh name="D_125_50" file="objects/D_125/D_125_50.stl"/>
        <mesh name="D_125_51" file="objects/D_125/D_125_51.stl"/>
        <mesh name="D_125_52" file="objects/D_125/D_125_52.stl"/>
        <mesh name="D_125_53" file="objects/D_125/D_125_53.stl"/>
        <mesh name="D_125_54" file="objects/D_125/D_125_54.stl"/>
        <mesh name="D_125_55" file="objects/D_125/D_125_55.stl"/>
        <mesh name="D_125_56" file="objects/D_125/D_125_56.stl"/>
        <mesh name="D_125_57" file="objects/D_125/D_125_57.stl"/>
        <mesh name="D_125_58" file="objects/D_125/D_125_58.stl"/>
        <mesh name="D_125_visual" file="objects/D_125/D_125_full.stl"/>
    </asset>
</mujoco>