<mujoco>
    <asset>
        <mesh name="D_77_1" file="objects/D_77/D_77_1.stl"/>
        <mesh name="D_77_2" file="objects/D_77/D_77_2.stl"/>
        <mesh name="D_77_3" file="objects/D_77/D_77_3.stl"/>
        <mesh name="D_77_4" file="objects/D_77/D_77_4.stl"/>
        <mesh name="D_77_5" file="objects/D_77/D_77_5.stl"/>
        <mesh name="D_77_6" file="objects/D_77/D_77_6.stl"/>
        <mesh name="D_77_7" file="objects/D_77/D_77_7.stl"/>
        <mesh name="D_77_8" file="objects/D_77/D_77_8.stl"/>
        <mesh name="D_77_9" file="objects/D_77/D_77_9.stl"/>
        <mesh name="D_77_10" file="objects/D_77/D_77_10.stl"/>
        <mesh name="D_77_11" file="objects/D_77/D_77_11.stl"/>
        <mesh name="D_77_12" file="objects/D_77/D_77_12.stl"/>
        <mesh name="D_77_13" file="objects/D_77/D_77_13.stl"/>
        <mesh name="D_77_14" file="objects/D_77/D_77_14.stl"/>
        <mesh name="D_77_15" file="objects/D_77/D_77_15.stl"/>
        <mesh name="D_77_16" file="objects/D_77/D_77_16.stl"/>
        <mesh name="D_77_17" file="objects/D_77/D_77_17.stl"/>
        <mesh name="D_77_18" file="objects/D_77/D_77_18.stl"/>
        <mesh name="D_77_19" file="objects/D_77/D_77_19.stl"/>
        <mesh name="D_77_20" file="objects/D_77/D_77_20.stl"/>
        <mesh name="D_77_21" file="objects/D_77/D_77_21.stl"/>
        <mesh name="D_77_22" file="objects/D_77/D_77_22.stl"/>
        <mesh name="D_77_23" file="objects/D_77/D_77_23.stl"/>
        <mesh name="D_77_24" file="objects/D_77/D_77_24.stl"/>
        <mesh name="D_77_25" file="objects/D_77/D_77_25.stl"/>
        <mesh name="D_77_26" file="objects/D_77/D_77_26.stl"/>
        <mesh name="D_77_27" file="objects/D_77/D_77_27.stl"/>
        <mesh name="D_77_28" file="objects/D_77/D_77_28.stl"/>
        <mesh name="D_77_29" file="objects/D_77/D_77_29.stl"/>
        <mesh name="D_77_30" file="objects/D_77/D_77_30.stl"/>
        <mesh name="D_77_31" file="objects/D_77/D_77_31.stl"/>
        <mesh name="D_77_32" file="objects/D_77/D_77_32.stl"/>
        <mesh name="D_77_33" file="objects/D_77/D_77_33.stl"/>
        <mesh name="D_77_34" file="objects/D_77/D_77_34.stl"/>
        <mesh name="D_77_35" file="objects/D_77/D_77_35.stl"/>
        <mesh name="D_77_36" file="objects/D_77/D_77_36.stl"/>
        <mesh name="D_77_37" file="objects/D_77/D_77_37.stl"/>
        <mesh name="D_77_38" file="objects/D_77/D_77_38.stl"/>
        <mesh name="D_77_39" file="objects/D_77/D_77_39.stl"/>
        <mesh name="D_77_40" file="objects/D_77/D_77_40.stl"/>
        <mesh name="D_77_41" file="objects/D_77/D_77_41.stl"/>
        <mesh name="D_77_42" file="objects/D_77/D_77_42.stl"/>
        <mesh name="D_77_43" file="objects/D_77/D_77_43.stl"/>
        <mesh name="D_77_44" file="objects/D_77/D_77_44.stl"/>
        <mesh name="D_77_45" file="objects/D_77/D_77_45.stl"/>
        <mesh name="D_77_46" file="objects/D_77/D_77_46.stl"/>
        <mesh name="D_77_47" file="objects/D_77/D_77_47.stl"/>
        <mesh name="D_77_48" file="objects/D_77/D_77_48.stl"/>
        <mesh name="D_77_49" file="objects/D_77/D_77_49.stl"/>
        <mesh name="D_77_50" file="objects/D_77/D_77_50.stl"/>
        <mesh name="D_77_51" file="objects/D_77/D_77_51.stl"/>
        <mesh name="D_77_52" file="objects/D_77/D_77_52.stl"/>
        <mesh name="D_77_53" file="objects/D_77/D_77_53.stl"/>
        <mesh name="D_77_54" file="objects/D_77/D_77_54.stl"/>
        <mesh name="D_77_55" file="objects/D_77/D_77_55.stl"/>
        <mesh name="D_77_56" file="objects/D_77/D_77_56.stl"/>
        <mesh name="D_77_57" file="objects/D_77/D_77_57.stl"/>
        <mesh name="D_77_58" file="objects/D_77/D_77_58.stl"/>
        <mesh name="D_77_59" file="objects/D_77/D_77_59.stl"/>
        <mesh name="D_77_60" file="objects/D_77/D_77_60.stl"/>
        <mesh name="D_77_61" file="objects/D_77/D_77_61.stl"/>
        <mesh name="D_77_62" file="objects/D_77/D_77_62.stl"/>
        <mesh name="D_77_63" file="objects/D_77/D_77_63.stl"/>
        <mesh name="D_77_64" file="objects/D_77/D_77_64.stl"/>
        <mesh name="D_77_65" file="objects/D_77/D_77_65.stl"/>
        <mesh name="D_77_visual" file="objects/D_77/D_77_full.stl"/>
    </asset>
</mujoco>