<mujoco>
    <asset>
        <mesh name="D_142_1" file="objects/D_142/D_142_1.stl"/>
        <mesh name="D_142_2" file="objects/D_142/D_142_2.stl"/>
        <mesh name="D_142_3" file="objects/D_142/D_142_3.stl"/>
        <mesh name="D_142_4" file="objects/D_142/D_142_4.stl"/>
        <mesh name="D_142_5" file="objects/D_142/D_142_5.stl"/>
        <mesh name="D_142_6" file="objects/D_142/D_142_6.stl"/>
        <mesh name="D_142_7" file="objects/D_142/D_142_7.stl"/>
        <mesh name="D_142_8" file="objects/D_142/D_142_8.stl"/>
        <mesh name="D_142_9" file="objects/D_142/D_142_9.stl"/>
        <mesh name="D_142_10" file="objects/D_142/D_142_10.stl"/>
        <mesh name="D_142_11" file="objects/D_142/D_142_11.stl"/>
        <mesh name="D_142_12" file="objects/D_142/D_142_12.stl"/>
        <mesh name="D_142_13" file="objects/D_142/D_142_13.stl"/>
        <mesh name="D_142_14" file="objects/D_142/D_142_14.stl"/>
        <mesh name="D_142_15" file="objects/D_142/D_142_15.stl"/>
        <mesh name="D_142_16" file="objects/D_142/D_142_16.stl"/>
        <mesh name="D_142_17" file="objects/D_142/D_142_17.stl"/>
        <mesh name="D_142_18" file="objects/D_142/D_142_18.stl"/>
        <mesh name="D_142_19" file="objects/D_142/D_142_19.stl"/>
        <mesh name="D_142_20" file="objects/D_142/D_142_20.stl"/>
        <mesh name="D_142_21" file="objects/D_142/D_142_21.stl"/>
        <mesh name="D_142_22" file="objects/D_142/D_142_22.stl"/>
        <mesh name="D_142_23" file="objects/D_142/D_142_23.stl"/>
        <mesh name="D_142_24" file="objects/D_142/D_142_24.stl"/>
        <mesh name="D_142_25" file="objects/D_142/D_142_25.stl"/>
        <mesh name="D_142_26" file="objects/D_142/D_142_26.stl"/>
        <mesh name="D_142_27" file="objects/D_142/D_142_27.stl"/>
        <mesh name="D_142_28" file="objects/D_142/D_142_28.stl"/>
        <mesh name="D_142_29" file="objects/D_142/D_142_29.stl"/>
        <mesh name="D_142_30" file="objects/D_142/D_142_30.stl"/>
        <mesh name="D_142_31" file="objects/D_142/D_142_31.stl"/>
        <mesh name="D_142_32" file="objects/D_142/D_142_32.stl"/>
        <mesh name="D_142_33" file="objects/D_142/D_142_33.stl"/>
        <mesh name="D_142_34" file="objects/D_142/D_142_34.stl"/>
        <mesh name="D_142_35" file="objects/D_142/D_142_35.stl"/>
        <mesh name="D_142_36" file="objects/D_142/D_142_36.stl"/>
        <mesh name="D_142_37" file="objects/D_142/D_142_37.stl"/>
        <mesh name="D_142_38" file="objects/D_142/D_142_38.stl"/>
        <mesh name="D_142_39" file="objects/D_142/D_142_39.stl"/>
        <mesh name="D_142_40" file="objects/D_142/D_142_40.stl"/>
        <mesh name="D_142_41" file="objects/D_142/D_142_41.stl"/>
        <mesh name="D_142_42" file="objects/D_142/D_142_42.stl"/>
        <mesh name="D_142_43" file="objects/D_142/D_142_43.stl"/>
        <mesh name="D_142_44" file="objects/D_142/D_142_44.stl"/>
        <mesh name="D_142_45" file="objects/D_142/D_142_45.stl"/>
        <mesh name="D_142_46" file="objects/D_142/D_142_46.stl"/>
        <mesh name="D_142_47" file="objects/D_142/D_142_47.stl"/>
        <mesh name="D_142_48" file="objects/D_142/D_142_48.stl"/>
        <mesh name="D_142_49" file="objects/D_142/D_142_49.stl"/>
        <mesh name="D_142_50" file="objects/D_142/D_142_50.stl"/>
        <mesh name="D_142_51" file="objects/D_142/D_142_51.stl"/>
        <mesh name="D_142_52" file="objects/D_142/D_142_52.stl"/>
        <mesh name="D_142_53" file="objects/D_142/D_142_53.stl"/>
        <mesh name="D_142_54" file="objects/D_142/D_142_54.stl"/>
        <mesh name="D_142_55" file="objects/D_142/D_142_55.stl"/>
        <mesh name="D_142_56" file="objects/D_142/D_142_56.stl"/>
        <mesh name="D_142_57" file="objects/D_142/D_142_57.stl"/>
        <mesh name="D_142_58" file="objects/D_142/D_142_58.stl"/>
        <mesh name="D_142_59" file="objects/D_142/D_142_59.stl"/>
        <mesh name="D_142_60" file="objects/D_142/D_142_60.stl"/>
        <mesh name="D_142_61" file="objects/D_142/D_142_61.stl"/>
        <mesh name="D_142_62" file="objects/D_142/D_142_62.stl"/>
        <mesh name="D_142_63" file="objects/D_142/D_142_63.stl"/>
        <mesh name="D_142_64" file="objects/D_142/D_142_64.stl"/>
        <mesh name="D_142_65" file="objects/D_142/D_142_65.stl"/>
        <mesh name="D_142_66" file="objects/D_142/D_142_66.stl"/>
        <mesh name="D_142_67" file="objects/D_142/D_142_67.stl"/>
        <mesh name="D_142_68" file="objects/D_142/D_142_68.stl"/>
        <mesh name="D_142_69" file="objects/D_142/D_142_69.stl"/>
        <mesh name="D_142_70" file="objects/D_142/D_142_70.stl"/>
        <mesh name="D_142_visual" file="objects/D_142/D_142_full.stl"/>
    </asset>
</mujoco>