<mujoco>
    <worldbody>
        <body name="object" pos="0 0 0" euler="">
            <geom type="mesh" group="1" mesh="D_142_1" condim="6" mass="0.000001" friction="" solimp="0.99 0.999 0.001" margin="0.0005" solref="0.008 1.0"/>
            <geom type="mesh" group="1" mesh="D_142_2" condim="6" mass="0.000001" friction="" solimp="0.99 0.999 0.001" margin="0.0005" solref="0.008 1.0"/>
            <geom type="mesh" group="1" mesh="D_142_3" condim="6" mass="0.000001" friction="" solimp="0.99 0.999 0.001" margin="0.0005" solref="0.008 1.0"/>
            <geom type="mesh" group="1" mesh="D_142_4" condim="6" mass="0.000001" friction="" solimp="0.99 0.999 0.001" margin="0.0005" solref="0.008 1.0"/>
            <geom type="mesh" group="1" mesh="D_142_5" condim="6" mass="0.000001" friction="" solimp="0.99 0.999 0.001" margin="0.0005" solref="0.008 1.0"/>
            <geom type="mesh" group="1" mesh="D_142_6" condim="6" mass="0.000001" friction="" solimp="0.99 0.999 0.001" margin="0.0005" solref="0.008 1.0"/>
            <geom type="mesh" group="1" mesh="D_142_7" condim="6" mass="0.000001" friction="" solimp="0.99 0.999 0.001" margin="0.0005" solref="0.008 1.0"/>
            <geom type="mesh" group="1" mesh="D_142_8" condim="6" mass="0.000001" friction="" solimp="0.99 0.999 0.001" margin="0.0005" solref="0.008 1.0"/>
            <geom type="mesh" group="1" mesh="D_142_9" condim="6" mass="0.000001" friction="" solimp="0.99 0.999 0.001" margin="0.0005" solref="0.008 1.0"/>
            <geom type="mesh" group="1" mesh="D_142_10" condim="6" mass="0.000001" friction="" solimp="0.99 0.999 0.001" margin="0.0005" solref="0.008 1.0"/>
            <geom type="mesh" group="1" mesh="D_142_11" condim="6" mass="0.000001" friction="" solimp="0.99 0.999 0.001" margin="0.0005" solref="0.008 1.0"/>
            <geom type="mesh" group="1" mesh="D_142_12" condim="6" mass="0.000001" friction="" solimp="0.99 0.999 0.001" margin="0.0005" solref="0.008 1.0"/>
            <geom type="mesh" group="1" mesh="D_142_13" condim="6" mass="0.000001" friction="" solimp="0.99 0.999 0.001" margin="0.0005" solref="0.008 1.0"/>
            <geom type="mesh" group="1" mesh="D_142_14" condim="6" mass="0.000001" friction="" solimp="0.99 0.999 0.001" margin="0.0005" solref="0.008 1.0"/>
            <geom type="mesh" group="1" mesh="D_142_15" condim="6" mass="0.000001" friction="" solimp="0.99 0.999 0.001" margin="0.0005" solref="0.008 1.0"/>
            <geom type="mesh" group="1" mesh="D_142_16" condim="6" mass="0.000001" friction="" solimp="0.99 0.999 0.001" margin="0.0005" solref="0.008 1.0"/>
            <geom type="mesh" group="1" mesh="D_142_17" condim="6" mass="0.000001" friction="" solimp="0.99 0.999 0.001" margin="0.0005" solref="0.008 1.0"/>
            <geom type="mesh" group="1" mesh="D_142_18" condim="6" mass="0.000001" friction="" solimp="0.99 0.999 0.001" margin="0.0005" solref="0.008 1.0"/>
            <geom type="mesh" group="1" mesh="D_142_19" condim="6" mass="0.000001" friction="" solimp="0.99 0.999 0.001" margin="0.0005" solref="0.008 1.0"/>
            <geom type="mesh" group="1" mesh="D_142_20" condim="6" mass="0.000001" friction="" solimp="0.99 0.999 0.001" margin="0.0005" solref="0.008 1.0"/>
            <geom type="mesh" group="1" mesh="D_142_21" condim="6" mass="0.000001" friction="" solimp="0.99 0.999 0.001" margin="0.0005" solref="0.008 1.0"/>
            <geom type="mesh" group="1" mesh="D_142_22" condim="6" mass="0.000001" friction="" solimp="0.99 0.999 0.001" margin="0.0005" solref="0.008 1.0"/>
            <geom type="mesh" group="1" mesh="D_142_23" condim="6" mass="0.000001" friction="" solimp="0.99 0.999 0.001" margin="0.0005" solref="0.008 1.0"/>
            <geom type="mesh" group="1" mesh="D_142_24" condim="6" mass="0.000001" friction="" solimp="0.99 0.999 0.001" margin="0.0005" solref="0.008 1.0"/>
            <geom type="mesh" group="1" mesh="D_142_25" condim="6" mass="0.000001" friction="" solimp="0.99 0.999 0.001" margin="0.0005" solref="0.008 1.0"/>
            <geom type="mesh" group="1" mesh="D_142_26" condim="6" mass="0.000001" friction="" solimp="0.99 0.999 0.001" margin="0.0005" solref="0.008 1.0"/>
            <geom type="mesh" group="1" mesh="D_142_27" condim="6" mass="0.000001" friction="" solimp="0.99 0.999 0.001" margin="0.0005" solref="0.008 1.0"/>
            <geom type="mesh" group="1" mesh="D_142_28" condim="6" mass="0.000001" friction="" solimp="0.99 0.999 0.001" margin="0.0005" solref="0.008 1.0"/>
            <geom type="mesh" group="1" mesh="D_142_29" condim="6" mass="0.000001" friction="" solimp="0.99 0.999 0.001" margin="0.0005" solref="0.008 1.0"/>
            <geom type="mesh" group="1" mesh="D_142_30" condim="6" mass="0.000001" friction="" solimp="0.99 0.999 0.001" margin="0.0005" solref="0.008 1.0"/>
            <geom type="mesh" group="1" mesh="D_142_31" condim="6" mass="0.000001" friction="" solimp="0.99 0.999 0.001" margin="0.0005" solref="0.008 1.0"/>
            <geom type="mesh" group="1" mesh="D_142_32" condim="6" mass="0.000001" friction="" solimp="0.99 0.999 0.001" margin="0.0005" solref="0.008 1.0"/>
            <geom type="mesh" group="1" mesh="D_142_33" condim="6" mass="0.000001" friction="" solimp="0.99 0.999 0.001" margin="0.0005" solref="0.008 1.0"/>
            <geom type="mesh" group="1" mesh="D_142_34" condim="6" mass="0.000001" friction="" solimp="0.99 0.999 0.001" margin="0.0005" solref="0.008 1.0"/>
            <geom type="mesh" group="1" mesh="D_142_35" condim="6" mass="0.000001" friction="" solimp="0.99 0.999 0.001" margin="0.0005" solref="0.008 1.0"/>
            <geom type="mesh" group="1" mesh="D_142_36" condim="6" mass="0.000001" friction="" solimp="0.99 0.999 0.001" margin="0.0005" solref="0.008 1.0"/>
            <geom type="mesh" group="1" mesh="D_142_37" condim="6" mass="0.000001" friction="" solimp="0.99 0.999 0.001" margin="0.0005" solref="0.008 1.0"/>
            <geom type="mesh" group="1" mesh="D_142_38" condim="6" mass="0.000001" friction="" solimp="0.99 0.999 0.001" margin="0.0005" solref="0.008 1.0"/>
            <geom type="mesh" group="1" mesh="D_142_39" condim="6" mass="0.000001" friction="" solimp="0.99 0.999 0.001" margin="0.0005" solref="0.008 1.0"/>
            <geom type="mesh" group="1" mesh="D_142_40" condim="6" mass="0.000001" friction="" solimp="0.99 0.999 0.001" margin="0.0005" solref="0.008 1.0"/>
            <geom type="mesh" group="1" mesh="D_142_41" condim="6" mass="0.000001" friction="" solimp="0.99 0.999 0.001" margin="0.0005" solref="0.008 1.0"/>
            <geom type="mesh" group="1" mesh="D_142_42" condim="6" mass="0.000001" friction="" solimp="0.99 0.999 0.001" margin="0.0005" solref="0.008 1.0"/>
            <geom type="mesh" group="1" mesh="D_142_43" condim="6" mass="0.000001" friction="" solimp="0.99 0.999 0.001" margin="0.0005" solref="0.008 1.0"/>
            <geom type="mesh" group="1" mesh="D_142_44" condim="6" mass="0.000001" friction="" solimp="0.99 0.999 0.001" margin="0.0005" solref="0.008 1.0"/>
            <geom type="mesh" group="1" mesh="D_142_45" condim="6" mass="0.000001" friction="" solimp="0.99 0.999 0.001" margin="0.0005" solref="0.008 1.0"/>
            <geom type="mesh" group="1" mesh="D_142_46" condim="6" mass="0.000001" friction="" solimp="0.99 0.999 0.001" margin="0.0005" solref="0.008 1.0"/>
            <geom type="mesh" group="1" mesh="D_142_47" condim="6" mass="0.000001" friction="" solimp="0.99 0.999 0.001" margin="0.0005" solref="0.008 1.0"/>
            <geom type="mesh" group="1" mesh="D_142_48" condim="6" mass="0.000001" friction="" solimp="0.99 0.999 0.001" margin="0.0005" solref="0.008 1.0"/>
            <geom type="mesh" group="1" mesh="D_142_49" condim="6" mass="0.000001" friction="" solimp="0.99 0.999 0.001" margin="0.0005" solref="0.008 1.0"/>
            <geom type="mesh" group="1" mesh="D_142_50" condim="6" mass="0.000001" friction="" solimp="0.99 0.999 0.001" margin="0.0005" solref="0.008 1.0"/>
            <geom type="mesh" group="1" mesh="D_142_51" condim="6" mass="0.000001" friction="" solimp="0.99 0.999 0.001" margin="0.0005" solref="0.008 1.0"/>
            <geom type="mesh" group="1" mesh="D_142_52" condim="6" mass="0.000001" friction="" solimp="0.99 0.999 0.001" margin="0.0005" solref="0.008 1.0"/>
            <geom type="mesh" group="1" mesh="D_142_53" condim="6" mass="0.000001" friction="" solimp="0.99 0.999 0.001" margin="0.0005" solref="0.008 1.0"/>
            <geom type="mesh" group="1" mesh="D_142_54" condim="6" mass="0.000001" friction="" solimp="0.99 0.999 0.001" margin="0.0005" solref="0.008 1.0"/>
            <geom type="mesh" group="1" mesh="D_142_55" condim="6" mass="0.000001" friction="" solimp="0.99 0.999 0.001" margin="0.0005" solref="0.008 1.0"/>
            <geom type="mesh" group="1" mesh="D_142_56" condim="6" mass="0.000001" friction="" solimp="0.99 0.999 0.001" margin="0.0005" solref="0.008 1.0"/>
            <geom type="mesh" group="1" mesh="D_142_57" condim="6" mass="0.000001" friction="" solimp="0.99 0.999 0.001" margin="0.0005" solref="0.008 1.0"/>
            <geom type="mesh" group="1" mesh="D_142_58" condim="6" mass="0.000001" friction="" solimp="0.99 0.999 0.001" margin="0.0005" solref="0.008 1.0"/>
            <geom type="mesh" group="1" mesh="D_142_59" condim="6" mass="0.000001" friction="" solimp="0.99 0.999 0.001" margin="0.0005" solref="0.008 1.0"/>
            <geom type="mesh" group="1" mesh="D_142_60" condim="6" mass="0.000001" friction="" solimp="0.99 0.999 0.001" margin="0.0005" solref="0.008 1.0"/>
            <geom type="mesh" group="1" mesh="D_142_61" condim="6" mass="0.000001" friction="" solimp="0.99 0.999 0.001" margin="0.0005" solref="0.008 1.0"/>
            <geom type="mesh" group="1" mesh="D_142_62" condim="6" mass="0.000001" friction="" solimp="0.99 0.999 0.001" margin="0.0005" solref="0.008 1.0"/>
            <geom type="mesh" group="1" mesh="D_142_63" condim="6" mass="0.000001" friction="" solimp="0.99 0.999 0.001" margin="0.0005" solref="0.008 1.0"/>
            <geom type="mesh" group="1" mesh="D_142_64" condim="6" mass="0.000001" friction="" solimp="0.99 0.999 0.001" margin="0.0005" solref="0.008 1.0"/>
            <geom type="mesh" group="1" mesh="D_142_65" condim="6" mass="0.000001" friction="" solimp="0.99 0.999 0.001" margin="0.0005" solref="0.008 1.0"/>
            <geom type="mesh" group="1" mesh="D_142_66" condim="6" mass="0.000001" friction="" solimp="0.99 0.999 0.001" margin="0.0005" solref="0.008 1.0"/>
            <geom type="mesh" group="1" mesh="D_142_67" condim="6" mass="0.000001" friction="" solimp="0.99 0.999 0.001" margin="0.0005" solref="0.008 1.0"/>
            <geom type="mesh" group="1" mesh="D_142_68" condim="6" mass="0.000001" friction="" solimp="0.99 0.999 0.001" margin="0.0005" solref="0.008 1.0"/>
            <geom type="mesh" group="1" mesh="D_142_69" condim="6" mass="0.000001" friction="" solimp="0.99 0.999 0.001" margin="0.0005" solref="0.008 1.0"/>
            <geom type="mesh" group="1" mesh="D_142_70" condim="6" mass="0.000001" friction="" solimp="0.99 0.999 0.001" margin="0.0005" solref="0.008 1.0"/>
            <geom type="mesh" group ="2" mass="" contype="0" rgba="" conaffinity="0" mesh="D_142_visual"/>
            <joint class="free"/>
        </body>
    </worldbody>
</mujoco>