<mujoco>
    <asset>
        <mesh name="D_141_1" file="objects/D_141/D_141_1.stl"/>
        <mesh name="D_141_2" file="objects/D_141/D_141_2.stl"/>
        <mesh name="D_141_3" file="objects/D_141/D_141_3.stl"/>
        <mesh name="D_141_4" file="objects/D_141/D_141_4.stl"/>
        <mesh name="D_141_5" file="objects/D_141/D_141_5.stl"/>
        <mesh name="D_141_6" file="objects/D_141/D_141_6.stl"/>
        <mesh name="D_141_7" file="objects/D_141/D_141_7.stl"/>
        <mesh name="D_141_8" file="objects/D_141/D_141_8.stl"/>
        <mesh name="D_141_9" file="objects/D_141/D_141_9.stl"/>
        <mesh name="D_141_10" file="objects/D_141/D_141_10.stl"/>
        <mesh name="D_141_11" file="objects/D_141/D_141_11.stl"/>
        <mesh name="D_141_12" file="objects/D_141/D_141_12.stl"/>
        <mesh name="D_141_13" file="objects/D_141/D_141_13.stl"/>
        <mesh name="D_141_14" file="objects/D_141/D_141_14.stl"/>
        <mesh name="D_141_15" file="objects/D_141/D_141_15.stl"/>
        <mesh name="D_141_16" file="objects/D_141/D_141_16.stl"/>
        <mesh name="D_141_17" file="objects/D_141/D_141_17.stl"/>
        <mesh name="D_141_18" file="objects/D_141/D_141_18.stl"/>
        <mesh name="D_141_19" file="objects/D_141/D_141_19.stl"/>
        <mesh name="D_141_20" file="objects/D_141/D_141_20.stl"/>
        <mesh name="D_141_21" file="objects/D_141/D_141_21.stl"/>
        <mesh name="D_141_22" file="objects/D_141/D_141_22.stl"/>
        <mesh name="D_141_23" file="objects/D_141/D_141_23.stl"/>
        <mesh name="D_141_24" file="objects/D_141/D_141_24.stl"/>
        <mesh name="D_141_25" file="objects/D_141/D_141_25.stl"/>
        <mesh name="D_141_26" file="objects/D_141/D_141_26.stl"/>
        <mesh name="D_141_27" file="objects/D_141/D_141_27.stl"/>
        <mesh name="D_141_28" file="objects/D_141/D_141_28.stl"/>
        <mesh name="D_141_29" file="objects/D_141/D_141_29.stl"/>
        <mesh name="D_141_30" file="objects/D_141/D_141_30.stl"/>
        <mesh name="D_141_31" file="objects/D_141/D_141_31.stl"/>
        <mesh name="D_141_32" file="objects/D_141/D_141_32.stl"/>
        <mesh name="D_141_33" file="objects/D_141/D_141_33.stl"/>
        <mesh name="D_141_34" file="objects/D_141/D_141_34.stl"/>
        <mesh name="D_141_35" file="objects/D_141/D_141_35.stl"/>
        <mesh name="D_141_36" file="objects/D_141/D_141_36.stl"/>
        <mesh name="D_141_37" file="objects/D_141/D_141_37.stl"/>
        <mesh name="D_141_38" file="objects/D_141/D_141_38.stl"/>
        <mesh name="D_141_39" file="objects/D_141/D_141_39.stl"/>
        <mesh name="D_141_40" file="objects/D_141/D_141_40.stl"/>
        <mesh name="D_141_41" file="objects/D_141/D_141_41.stl"/>
        <mesh name="D_141_42" file="objects/D_141/D_141_42.stl"/>
        <mesh name="D_141_43" file="objects/D_141/D_141_43.stl"/>
        <mesh name="D_141_44" file="objects/D_141/D_141_44.stl"/>
        <mesh name="D_141_45" file="objects/D_141/D_141_45.stl"/>
        <mesh name="D_141_46" file="objects/D_141/D_141_46.stl"/>
        <mesh name="D_141_47" file="objects/D_141/D_141_47.stl"/>
        <mesh name="D_141_48" file="objects/D_141/D_141_48.stl"/>
        <mesh name="D_141_49" file="objects/D_141/D_141_49.stl"/>
        <mesh name="D_141_50" file="objects/D_141/D_141_50.stl"/>
        <mesh name="D_141_51" file="objects/D_141/D_141_51.stl"/>
        <mesh name="D_141_52" file="objects/D_141/D_141_52.stl"/>
        <mesh name="D_141_53" file="objects/D_141/D_141_53.stl"/>
        <mesh name="D_141_54" file="objects/D_141/D_141_54.stl"/>
        <mesh name="D_141_55" file="objects/D_141/D_141_55.stl"/>
        <mesh name="D_141_56" file="objects/D_141/D_141_56.stl"/>
        <mesh name="D_141_57" file="objects/D_141/D_141_57.stl"/>
        <mesh name="D_141_58" file="objects/D_141/D_141_58.stl"/>
        <mesh name="D_141_59" file="objects/D_141/D_141_59.stl"/>
        <mesh name="D_141_60" file="objects/D_141/D_141_60.stl"/>
        <mesh name="D_141_61" file="objects/D_141/D_141_61.stl"/>
        <mesh name="D_141_62" file="objects/D_141/D_141_62.stl"/>
        <mesh name="D_141_63" file="objects/D_141/D_141_63.stl"/>
        <mesh name="D_141_64" file="objects/D_141/D_141_64.stl"/>
        <mesh name="D_141_65" file="objects/D_141/D_141_65.stl"/>
        <mesh name="D_141_66" file="objects/D_141/D_141_66.stl"/>
        <mesh name="D_141_67" file="objects/D_141/D_141_67.stl"/>
        <mesh name="D_141_68" file="objects/D_141/D_141_68.stl"/>
        <mesh name="D_141_69" file="objects/D_141/D_141_69.stl"/>
        <mesh name="D_141_70" file="objects/D_141/D_141_70.stl"/>
        <mesh name="D_141_71" file="objects/D_141/D_141_71.stl"/>
        <mesh name="D_141_72" file="objects/D_141/D_141_72.stl"/>
        <mesh name="D_141_73" file="objects/D_141/D_141_73.stl"/>
        <mesh name="D_141_74" file="objects/D_141/D_141_74.stl"/>
        <mesh name="D_141_75" file="objects/D_141/D_141_75.stl"/>
        <mesh name="D_141_76" file="objects/D_141/D_141_76.stl"/>
        <mesh name="D_141_77" file="objects/D_141/D_141_77.stl"/>
        <mesh name="D_141_78" file="objects/D_141/D_141_78.stl"/>
        <mesh name="D_141_79" file="objects/D_141/D_141_79.stl"/>
        <mesh name="D_141_80" file="objects/D_141/D_141_80.stl"/>
        <mesh name="D_141_81" file="objects/D_141/D_141_81.stl"/>
        <mesh name="D_141_82" file="objects/D_141/D_141_82.stl"/>
        <mesh name="D_141_83" file="objects/D_141/D_141_83.stl"/>
        <mesh name="D_141_84" file="objects/D_141/D_141_84.stl"/>
        <mesh name="D_141_85" file="objects/D_141/D_141_85.stl"/>
        <mesh name="D_141_86" file="objects/D_141/D_141_86.stl"/>
        <mesh name="D_141_87" file="objects/D_141/D_141_87.stl"/>
        <mesh name="D_141_88" file="objects/D_141/D_141_88.stl"/>
        <mesh name="D_141_89" file="objects/D_141/D_141_89.stl"/>
        <mesh name="D_141_90" file="objects/D_141/D_141_90.stl"/>
        <mesh name="D_141_91" file="objects/D_141/D_141_91.stl"/>
        <mesh name="D_141_92" file="objects/D_141/D_141_92.stl"/>
        <mesh name="D_141_93" file="objects/D_141/D_141_93.stl"/>
        <mesh name="D_141_94" file="objects/D_141/D_141_94.stl"/>
        <mesh name="D_141_95" file="objects/D_141/D_141_95.stl"/>
        <mesh name="D_141_96" file="objects/D_141/D_141_96.stl"/>
        <mesh name="D_141_97" file="objects/D_141/D_141_97.stl"/>
        <mesh name="D_141_98" file="objects/D_141/D_141_98.stl"/>
        <mesh name="D_141_99" file="objects/D_141/D_141_99.stl"/>
        <mesh name="D_141_100" file="objects/D_141/D_141_100.stl"/>
        <mesh name="D_141_101" file="objects/D_141/D_141_101.stl"/>
        <mesh name="D_141_102" file="objects/D_141/D_141_102.stl"/>
        <mesh name="D_141_103" file="objects/D_141/D_141_103.stl"/>
        <mesh name="D_141_104" file="objects/D_141/D_141_104.stl"/>
        <mesh name="D_141_105" file="objects/D_141/D_141_105.stl"/>
        <mesh name="D_141_106" file="objects/D_141/D_141_106.stl"/>
        <mesh name="D_141_107" file="objects/D_141/D_141_107.stl"/>
        <mesh name="D_141_108" file="objects/D_141/D_141_108.stl"/>
        <mesh name="D_141_109" file="objects/D_141/D_141_109.stl"/>
        <mesh name="D_141_110" file="objects/D_141/D_141_110.stl"/>
        <mesh name="D_141_111" file="objects/D_141/D_141_111.stl"/>
        <mesh name="D_141_112" file="objects/D_141/D_141_112.stl"/>
        <mesh name="D_141_113" file="objects/D_141/D_141_113.stl"/>
        <mesh name="D_141_114" file="objects/D_141/D_141_114.stl"/>
        <mesh name="D_141_115" file="objects/D_141/D_141_115.stl"/>
        <mesh name="D_141_116" file="objects/D_141/D_141_116.stl"/>
        <mesh name="D_141_117" file="objects/D_141/D_141_117.stl"/>
        <mesh name="D_141_118" file="objects/D_141/D_141_118.stl"/>
        <mesh name="D_141_119" file="objects/D_141/D_141_119.stl"/>
        <mesh name="D_141_120" file="objects/D_141/D_141_120.stl"/>
        <mesh name="D_141_121" file="objects/D_141/D_141_121.stl"/>
        <mesh name="D_141_122" file="objects/D_141/D_141_122.stl"/>
        <mesh name="D_141_123" file="objects/D_141/D_141_123.stl"/>
        <mesh name="D_141_124" file="objects/D_141/D_141_124.stl"/>
        <mesh name="D_141_125" file="objects/D_141/D_141_125.stl"/>
        <mesh name="D_141_126" file="objects/D_141/D_141_126.stl"/>
        <mesh name="D_141_127" file="objects/D_141/D_141_127.stl"/>
        <mesh name="D_141_128" file="objects/D_141/D_141_128.stl"/>
        <mesh name="D_141_129" file="objects/D_141/D_141_129.stl"/>
        <mesh name="D_141_130" file="objects/D_141/D_141_130.stl"/>
        <mesh name="D_141_131" file="objects/D_141/D_141_131.stl"/>
        <mesh name="D_141_132" file="objects/D_141/D_141_132.stl"/>
        <mesh name="D_141_133" file="objects/D_141/D_141_133.stl"/>
        <mesh name="D_141_134" file="objects/D_141/D_141_134.stl"/>
        <mesh name="D_141_135" file="objects/D_141/D_141_135.stl"/>
        <mesh name="D_141_136" file="objects/D_141/D_141_136.stl"/>
        <mesh name="D_141_137" file="objects/D_141/D_141_137.stl"/>
        <mesh name="D_141_138" file="objects/D_141/D_141_138.stl"/>
        <mesh name="D_141_139" file="objects/D_141/D_141_139.stl"/>
        <mesh name="D_141_140" file="objects/D_141/D_141_140.stl"/>
        <mesh name="D_141_141" file="objects/D_141/D_141_141.stl"/>
        <mesh name="D_141_142" file="objects/D_141/D_141_142.stl"/>
        <mesh name="D_141_143" file="objects/D_141/D_141_143.stl"/>
        <mesh name="D_141_144" file="objects/D_141/D_141_144.stl"/>
        <mesh name="D_141_145" file="objects/D_141/D_141_145.stl"/>
        <mesh name="D_141_146" file="objects/D_141/D_141_146.stl"/>
        <mesh name="D_141_147" file="objects/D_141/D_141_147.stl"/>
        <mesh name="D_141_148" file="objects/D_141/D_141_148.stl"/>
        <mesh name="D_141_149" file="objects/D_141/D_141_149.stl"/>
        <mesh name="D_141_150" file="objects/D_141/D_141_150.stl"/>
        <mesh name="D_141_151" file="objects/D_141/D_141_151.stl"/>
        <mesh name="D_141_152" file="objects/D_141/D_141_152.stl"/>
        <mesh name="D_141_153" file="objects/D_141/D_141_153.stl"/>
        <mesh name="D_141_154" file="objects/D_141/D_141_154.stl"/>
        <mesh name="D_141_155" file="objects/D_141/D_141_155.stl"/>
        <mesh name="D_141_156" file="objects/D_141/D_141_156.stl"/>
        <mesh name="D_141_157" file="objects/D_141/D_141_157.stl"/>
        <mesh name="D_141_158" file="objects/D_141/D_141_158.stl"/>
        <mesh name="D_141_159" file="objects/D_141/D_141_159.stl"/>
        <mesh name="D_141_160" file="objects/D_141/D_141_160.stl"/>
        <mesh name="D_141_161" file="objects/D_141/D_141_161.stl"/>
        <mesh name="D_141_162" file="objects/D_141/D_141_162.stl"/>
        <mesh name="D_141_163" file="objects/D_141/D_141_163.stl"/>
        <mesh name="D_141_164" file="objects/D_141/D_141_164.stl"/>
        <mesh name="D_141_165" file="objects/D_141/D_141_165.stl"/>
        <mesh name="D_141_166" file="objects/D_141/D_141_166.stl"/>
        <mesh name="D_141_167" file="objects/D_141/D_141_167.stl"/>
        <mesh name="D_141_168" file="objects/D_141/D_141_168.stl"/>
        <mesh name="D_141_169" file="objects/D_141/D_141_169.stl"/>
        <mesh name="D_141_170" file="objects/D_141/D_141_170.stl"/>
        <mesh name="D_141_171" file="objects/D_141/D_141_171.stl"/>
        <mesh name="D_141_172" file="objects/D_141/D_141_172.stl"/>
        <mesh name="D_141_173" file="objects/D_141/D_141_173.stl"/>
        <mesh name="D_141_174" file="objects/D_141/D_141_174.stl"/>
        <mesh name="D_141_175" file="objects/D_141/D_141_175.stl"/>
        <mesh name="D_141_176" file="objects/D_141/D_141_176.stl"/>
        <mesh name="D_141_177" file="objects/D_141/D_141_177.stl"/>
        <mesh name="D_141_178" file="objects/D_141/D_141_178.stl"/>
        <mesh name="D_141_179" file="objects/D_141/D_141_179.stl"/>
        <mesh name="D_141_180" file="objects/D_141/D_141_180.stl"/>
        <mesh name="D_141_181" file="objects/D_141/D_141_181.stl"/>
        <mesh name="D_141_182" file="objects/D_141/D_141_182.stl"/>
        <mesh name="D_141_183" file="objects/D_141/D_141_183.stl"/>
        <mesh name="D_141_184" file="objects/D_141/D_141_184.stl"/>
        <mesh name="D_141_185" file="objects/D_141/D_141_185.stl"/>
        <mesh name="D_141_186" file="objects/D_141/D_141_186.stl"/>
        <mesh name="D_141_187" file="objects/D_141/D_141_187.stl"/>
        <mesh name="D_141_188" file="objects/D_141/D_141_188.stl"/>
        <mesh name="D_141_189" file="objects/D_141/D_141_189.stl"/>
        <mesh name="D_141_190" file="objects/D_141/D_141_190.stl"/>
        <mesh name="D_141_191" file="objects/D_141/D_141_191.stl"/>
        <mesh name="D_141_192" file="objects/D_141/D_141_192.stl"/>
        <mesh name="D_141_193" file="objects/D_141/D_141_193.stl"/>
        <mesh name="D_141_194" file="objects/D_141/D_141_194.stl"/>
        <mesh name="D_141_195" file="objects/D_141/D_141_195.stl"/>
        <mesh name="D_141_196" file="objects/D_141/D_141_196.stl"/>
        <mesh name="D_141_197" file="objects/D_141/D_141_197.stl"/>
        <mesh name="D_141_198" file="objects/D_141/D_141_198.stl"/>
        <mesh name="D_141_199" file="objects/D_141/D_141_199.stl"/>
        <mesh name="D_141_200" file="objects/D_141/D_141_200.stl"/>
        <mesh name="D_141_201" file="objects/D_141/D_141_201.stl"/>
        <mesh name="D_141_visual" file="objects/D_141/D_141_full.stl"/>
    </asset>
</mujoco>