<mujoco>
    <asset>
        <mesh name="D_183_1" file="objects/D_183/D_183_1.stl"/>
        <mesh name="D_183_2" file="objects/D_183/D_183_2.stl"/>
        <mesh name="D_183_3" file="objects/D_183/D_183_3.stl"/>
        <mesh name="D_183_4" file="objects/D_183/D_183_4.stl"/>
        <mesh name="D_183_5" file="objects/D_183/D_183_5.stl"/>
        <mesh name="D_183_6" file="objects/D_183/D_183_6.stl"/>
        <mesh name="D_183_7" file="objects/D_183/D_183_7.stl"/>
        <mesh name="D_183_8" file="objects/D_183/D_183_8.stl"/>
        <mesh name="D_183_9" file="objects/D_183/D_183_9.stl"/>
        <mesh name="D_183_10" file="objects/D_183/D_183_10.stl"/>
        <mesh name="D_183_11" file="objects/D_183/D_183_11.stl"/>
        <mesh name="D_183_12" file="objects/D_183/D_183_12.stl"/>
        <mesh name="D_183_13" file="objects/D_183/D_183_13.stl"/>
        <mesh name="D_183_14" file="objects/D_183/D_183_14.stl"/>
        <mesh name="D_183_15" file="objects/D_183/D_183_15.stl"/>
        <mesh name="D_183_16" file="objects/D_183/D_183_16.stl"/>
        <mesh name="D_183_17" file="objects/D_183/D_183_17.stl"/>
        <mesh name="D_183_18" file="objects/D_183/D_183_18.stl"/>
        <mesh name="D_183_19" file="objects/D_183/D_183_19.stl"/>
        <mesh name="D_183_20" file="objects/D_183/D_183_20.stl"/>
        <mesh name="D_183_21" file="objects/D_183/D_183_21.stl"/>
        <mesh name="D_183_22" file="objects/D_183/D_183_22.stl"/>
        <mesh name="D_183_23" file="objects/D_183/D_183_23.stl"/>
        <mesh name="D_183_24" file="objects/D_183/D_183_24.stl"/>
        <mesh name="D_183_25" file="objects/D_183/D_183_25.stl"/>
        <mesh name="D_183_26" file="objects/D_183/D_183_26.stl"/>
        <mesh name="D_183_27" file="objects/D_183/D_183_27.stl"/>
        <mesh name="D_183_28" file="objects/D_183/D_183_28.stl"/>
        <mesh name="D_183_29" file="objects/D_183/D_183_29.stl"/>
        <mesh name="D_183_30" file="objects/D_183/D_183_30.stl"/>
        <mesh name="D_183_31" file="objects/D_183/D_183_31.stl"/>
        <mesh name="D_183_32" file="objects/D_183/D_183_32.stl"/>
        <mesh name="D_183_33" file="objects/D_183/D_183_33.stl"/>
        <mesh name="D_183_34" file="objects/D_183/D_183_34.stl"/>
        <mesh name="D_183_35" file="objects/D_183/D_183_35.stl"/>
        <mesh name="D_183_36" file="objects/D_183/D_183_36.stl"/>
        <mesh name="D_183_37" file="objects/D_183/D_183_37.stl"/>
        <mesh name="D_183_38" file="objects/D_183/D_183_38.stl"/>
        <mesh name="D_183_39" file="objects/D_183/D_183_39.stl"/>
        <mesh name="D_183_40" file="objects/D_183/D_183_40.stl"/>
        <mesh name="D_183_41" file="objects/D_183/D_183_41.stl"/>
        <mesh name="D_183_42" file="objects/D_183/D_183_42.stl"/>
        <mesh name="D_183_43" file="objects/D_183/D_183_43.stl"/>
        <mesh name="D_183_44" file="objects/D_183/D_183_44.stl"/>
        <mesh name="D_183_45" file="objects/D_183/D_183_45.stl"/>
        <mesh name="D_183_46" file="objects/D_183/D_183_46.stl"/>
        <mesh name="D_183_47" file="objects/D_183/D_183_47.stl"/>
        <mesh name="D_183_48" file="objects/D_183/D_183_48.stl"/>
        <mesh name="D_183_49" file="objects/D_183/D_183_49.stl"/>
        <mesh name="D_183_50" file="objects/D_183/D_183_50.stl"/>
        <mesh name="D_183_51" file="objects/D_183/D_183_51.stl"/>
        <mesh name="D_183_52" file="objects/D_183/D_183_52.stl"/>
        <mesh name="D_183_53" file="objects/D_183/D_183_53.stl"/>
        <mesh name="D_183_54" file="objects/D_183/D_183_54.stl"/>
        <mesh name="D_183_55" file="objects/D_183/D_183_55.stl"/>
        <mesh name="D_183_56" file="objects/D_183/D_183_56.stl"/>
        <mesh name="D_183_57" file="objects/D_183/D_183_57.stl"/>
        <mesh name="D_183_58" file="objects/D_183/D_183_58.stl"/>
        <mesh name="D_183_59" file="objects/D_183/D_183_59.stl"/>
        <mesh name="D_183_60" file="objects/D_183/D_183_60.stl"/>
        <mesh name="D_183_61" file="objects/D_183/D_183_61.stl"/>
        <mesh name="D_183_62" file="objects/D_183/D_183_62.stl"/>
        <mesh name="D_183_63" file="objects/D_183/D_183_63.stl"/>
        <mesh name="D_183_64" file="objects/D_183/D_183_64.stl"/>
        <mesh name="D_183_65" file="objects/D_183/D_183_65.stl"/>
        <mesh name="D_183_66" file="objects/D_183/D_183_66.stl"/>
        <mesh name="D_183_67" file="objects/D_183/D_183_67.stl"/>
        <mesh name="D_183_68" file="objects/D_183/D_183_68.stl"/>
        <mesh name="D_183_69" file="objects/D_183/D_183_69.stl"/>
        <mesh name="D_183_70" file="objects/D_183/D_183_70.stl"/>
        <mesh name="D_183_71" file="objects/D_183/D_183_71.stl"/>
        <mesh name="D_183_72" file="objects/D_183/D_183_72.stl"/>
        <mesh name="D_183_73" file="objects/D_183/D_183_73.stl"/>
        <mesh name="D_183_74" file="objects/D_183/D_183_74.stl"/>
        <mesh name="D_183_75" file="objects/D_183/D_183_75.stl"/>
        <mesh name="D_183_76" file="objects/D_183/D_183_76.stl"/>
        <mesh name="D_183_77" file="objects/D_183/D_183_77.stl"/>
        <mesh name="D_183_78" file="objects/D_183/D_183_78.stl"/>
        <mesh name="D_183_79" file="objects/D_183/D_183_79.stl"/>
        <mesh name="D_183_80" file="objects/D_183/D_183_80.stl"/>
        <mesh name="D_183_81" file="objects/D_183/D_183_81.stl"/>
        <mesh name="D_183_82" file="objects/D_183/D_183_82.stl"/>
        <mesh name="D_183_83" file="objects/D_183/D_183_83.stl"/>
        <mesh name="D_183_84" file="objects/D_183/D_183_84.stl"/>
        <mesh name="D_183_85" file="objects/D_183/D_183_85.stl"/>
        <mesh name="D_183_86" file="objects/D_183/D_183_86.stl"/>
        <mesh name="D_183_87" file="objects/D_183/D_183_87.stl"/>
        <mesh name="D_183_88" file="objects/D_183/D_183_88.stl"/>
        <mesh name="D_183_89" file="objects/D_183/D_183_89.stl"/>
        <mesh name="D_183_90" file="objects/D_183/D_183_90.stl"/>
        <mesh name="D_183_91" file="objects/D_183/D_183_91.stl"/>
        <mesh name="D_183_92" file="objects/D_183/D_183_92.stl"/>
        <mesh name="D_183_93" file="objects/D_183/D_183_93.stl"/>
        <mesh name="D_183_94" file="objects/D_183/D_183_94.stl"/>
        <mesh name="D_183_95" file="objects/D_183/D_183_95.stl"/>
        <mesh name="D_183_96" file="objects/D_183/D_183_96.stl"/>
        <mesh name="D_183_97" file="objects/D_183/D_183_97.stl"/>
        <mesh name="D_183_98" file="objects/D_183/D_183_98.stl"/>
        <mesh name="D_183_99" file="objects/D_183/D_183_99.stl"/>
        <mesh name="D_183_100" file="objects/D_183/D_183_100.stl"/>
        <mesh name="D_183_101" file="objects/D_183/D_183_101.stl"/>
        <mesh name="D_183_102" file="objects/D_183/D_183_102.stl"/>
        <mesh name="D_183_103" file="objects/D_183/D_183_103.stl"/>
        <mesh name="D_183_104" file="objects/D_183/D_183_104.stl"/>
        <mesh name="D_183_105" file="objects/D_183/D_183_105.stl"/>
        <mesh name="D_183_106" file="objects/D_183/D_183_106.stl"/>
        <mesh name="D_183_107" file="objects/D_183/D_183_107.stl"/>
        <mesh name="D_183_108" file="objects/D_183/D_183_108.stl"/>
        <mesh name="D_183_109" file="objects/D_183/D_183_109.stl"/>
        <mesh name="D_183_110" file="objects/D_183/D_183_110.stl"/>
        <mesh name="D_183_111" file="objects/D_183/D_183_111.stl"/>
        <mesh name="D_183_112" file="objects/D_183/D_183_112.stl"/>
        <mesh name="D_183_113" file="objects/D_183/D_183_113.stl"/>
        <mesh name="D_183_114" file="objects/D_183/D_183_114.stl"/>
        <mesh name="D_183_115" file="objects/D_183/D_183_115.stl"/>
        <mesh name="D_183_116" file="objects/D_183/D_183_116.stl"/>
        <mesh name="D_183_117" file="objects/D_183/D_183_117.stl"/>
        <mesh name="D_183_118" file="objects/D_183/D_183_118.stl"/>
        <mesh name="D_183_119" file="objects/D_183/D_183_119.stl"/>
        <mesh name="D_183_120" file="objects/D_183/D_183_120.stl"/>
        <mesh name="D_183_121" file="objects/D_183/D_183_121.stl"/>
        <mesh name="D_183_122" file="objects/D_183/D_183_122.stl"/>
        <mesh name="D_183_123" file="objects/D_183/D_183_123.stl"/>
        <mesh name="D_183_124" file="objects/D_183/D_183_124.stl"/>
        <mesh name="D_183_125" file="objects/D_183/D_183_125.stl"/>
        <mesh name="D_183_126" file="objects/D_183/D_183_126.stl"/>
        <mesh name="D_183_127" file="objects/D_183/D_183_127.stl"/>
        <mesh name="D_183_128" file="objects/D_183/D_183_128.stl"/>
        <mesh name="D_183_129" file="objects/D_183/D_183_129.stl"/>
        <mesh name="D_183_130" file="objects/D_183/D_183_130.stl"/>
        <mesh name="D_183_131" file="objects/D_183/D_183_131.stl"/>
        <mesh name="D_183_132" file="objects/D_183/D_183_132.stl"/>
        <mesh name="D_183_133" file="objects/D_183/D_183_133.stl"/>
        <mesh name="D_183_134" file="objects/D_183/D_183_134.stl"/>
        <mesh name="D_183_135" file="objects/D_183/D_183_135.stl"/>
        <mesh name="D_183_136" file="objects/D_183/D_183_136.stl"/>
        <mesh name="D_183_137" file="objects/D_183/D_183_137.stl"/>
        <mesh name="D_183_138" file="objects/D_183/D_183_138.stl"/>
        <mesh name="D_183_139" file="objects/D_183/D_183_139.stl"/>
        <mesh name="D_183_140" file="objects/D_183/D_183_140.stl"/>
        <mesh name="D_183_141" file="objects/D_183/D_183_141.stl"/>
        <mesh name="D_183_142" file="objects/D_183/D_183_142.stl"/>
        <mesh name="D_183_143" file="objects/D_183/D_183_143.stl"/>
        <mesh name="D_183_144" file="objects/D_183/D_183_144.stl"/>
        <mesh name="D_183_145" file="objects/D_183/D_183_145.stl"/>
        <mesh name="D_183_146" file="objects/D_183/D_183_146.stl"/>
        <mesh name="D_183_147" file="objects/D_183/D_183_147.stl"/>
        <mesh name="D_183_visual" file="objects/D_183/D_183_full.stl"/>
    </asset>
</mujoco>