<mujoco>
    <asset>
        <mesh name="D_179_1" file="objects/D_179/D_179_1.stl"/>
        <mesh name="D_179_2" file="objects/D_179/D_179_2.stl"/>
        <mesh name="D_179_3" file="objects/D_179/D_179_3.stl"/>
        <mesh name="D_179_4" file="objects/D_179/D_179_4.stl"/>
        <mesh name="D_179_5" file="objects/D_179/D_179_5.stl"/>
        <mesh name="D_179_6" file="objects/D_179/D_179_6.stl"/>
        <mesh name="D_179_7" file="objects/D_179/D_179_7.stl"/>
        <mesh name="D_179_8" file="objects/D_179/D_179_8.stl"/>
        <mesh name="D_179_9" file="objects/D_179/D_179_9.stl"/>
        <mesh name="D_179_10" file="objects/D_179/D_179_10.stl"/>
        <mesh name="D_179_11" file="objects/D_179/D_179_11.stl"/>
        <mesh name="D_179_12" file="objects/D_179/D_179_12.stl"/>
        <mesh name="D_179_13" file="objects/D_179/D_179_13.stl"/>
        <mesh name="D_179_14" file="objects/D_179/D_179_14.stl"/>
        <mesh name="D_179_15" file="objects/D_179/D_179_15.stl"/>
        <mesh name="D_179_16" file="objects/D_179/D_179_16.stl"/>
        <mesh name="D_179_17" file="objects/D_179/D_179_17.stl"/>
        <mesh name="D_179_18" file="objects/D_179/D_179_18.stl"/>
        <mesh name="D_179_19" file="objects/D_179/D_179_19.stl"/>
        <mesh name="D_179_20" file="objects/D_179/D_179_20.stl"/>
        <mesh name="D_179_21" file="objects/D_179/D_179_21.stl"/>
        <mesh name="D_179_22" file="objects/D_179/D_179_22.stl"/>
        <mesh name="D_179_23" file="objects/D_179/D_179_23.stl"/>
        <mesh name="D_179_24" file="objects/D_179/D_179_24.stl"/>
        <mesh name="D_179_25" file="objects/D_179/D_179_25.stl"/>
        <mesh name="D_179_26" file="objects/D_179/D_179_26.stl"/>
        <mesh name="D_179_27" file="objects/D_179/D_179_27.stl"/>
        <mesh name="D_179_28" file="objects/D_179/D_179_28.stl"/>
        <mesh name="D_179_29" file="objects/D_179/D_179_29.stl"/>
        <mesh name="D_179_30" file="objects/D_179/D_179_30.stl"/>
        <mesh name="D_179_31" file="objects/D_179/D_179_31.stl"/>
        <mesh name="D_179_32" file="objects/D_179/D_179_32.stl"/>
        <mesh name="D_179_33" file="objects/D_179/D_179_33.stl"/>
        <mesh name="D_179_34" file="objects/D_179/D_179_34.stl"/>
        <mesh name="D_179_35" file="objects/D_179/D_179_35.stl"/>
        <mesh name="D_179_36" file="objects/D_179/D_179_36.stl"/>
        <mesh name="D_179_37" file="objects/D_179/D_179_37.stl"/>
        <mesh name="D_179_38" file="objects/D_179/D_179_38.stl"/>
        <mesh name="D_179_39" file="objects/D_179/D_179_39.stl"/>
        <mesh name="D_179_40" file="objects/D_179/D_179_40.stl"/>
        <mesh name="D_179_41" file="objects/D_179/D_179_41.stl"/>
        <mesh name="D_179_42" file="objects/D_179/D_179_42.stl"/>
        <mesh name="D_179_43" file="objects/D_179/D_179_43.stl"/>
        <mesh name="D_179_44" file="objects/D_179/D_179_44.stl"/>
        <mesh name="D_179_45" file="objects/D_179/D_179_45.stl"/>
        <mesh name="D_179_46" file="objects/D_179/D_179_46.stl"/>
        <mesh name="D_179_47" file="objects/D_179/D_179_47.stl"/>
        <mesh name="D_179_48" file="objects/D_179/D_179_48.stl"/>
        <mesh name="D_179_49" file="objects/D_179/D_179_49.stl"/>
        <mesh name="D_179_50" file="objects/D_179/D_179_50.stl"/>
        <mesh name="D_179_51" file="objects/D_179/D_179_51.stl"/>
        <mesh name="D_179_52" file="objects/D_179/D_179_52.stl"/>
        <mesh name="D_179_53" file="objects/D_179/D_179_53.stl"/>
        <mesh name="D_179_54" file="objects/D_179/D_179_54.stl"/>
        <mesh name="D_179_55" file="objects/D_179/D_179_55.stl"/>
        <mesh name="D_179_56" file="objects/D_179/D_179_56.stl"/>
        <mesh name="D_179_57" file="objects/D_179/D_179_57.stl"/>
        <mesh name="D_179_58" file="objects/D_179/D_179_58.stl"/>
        <mesh name="D_179_59" file="objects/D_179/D_179_59.stl"/>
        <mesh name="D_179_60" file="objects/D_179/D_179_60.stl"/>
        <mesh name="D_179_61" file="objects/D_179/D_179_61.stl"/>
        <mesh name="D_179_62" file="objects/D_179/D_179_62.stl"/>
        <mesh name="D_179_63" file="objects/D_179/D_179_63.stl"/>
        <mesh name="D_179_64" file="objects/D_179/D_179_64.stl"/>
        <mesh name="D_179_65" file="objects/D_179/D_179_65.stl"/>
        <mesh name="D_179_66" file="objects/D_179/D_179_66.stl"/>
        <mesh name="D_179_67" file="objects/D_179/D_179_67.stl"/>
        <mesh name="D_179_68" file="objects/D_179/D_179_68.stl"/>
        <mesh name="D_179_69" file="objects/D_179/D_179_69.stl"/>
        <mesh name="D_179_70" file="objects/D_179/D_179_70.stl"/>
        <mesh name="D_179_71" file="objects/D_179/D_179_71.stl"/>
        <mesh name="D_179_72" file="objects/D_179/D_179_72.stl"/>
        <mesh name="D_179_73" file="objects/D_179/D_179_73.stl"/>
        <mesh name="D_179_74" file="objects/D_179/D_179_74.stl"/>
        <mesh name="D_179_75" file="objects/D_179/D_179_75.stl"/>
        <mesh name="D_179_76" file="objects/D_179/D_179_76.stl"/>
        <mesh name="D_179_77" file="objects/D_179/D_179_77.stl"/>
        <mesh name="D_179_78" file="objects/D_179/D_179_78.stl"/>
        <mesh name="D_179_79" file="objects/D_179/D_179_79.stl"/>
        <mesh name="D_179_80" file="objects/D_179/D_179_80.stl"/>
        <mesh name="D_179_81" file="objects/D_179/D_179_81.stl"/>
        <mesh name="D_179_82" file="objects/D_179/D_179_82.stl"/>
        <mesh name="D_179_83" file="objects/D_179/D_179_83.stl"/>
        <mesh name="D_179_84" file="objects/D_179/D_179_84.stl"/>
        <mesh name="D_179_85" file="objects/D_179/D_179_85.stl"/>
        <mesh name="D_179_86" file="objects/D_179/D_179_86.stl"/>
        <mesh name="D_179_87" file="objects/D_179/D_179_87.stl"/>
        <mesh name="D_179_88" file="objects/D_179/D_179_88.stl"/>
        <mesh name="D_179_89" file="objects/D_179/D_179_89.stl"/>
        <mesh name="D_179_90" file="objects/D_179/D_179_90.stl"/>
        <mesh name="D_179_91" file="objects/D_179/D_179_91.stl"/>
        <mesh name="D_179_92" file="objects/D_179/D_179_92.stl"/>
        <mesh name="D_179_93" file="objects/D_179/D_179_93.stl"/>
        <mesh name="D_179_94" file="objects/D_179/D_179_94.stl"/>
        <mesh name="D_179_visual" file="objects/D_179/D_179_full.stl"/>
    </asset>
</mujoco>