<mujoco>
    <asset>
        <mesh name="D_227_1" file="objects/D_227/D_227_1.stl"/>
        <mesh name="D_227_2" file="objects/D_227/D_227_2.stl"/>
        <mesh name="D_227_3" file="objects/D_227/D_227_3.stl"/>
        <mesh name="D_227_4" file="objects/D_227/D_227_4.stl"/>
        <mesh name="D_227_5" file="objects/D_227/D_227_5.stl"/>
        <mesh name="D_227_6" file="objects/D_227/D_227_6.stl"/>
        <mesh name="D_227_7" file="objects/D_227/D_227_7.stl"/>
        <mesh name="D_227_8" file="objects/D_227/D_227_8.stl"/>
        <mesh name="D_227_9" file="objects/D_227/D_227_9.stl"/>
        <mesh name="D_227_10" file="objects/D_227/D_227_10.stl"/>
        <mesh name="D_227_11" file="objects/D_227/D_227_11.stl"/>
        <mesh name="D_227_12" file="objects/D_227/D_227_12.stl"/>
        <mesh name="D_227_13" file="objects/D_227/D_227_13.stl"/>
        <mesh name="D_227_14" file="objects/D_227/D_227_14.stl"/>
        <mesh name="D_227_15" file="objects/D_227/D_227_15.stl"/>
        <mesh name="D_227_16" file="objects/D_227/D_227_16.stl"/>
        <mesh name="D_227_17" file="objects/D_227/D_227_17.stl"/>
        <mesh name="D_227_18" file="objects/D_227/D_227_18.stl"/>
        <mesh name="D_227_19" file="objects/D_227/D_227_19.stl"/>
        <mesh name="D_227_20" file="objects/D_227/D_227_20.stl"/>
        <mesh name="D_227_21" file="objects/D_227/D_227_21.stl"/>
        <mesh name="D_227_22" file="objects/D_227/D_227_22.stl"/>
        <mesh name="D_227_23" file="objects/D_227/D_227_23.stl"/>
        <mesh name="D_227_24" file="objects/D_227/D_227_24.stl"/>
        <mesh name="D_227_25" file="objects/D_227/D_227_25.stl"/>
        <mesh name="D_227_26" file="objects/D_227/D_227_26.stl"/>
        <mesh name="D_227_27" file="objects/D_227/D_227_27.stl"/>
        <mesh name="D_227_28" file="objects/D_227/D_227_28.stl"/>
        <mesh name="D_227_29" file="objects/D_227/D_227_29.stl"/>
        <mesh name="D_227_30" file="objects/D_227/D_227_30.stl"/>
        <mesh name="D_227_31" file="objects/D_227/D_227_31.stl"/>
        <mesh name="D_227_32" file="objects/D_227/D_227_32.stl"/>
        <mesh name="D_227_visual" file="objects/D_227/D_227_full.stl"/>
    </asset>
</mujoco>