<mujoco>
    <asset>
        <mesh name="D_241_1" file="objects/D_241/D_241_1.stl"/>
        <mesh name="D_241_2" file="objects/D_241/D_241_2.stl"/>
        <mesh name="D_241_3" file="objects/D_241/D_241_3.stl"/>
        <mesh name="D_241_4" file="objects/D_241/D_241_4.stl"/>
        <mesh name="D_241_5" file="objects/D_241/D_241_5.stl"/>
        <mesh name="D_241_6" file="objects/D_241/D_241_6.stl"/>
        <mesh name="D_241_7" file="objects/D_241/D_241_7.stl"/>
        <mesh name="D_241_8" file="objects/D_241/D_241_8.stl"/>
        <mesh name="D_241_9" file="objects/D_241/D_241_9.stl"/>
        <mesh name="D_241_visual" file="objects/D_241/D_241_full.stl"/>
    </asset>
</mujoco>