<mujoco>
    <asset>
        <mesh name="D_52_1" file="objects/D_52/D_52_1.stl"/>
        <mesh name="D_52_2" file="objects/D_52/D_52_2.stl"/>
        <mesh name="D_52_3" file="objects/D_52/D_52_3.stl"/>
        <mesh name="D_52_4" file="objects/D_52/D_52_4.stl"/>
        <mesh name="D_52_5" file="objects/D_52/D_52_5.stl"/>
        <mesh name="D_52_6" file="objects/D_52/D_52_6.stl"/>
        <mesh name="D_52_7" file="objects/D_52/D_52_7.stl"/>
        <mesh name="D_52_8" file="objects/D_52/D_52_8.stl"/>
        <mesh name="D_52_9" file="objects/D_52/D_52_9.stl"/>
        <mesh name="D_52_10" file="objects/D_52/D_52_10.stl"/>
        <mesh name="D_52_11" file="objects/D_52/D_52_11.stl"/>
        <mesh name="D_52_12" file="objects/D_52/D_52_12.stl"/>
        <mesh name="D_52_13" file="objects/D_52/D_52_13.stl"/>
        <mesh name="D_52_14" file="objects/D_52/D_52_14.stl"/>
        <mesh name="D_52_15" file="objects/D_52/D_52_15.stl"/>
        <mesh name="D_52_16" file="objects/D_52/D_52_16.stl"/>
        <mesh name="D_52_17" file="objects/D_52/D_52_17.stl"/>
        <mesh name="D_52_18" file="objects/D_52/D_52_18.stl"/>
        <mesh name="D_52_19" file="objects/D_52/D_52_19.stl"/>
        <mesh name="D_52_20" file="objects/D_52/D_52_20.stl"/>
        <mesh name="D_52_21" file="objects/D_52/D_52_21.stl"/>
        <mesh name="D_52_22" file="objects/D_52/D_52_22.stl"/>
        <mesh name="D_52_23" file="objects/D_52/D_52_23.stl"/>
        <mesh name="D_52_24" file="objects/D_52/D_52_24.stl"/>
        <mesh name="D_52_25" file="objects/D_52/D_52_25.stl"/>
        <mesh name="D_52_26" file="objects/D_52/D_52_26.stl"/>
        <mesh name="D_52_27" file="objects/D_52/D_52_27.stl"/>
        <mesh name="D_52_28" file="objects/D_52/D_52_28.stl"/>
        <mesh name="D_52_29" file="objects/D_52/D_52_29.stl"/>
        <mesh name="D_52_30" file="objects/D_52/D_52_30.stl"/>
        <mesh name="D_52_31" file="objects/D_52/D_52_31.stl"/>
        <mesh name="D_52_32" file="objects/D_52/D_52_32.stl"/>
        <mesh name="D_52_33" file="objects/D_52/D_52_33.stl"/>
        <mesh name="D_52_34" file="objects/D_52/D_52_34.stl"/>
        <mesh name="D_52_35" file="objects/D_52/D_52_35.stl"/>
        <mesh name="D_52_36" file="objects/D_52/D_52_36.stl"/>
        <mesh name="D_52_37" file="objects/D_52/D_52_37.stl"/>
        <mesh name="D_52_38" file="objects/D_52/D_52_38.stl"/>
        <mesh name="D_52_39" file="objects/D_52/D_52_39.stl"/>
        <mesh name="D_52_40" file="objects/D_52/D_52_40.stl"/>
        <mesh name="D_52_41" file="objects/D_52/D_52_41.stl"/>
        <mesh name="D_52_42" file="objects/D_52/D_52_42.stl"/>
        <mesh name="D_52_43" file="objects/D_52/D_52_43.stl"/>
        <mesh name="D_52_44" file="objects/D_52/D_52_44.stl"/>
        <mesh name="D_52_45" file="objects/D_52/D_52_45.stl"/>
        <mesh name="D_52_46" file="objects/D_52/D_52_46.stl"/>
        <mesh name="D_52_47" file="objects/D_52/D_52_47.stl"/>
        <mesh name="D_52_48" file="objects/D_52/D_52_48.stl"/>
        <mesh name="D_52_49" file="objects/D_52/D_52_49.stl"/>
        <mesh name="D_52_50" file="objects/D_52/D_52_50.stl"/>
        <mesh name="D_52_51" file="objects/D_52/D_52_51.stl"/>
        <mesh name="D_52_52" file="objects/D_52/D_52_52.stl"/>
        <mesh name="D_52_53" file="objects/D_52/D_52_53.stl"/>
        <mesh name="D_52_54" file="objects/D_52/D_52_54.stl"/>
        <mesh name="D_52_55" file="objects/D_52/D_52_55.stl"/>
        <mesh name="D_52_56" file="objects/D_52/D_52_56.stl"/>
        <mesh name="D_52_57" file="objects/D_52/D_52_57.stl"/>
        <mesh name="D_52_58" file="objects/D_52/D_52_58.stl"/>
        <mesh name="D_52_59" file="objects/D_52/D_52_59.stl"/>
        <mesh name="D_52_60" file="objects/D_52/D_52_60.stl"/>
        <mesh name="D_52_61" file="objects/D_52/D_52_61.stl"/>
        <mesh name="D_52_62" file="objects/D_52/D_52_62.stl"/>
        <mesh name="D_52_63" file="objects/D_52/D_52_63.stl"/>
        <mesh name="D_52_64" file="objects/D_52/D_52_64.stl"/>
        <mesh name="D_52_visual" file="objects/D_52/D_52_full.stl"/>
    </asset>
</mujoco>