<mujoco>
    <asset>
        <mesh name="D_184_1" file="objects/D_184/D_184_1.stl"/>
        <mesh name="D_184_2" file="objects/D_184/D_184_2.stl"/>
        <mesh name="D_184_3" file="objects/D_184/D_184_3.stl"/>
        <mesh name="D_184_4" file="objects/D_184/D_184_4.stl"/>
        <mesh name="D_184_5" file="objects/D_184/D_184_5.stl"/>
        <mesh name="D_184_6" file="objects/D_184/D_184_6.stl"/>
        <mesh name="D_184_7" file="objects/D_184/D_184_7.stl"/>
        <mesh name="D_184_8" file="objects/D_184/D_184_8.stl"/>
        <mesh name="D_184_9" file="objects/D_184/D_184_9.stl"/>
        <mesh name="D_184_10" file="objects/D_184/D_184_10.stl"/>
        <mesh name="D_184_11" file="objects/D_184/D_184_11.stl"/>
        <mesh name="D_184_12" file="objects/D_184/D_184_12.stl"/>
        <mesh name="D_184_13" file="objects/D_184/D_184_13.stl"/>
        <mesh name="D_184_14" file="objects/D_184/D_184_14.stl"/>
        <mesh name="D_184_15" file="objects/D_184/D_184_15.stl"/>
        <mesh name="D_184_16" file="objects/D_184/D_184_16.stl"/>
        <mesh name="D_184_visual" file="objects/D_184/D_184_full.stl"/>
    </asset>
</mujoco>