<mujoco>
    <worldbody>
        <body name="object" pos="0 0 0" euler="">
            <geom type="mesh" group="1" mesh="D_184_1" condim="6" mass="0.000001" friction="" solimp="0.99 0.999 0.001" margin="0.0005" solref="0.008 1.0"/>
            <geom type="mesh" group="1" mesh="D_184_2" condim="6" mass="0.000001" friction="" solimp="0.99 0.999 0.001" margin="0.0005" solref="0.008 1.0"/>
            <geom type="mesh" group="1" mesh="D_184_3" condim="6" mass="0.000001" friction="" solimp="0.99 0.999 0.001" margin="0.0005" solref="0.008 1.0"/>
            <geom type="mesh" group="1" mesh="D_184_4" condim="6" mass="0.000001" friction="" solimp="0.99 0.999 0.001" margin="0.0005" solref="0.008 1.0"/>
            <geom type="mesh" group="1" mesh="D_184_5" condim="6" mass="0.000001" friction="" solimp="0.99 0.999 0.001" margin="0.0005" solref="0.008 1.0"/>
            <geom type="mesh" group="1" mesh="D_184_6" condim="6" mass="0.000001" friction="" solimp="0.99 0.999 0.001" margin="0.0005" solref="0.008 1.0"/>
            <geom type="mesh" group="1" mesh="D_184_7" condim="6" mass="0.000001" friction="" solimp="0.99 0.999 0.001" margin="0.0005" solref="0.008 1.0"/>
            <geom type="mesh" group="1" mesh="D_184_8" condim="6" mass="0.000001" friction="" solimp="0.99 0.999 0.001" margin="0.0005" solref="0.008 1.0"/>
            <geom type="mesh" group="1" mesh="D_184_9" condim="6" mass="0.000001" friction="" solimp="0.99 0.999 0.001" margin="0.0005" solref="0.008 1.0"/>
            <geom type="mesh" group="1" mesh="D_184_10" condim="6" mass="0.000001" friction="" solimp="0.99 0.999 0.001" margin="0.0005" solref="0.008 1.0"/>
            <geom type="mesh" group="1" mesh="D_184_11" condim="6" mass="0.000001" friction="" solimp="0.99 0.999 0.001" margin="0.0005" solref="0.008 1.0"/>
            <geom type="mesh" group="1" mesh="D_184_12" condim="6" mass="0.000001" friction="" solimp="0.99 0.999 0.001" margin="0.0005" solref="0.008 1.0"/>
            <geom type="mesh" group="1" mesh="D_184_13" condim="6" mass="0.000001" friction="" solimp="0.99 0.999 0.001" margin="0.0005" solref="0.008 1.0"/>
            <geom type="mesh" group="1" mesh="D_184_14" condim="6" mass="0.000001" friction="" solimp="0.99 0.999 0.001" margin="0.0005" solref="0.008 1.0"/>
            <geom type="mesh" group="1" mesh="D_184_15" condim="6" mass="0.000001" friction="" solimp="0.99 0.999 0.001" margin="0.0005" solref="0.008 1.0"/>
            <geom type="mesh" group="1" mesh="D_184_16" condim="6" mass="0.000001" friction="" solimp="0.99 0.999 0.001" margin="0.0005" solref="0.008 1.0"/>
            <geom type="mesh" group ="2" mass="" contype="0" rgba="" conaffinity="0" mesh="D_184_visual"/>
            <joint class="free"/>
        </body>
    </worldbody>
</mujoco>