<mujoco>
    <asset>
        <mesh name="D_168_1" file="objects/D_168/D_168_1.stl"/>
        <mesh name="D_168_2" file="objects/D_168/D_168_2.stl"/>
        <mesh name="D_168_3" file="objects/D_168/D_168_3.stl"/>
        <mesh name="D_168_4" file="objects/D_168/D_168_4.stl"/>
        <mesh name="D_168_5" file="objects/D_168/D_168_5.stl"/>
        <mesh name="D_168_6" file="objects/D_168/D_168_6.stl"/>
        <mesh name="D_168_7" file="objects/D_168/D_168_7.stl"/>
        <mesh name="D_168_8" file="objects/D_168/D_168_8.stl"/>
        <mesh name="D_168_9" file="objects/D_168/D_168_9.stl"/>
        <mesh name="D_168_10" file="objects/D_168/D_168_10.stl"/>
        <mesh name="D_168_11" file="objects/D_168/D_168_11.stl"/>
        <mesh name="D_168_12" file="objects/D_168/D_168_12.stl"/>
        <mesh name="D_168_13" file="objects/D_168/D_168_13.stl"/>
        <mesh name="D_168_14" file="objects/D_168/D_168_14.stl"/>
        <mesh name="D_168_15" file="objects/D_168/D_168_15.stl"/>
        <mesh name="D_168_16" file="objects/D_168/D_168_16.stl"/>
        <mesh name="D_168_17" file="objects/D_168/D_168_17.stl"/>
        <mesh name="D_168_18" file="objects/D_168/D_168_18.stl"/>
        <mesh name="D_168_19" file="objects/D_168/D_168_19.stl"/>
        <mesh name="D_168_20" file="objects/D_168/D_168_20.stl"/>
        <mesh name="D_168_21" file="objects/D_168/D_168_21.stl"/>
        <mesh name="D_168_22" file="objects/D_168/D_168_22.stl"/>
        <mesh name="D_168_23" file="objects/D_168/D_168_23.stl"/>
        <mesh name="D_168_24" file="objects/D_168/D_168_24.stl"/>
        <mesh name="D_168_25" file="objects/D_168/D_168_25.stl"/>
        <mesh name="D_168_26" file="objects/D_168/D_168_26.stl"/>
        <mesh name="D_168_27" file="objects/D_168/D_168_27.stl"/>
        <mesh name="D_168_28" file="objects/D_168/D_168_28.stl"/>
        <mesh name="D_168_29" file="objects/D_168/D_168_29.stl"/>
        <mesh name="D_168_30" file="objects/D_168/D_168_30.stl"/>
        <mesh name="D_168_31" file="objects/D_168/D_168_31.stl"/>
        <mesh name="D_168_32" file="objects/D_168/D_168_32.stl"/>
        <mesh name="D_168_33" file="objects/D_168/D_168_33.stl"/>
        <mesh name="D_168_34" file="objects/D_168/D_168_34.stl"/>
        <mesh name="D_168_35" file="objects/D_168/D_168_35.stl"/>
        <mesh name="D_168_36" file="objects/D_168/D_168_36.stl"/>
        <mesh name="D_168_37" file="objects/D_168/D_168_37.stl"/>
        <mesh name="D_168_38" file="objects/D_168/D_168_38.stl"/>
        <mesh name="D_168_39" file="objects/D_168/D_168_39.stl"/>
        <mesh name="D_168_40" file="objects/D_168/D_168_40.stl"/>
        <mesh name="D_168_visual" file="objects/D_168/D_168_full.stl"/>
    </asset>
</mujoco>