<mujoco>
    <asset>
        <mesh name="D_117_1" file="objects/D_117/D_117_1.stl"/>
        <mesh name="D_117_2" file="objects/D_117/D_117_2.stl"/>
        <mesh name="D_117_3" file="objects/D_117/D_117_3.stl"/>
        <mesh name="D_117_4" file="objects/D_117/D_117_4.stl"/>
        <mesh name="D_117_5" file="objects/D_117/D_117_5.stl"/>
        <mesh name="D_117_6" file="objects/D_117/D_117_6.stl"/>
        <mesh name="D_117_7" file="objects/D_117/D_117_7.stl"/>
        <mesh name="D_117_8" file="objects/D_117/D_117_8.stl"/>
        <mesh name="D_117_9" file="objects/D_117/D_117_9.stl"/>
        <mesh name="D_117_10" file="objects/D_117/D_117_10.stl"/>
        <mesh name="D_117_11" file="objects/D_117/D_117_11.stl"/>
        <mesh name="D_117_12" file="objects/D_117/D_117_12.stl"/>
        <mesh name="D_117_13" file="objects/D_117/D_117_13.stl"/>
        <mesh name="D_117_14" file="objects/D_117/D_117_14.stl"/>
        <mesh name="D_117_15" file="objects/D_117/D_117_15.stl"/>
        <mesh name="D_117_16" file="objects/D_117/D_117_16.stl"/>
        <mesh name="D_117_17" file="objects/D_117/D_117_17.stl"/>
        <mesh name="D_117_18" file="objects/D_117/D_117_18.stl"/>
        <mesh name="D_117_19" file="objects/D_117/D_117_19.stl"/>
        <mesh name="D_117_20" file="objects/D_117/D_117_20.stl"/>
        <mesh name="D_117_21" file="objects/D_117/D_117_21.stl"/>
        <mesh name="D_117_22" file="objects/D_117/D_117_22.stl"/>
        <mesh name="D_117_23" file="objects/D_117/D_117_23.stl"/>
        <mesh name="D_117_24" file="objects/D_117/D_117_24.stl"/>
        <mesh name="D_117_25" file="objects/D_117/D_117_25.stl"/>
        <mesh name="D_117_26" file="objects/D_117/D_117_26.stl"/>
        <mesh name="D_117_27" file="objects/D_117/D_117_27.stl"/>
        <mesh name="D_117_28" file="objects/D_117/D_117_28.stl"/>
        <mesh name="D_117_29" file="objects/D_117/D_117_29.stl"/>
        <mesh name="D_117_30" file="objects/D_117/D_117_30.stl"/>
        <mesh name="D_117_31" file="objects/D_117/D_117_31.stl"/>
        <mesh name="D_117_32" file="objects/D_117/D_117_32.stl"/>
        <mesh name="D_117_33" file="objects/D_117/D_117_33.stl"/>
        <mesh name="D_117_34" file="objects/D_117/D_117_34.stl"/>
        <mesh name="D_117_35" file="objects/D_117/D_117_35.stl"/>
        <mesh name="D_117_36" file="objects/D_117/D_117_36.stl"/>
        <mesh name="D_117_37" file="objects/D_117/D_117_37.stl"/>
        <mesh name="D_117_38" file="objects/D_117/D_117_38.stl"/>
        <mesh name="D_117_39" file="objects/D_117/D_117_39.stl"/>
        <mesh name="D_117_40" file="objects/D_117/D_117_40.stl"/>
        <mesh name="D_117_41" file="objects/D_117/D_117_41.stl"/>
        <mesh name="D_117_42" file="objects/D_117/D_117_42.stl"/>
        <mesh name="D_117_43" file="objects/D_117/D_117_43.stl"/>
        <mesh name="D_117_44" file="objects/D_117/D_117_44.stl"/>
        <mesh name="D_117_45" file="objects/D_117/D_117_45.stl"/>
        <mesh name="D_117_46" file="objects/D_117/D_117_46.stl"/>
        <mesh name="D_117_47" file="objects/D_117/D_117_47.stl"/>
        <mesh name="D_117_48" file="objects/D_117/D_117_48.stl"/>
        <mesh name="D_117_49" file="objects/D_117/D_117_49.stl"/>
        <mesh name="D_117_50" file="objects/D_117/D_117_50.stl"/>
        <mesh name="D_117_51" file="objects/D_117/D_117_51.stl"/>
        <mesh name="D_117_52" file="objects/D_117/D_117_52.stl"/>
        <mesh name="D_117_53" file="objects/D_117/D_117_53.stl"/>
        <mesh name="D_117_54" file="objects/D_117/D_117_54.stl"/>
        <mesh name="D_117_55" file="objects/D_117/D_117_55.stl"/>
        <mesh name="D_117_56" file="objects/D_117/D_117_56.stl"/>
        <mesh name="D_117_57" file="objects/D_117/D_117_57.stl"/>
        <mesh name="D_117_58" file="objects/D_117/D_117_58.stl"/>
        <mesh name="D_117_59" file="objects/D_117/D_117_59.stl"/>
        <mesh name="D_117_60" file="objects/D_117/D_117_60.stl"/>
        <mesh name="D_117_61" file="objects/D_117/D_117_61.stl"/>
        <mesh name="D_117_62" file="objects/D_117/D_117_62.stl"/>
        <mesh name="D_117_63" file="objects/D_117/D_117_63.stl"/>
        <mesh name="D_117_64" file="objects/D_117/D_117_64.stl"/>
        <mesh name="D_117_65" file="objects/D_117/D_117_65.stl"/>
        <mesh name="D_117_66" file="objects/D_117/D_117_66.stl"/>
        <mesh name="D_117_67" file="objects/D_117/D_117_67.stl"/>
        <mesh name="D_117_68" file="objects/D_117/D_117_68.stl"/>
        <mesh name="D_117_69" file="objects/D_117/D_117_69.stl"/>
        <mesh name="D_117_70" file="objects/D_117/D_117_70.stl"/>
        <mesh name="D_117_71" file="objects/D_117/D_117_71.stl"/>
        <mesh name="D_117_72" file="objects/D_117/D_117_72.stl"/>
        <mesh name="D_117_73" file="objects/D_117/D_117_73.stl"/>
        <mesh name="D_117_74" file="objects/D_117/D_117_74.stl"/>
        <mesh name="D_117_75" file="objects/D_117/D_117_75.stl"/>
        <mesh name="D_117_76" file="objects/D_117/D_117_76.stl"/>
        <mesh name="D_117_77" file="objects/D_117/D_117_77.stl"/>
        <mesh name="D_117_78" file="objects/D_117/D_117_78.stl"/>
        <mesh name="D_117_79" file="objects/D_117/D_117_79.stl"/>
        <mesh name="D_117_80" file="objects/D_117/D_117_80.stl"/>
        <mesh name="D_117_81" file="objects/D_117/D_117_81.stl"/>
        <mesh name="D_117_82" file="objects/D_117/D_117_82.stl"/>
        <mesh name="D_117_83" file="objects/D_117/D_117_83.stl"/>
        <mesh name="D_117_84" file="objects/D_117/D_117_84.stl"/>
        <mesh name="D_117_85" file="objects/D_117/D_117_85.stl"/>
        <mesh name="D_117_86" file="objects/D_117/D_117_86.stl"/>
        <mesh name="D_117_87" file="objects/D_117/D_117_87.stl"/>
        <mesh name="D_117_88" file="objects/D_117/D_117_88.stl"/>
        <mesh name="D_117_visual" file="objects/D_117/D_117_full.stl"/>
    </asset>
</mujoco>