<mujoco>
    <asset>
        <mesh name="D_124_1" file="objects/D_124/D_124_1.stl"/>
        <mesh name="D_124_2" file="objects/D_124/D_124_2.stl"/>
        <mesh name="D_124_3" file="objects/D_124/D_124_3.stl"/>
        <mesh name="D_124_4" file="objects/D_124/D_124_4.stl"/>
        <mesh name="D_124_5" file="objects/D_124/D_124_5.stl"/>
        <mesh name="D_124_6" file="objects/D_124/D_124_6.stl"/>
        <mesh name="D_124_7" file="objects/D_124/D_124_7.stl"/>
        <mesh name="D_124_8" file="objects/D_124/D_124_8.stl"/>
        <mesh name="D_124_9" file="objects/D_124/D_124_9.stl"/>
        <mesh name="D_124_10" file="objects/D_124/D_124_10.stl"/>
        <mesh name="D_124_11" file="objects/D_124/D_124_11.stl"/>
        <mesh name="D_124_12" file="objects/D_124/D_124_12.stl"/>
        <mesh name="D_124_13" file="objects/D_124/D_124_13.stl"/>
        <mesh name="D_124_14" file="objects/D_124/D_124_14.stl"/>
        <mesh name="D_124_15" file="objects/D_124/D_124_15.stl"/>
        <mesh name="D_124_16" file="objects/D_124/D_124_16.stl"/>
        <mesh name="D_124_17" file="objects/D_124/D_124_17.stl"/>
        <mesh name="D_124_18" file="objects/D_124/D_124_18.stl"/>
        <mesh name="D_124_19" file="objects/D_124/D_124_19.stl"/>
        <mesh name="D_124_20" file="objects/D_124/D_124_20.stl"/>
        <mesh name="D_124_21" file="objects/D_124/D_124_21.stl"/>
        <mesh name="D_124_22" file="objects/D_124/D_124_22.stl"/>
        <mesh name="D_124_23" file="objects/D_124/D_124_23.stl"/>
        <mesh name="D_124_24" file="objects/D_124/D_124_24.stl"/>
        <mesh name="D_124_25" file="objects/D_124/D_124_25.stl"/>
        <mesh name="D_124_26" file="objects/D_124/D_124_26.stl"/>
        <mesh name="D_124_27" file="objects/D_124/D_124_27.stl"/>
        <mesh name="D_124_28" file="objects/D_124/D_124_28.stl"/>
        <mesh name="D_124_29" file="objects/D_124/D_124_29.stl"/>
        <mesh name="D_124_30" file="objects/D_124/D_124_30.stl"/>
        <mesh name="D_124_31" file="objects/D_124/D_124_31.stl"/>
        <mesh name="D_124_32" file="objects/D_124/D_124_32.stl"/>
        <mesh name="D_124_33" file="objects/D_124/D_124_33.stl"/>
        <mesh name="D_124_34" file="objects/D_124/D_124_34.stl"/>
        <mesh name="D_124_35" file="objects/D_124/D_124_35.stl"/>
        <mesh name="D_124_36" file="objects/D_124/D_124_36.stl"/>
        <mesh name="D_124_37" file="objects/D_124/D_124_37.stl"/>
        <mesh name="D_124_38" file="objects/D_124/D_124_38.stl"/>
        <mesh name="D_124_39" file="objects/D_124/D_124_39.stl"/>
        <mesh name="D_124_40" file="objects/D_124/D_124_40.stl"/>
        <mesh name="D_124_41" file="objects/D_124/D_124_41.stl"/>
        <mesh name="D_124_42" file="objects/D_124/D_124_42.stl"/>
        <mesh name="D_124_43" file="objects/D_124/D_124_43.stl"/>
        <mesh name="D_124_44" file="objects/D_124/D_124_44.stl"/>
        <mesh name="D_124_45" file="objects/D_124/D_124_45.stl"/>
        <mesh name="D_124_46" file="objects/D_124/D_124_46.stl"/>
        <mesh name="D_124_47" file="objects/D_124/D_124_47.stl"/>
        <mesh name="D_124_48" file="objects/D_124/D_124_48.stl"/>
        <mesh name="D_124_49" file="objects/D_124/D_124_49.stl"/>
        <mesh name="D_124_50" file="objects/D_124/D_124_50.stl"/>
        <mesh name="D_124_51" file="objects/D_124/D_124_51.stl"/>
        <mesh name="D_124_52" file="objects/D_124/D_124_52.stl"/>
        <mesh name="D_124_53" file="objects/D_124/D_124_53.stl"/>
        <mesh name="D_124_54" file="objects/D_124/D_124_54.stl"/>
        <mesh name="D_124_55" file="objects/D_124/D_124_55.stl"/>
        <mesh name="D_124_56" file="objects/D_124/D_124_56.stl"/>
        <mesh name="D_124_57" file="objects/D_124/D_124_57.stl"/>
        <mesh name="D_124_58" file="objects/D_124/D_124_58.stl"/>
        <mesh name="D_124_59" file="objects/D_124/D_124_59.stl"/>
        <mesh name="D_124_60" file="objects/D_124/D_124_60.stl"/>
        <mesh name="D_124_61" file="objects/D_124/D_124_61.stl"/>
        <mesh name="D_124_62" file="objects/D_124/D_124_62.stl"/>
        <mesh name="D_124_63" file="objects/D_124/D_124_63.stl"/>
        <mesh name="D_124_64" file="objects/D_124/D_124_64.stl"/>
        <mesh name="D_124_65" file="objects/D_124/D_124_65.stl"/>
        <mesh name="D_124_visual" file="objects/D_124/D_124_full.stl"/>
    </asset>
</mujoco>