<mujoco>
    <asset>
        <mesh name="D_185_1" file="objects/D_185/D_185_1.stl"/>
        <mesh name="D_185_2" file="objects/D_185/D_185_2.stl"/>
        <mesh name="D_185_3" file="objects/D_185/D_185_3.stl"/>
        <mesh name="D_185_4" file="objects/D_185/D_185_4.stl"/>
        <mesh name="D_185_5" file="objects/D_185/D_185_5.stl"/>
        <mesh name="D_185_6" file="objects/D_185/D_185_6.stl"/>
        <mesh name="D_185_7" file="objects/D_185/D_185_7.stl"/>
        <mesh name="D_185_8" file="objects/D_185/D_185_8.stl"/>
        <mesh name="D_185_9" file="objects/D_185/D_185_9.stl"/>
        <mesh name="D_185_visual" file="objects/D_185/D_185_full.stl"/>
    </asset>
</mujoco>