<mujoco>
    <asset>
        <mesh name="D_190_1" file="objects/D_190/D_190_1.stl"/>
        <mesh name="D_190_2" file="objects/D_190/D_190_2.stl"/>
        <mesh name="D_190_3" file="objects/D_190/D_190_3.stl"/>
        <mesh name="D_190_4" file="objects/D_190/D_190_4.stl"/>
        <mesh name="D_190_5" file="objects/D_190/D_190_5.stl"/>
        <mesh name="D_190_6" file="objects/D_190/D_190_6.stl"/>
        <mesh name="D_190_7" file="objects/D_190/D_190_7.stl"/>
        <mesh name="D_190_visual" file="objects/D_190/D_190_full.stl"/>
    </asset>
</mujoco>