<mujoco>
    <asset>
        <mesh name="D_26_1" file="objects/D_26/D_26_1.stl"/>
        <mesh name="D_26_2" file="objects/D_26/D_26_2.stl"/>
        <mesh name="D_26_3" file="objects/D_26/D_26_3.stl"/>
        <mesh name="D_26_4" file="objects/D_26/D_26_4.stl"/>
        <mesh name="D_26_5" file="objects/D_26/D_26_5.stl"/>
        <mesh name="D_26_6" file="objects/D_26/D_26_6.stl"/>
        <mesh name="D_26_7" file="objects/D_26/D_26_7.stl"/>
        <mesh name="D_26_8" file="objects/D_26/D_26_8.stl"/>
        <mesh name="D_26_9" file="objects/D_26/D_26_9.stl"/>
        <mesh name="D_26_10" file="objects/D_26/D_26_10.stl"/>
        <mesh name="D_26_11" file="objects/D_26/D_26_11.stl"/>
        <mesh name="D_26_12" file="objects/D_26/D_26_12.stl"/>
        <mesh name="D_26_13" file="objects/D_26/D_26_13.stl"/>
        <mesh name="D_26_14" file="objects/D_26/D_26_14.stl"/>
        <mesh name="D_26_15" file="objects/D_26/D_26_15.stl"/>
        <mesh name="D_26_16" file="objects/D_26/D_26_16.stl"/>
        <mesh name="D_26_17" file="objects/D_26/D_26_17.stl"/>
        <mesh name="D_26_18" file="objects/D_26/D_26_18.stl"/>
        <mesh name="D_26_19" file="objects/D_26/D_26_19.stl"/>
        <mesh name="D_26_20" file="objects/D_26/D_26_20.stl"/>
        <mesh name="D_26_21" file="objects/D_26/D_26_21.stl"/>
        <mesh name="D_26_22" file="objects/D_26/D_26_22.stl"/>
        <mesh name="D_26_23" file="objects/D_26/D_26_23.stl"/>
        <mesh name="D_26_24" file="objects/D_26/D_26_24.stl"/>
        <mesh name="D_26_25" file="objects/D_26/D_26_25.stl"/>
        <mesh name="D_26_26" file="objects/D_26/D_26_26.stl"/>
        <mesh name="D_26_27" file="objects/D_26/D_26_27.stl"/>
        <mesh name="D_26_28" file="objects/D_26/D_26_28.stl"/>
        <mesh name="D_26_29" file="objects/D_26/D_26_29.stl"/>
        <mesh name="D_26_30" file="objects/D_26/D_26_30.stl"/>
        <mesh name="D_26_31" file="objects/D_26/D_26_31.stl"/>
        <mesh name="D_26_32" file="objects/D_26/D_26_32.stl"/>
        <mesh name="D_26_33" file="objects/D_26/D_26_33.stl"/>
        <mesh name="D_26_34" file="objects/D_26/D_26_34.stl"/>
        <mesh name="D_26_35" file="objects/D_26/D_26_35.stl"/>
        <mesh name="D_26_36" file="objects/D_26/D_26_36.stl"/>
        <mesh name="D_26_37" file="objects/D_26/D_26_37.stl"/>
        <mesh name="D_26_38" file="objects/D_26/D_26_38.stl"/>
        <mesh name="D_26_39" file="objects/D_26/D_26_39.stl"/>
        <mesh name="D_26_40" file="objects/D_26/D_26_40.stl"/>
        <mesh name="D_26_41" file="objects/D_26/D_26_41.stl"/>
        <mesh name="D_26_42" file="objects/D_26/D_26_42.stl"/>
        <mesh name="D_26_43" file="objects/D_26/D_26_43.stl"/>
        <mesh name="D_26_44" file="objects/D_26/D_26_44.stl"/>
        <mesh name="D_26_45" file="objects/D_26/D_26_45.stl"/>
        <mesh name="D_26_46" file="objects/D_26/D_26_46.stl"/>
        <mesh name="D_26_47" file="objects/D_26/D_26_47.stl"/>
        <mesh name="D_26_48" file="objects/D_26/D_26_48.stl"/>
        <mesh name="D_26_49" file="objects/D_26/D_26_49.stl"/>
        <mesh name="D_26_50" file="objects/D_26/D_26_50.stl"/>
        <mesh name="D_26_51" file="objects/D_26/D_26_51.stl"/>
        <mesh name="D_26_52" file="objects/D_26/D_26_52.stl"/>
        <mesh name="D_26_53" file="objects/D_26/D_26_53.stl"/>
        <mesh name="D_26_54" file="objects/D_26/D_26_54.stl"/>
        <mesh name="D_26_55" file="objects/D_26/D_26_55.stl"/>
        <mesh name="D_26_56" file="objects/D_26/D_26_56.stl"/>
        <mesh name="D_26_57" file="objects/D_26/D_26_57.stl"/>
        <mesh name="D_26_58" file="objects/D_26/D_26_58.stl"/>
        <mesh name="D_26_59" file="objects/D_26/D_26_59.stl"/>
        <mesh name="D_26_60" file="objects/D_26/D_26_60.stl"/>
        <mesh name="D_26_61" file="objects/D_26/D_26_61.stl"/>
        <mesh name="D_26_62" file="objects/D_26/D_26_62.stl"/>
        <mesh name="D_26_63" file="objects/D_26/D_26_63.stl"/>
        <mesh name="D_26_64" file="objects/D_26/D_26_64.stl"/>
        <mesh name="D_26_65" file="objects/D_26/D_26_65.stl"/>
        <mesh name="D_26_66" file="objects/D_26/D_26_66.stl"/>
        <mesh name="D_26_67" file="objects/D_26/D_26_67.stl"/>
        <mesh name="D_26_68" file="objects/D_26/D_26_68.stl"/>
        <mesh name="D_26_69" file="objects/D_26/D_26_69.stl"/>
        <mesh name="D_26_70" file="objects/D_26/D_26_70.stl"/>
        <mesh name="D_26_71" file="objects/D_26/D_26_71.stl"/>
        <mesh name="D_26_72" file="objects/D_26/D_26_72.stl"/>
        <mesh name="D_26_73" file="objects/D_26/D_26_73.stl"/>
        <mesh name="D_26_74" file="objects/D_26/D_26_74.stl"/>
        <mesh name="D_26_75" file="objects/D_26/D_26_75.stl"/>
        <mesh name="D_26_76" file="objects/D_26/D_26_76.stl"/>
        <mesh name="D_26_77" file="objects/D_26/D_26_77.stl"/>
        <mesh name="D_26_78" file="objects/D_26/D_26_78.stl"/>
        <mesh name="D_26_79" file="objects/D_26/D_26_79.stl"/>
        <mesh name="D_26_80" file="objects/D_26/D_26_80.stl"/>
        <mesh name="D_26_81" file="objects/D_26/D_26_81.stl"/>
        <mesh name="D_26_82" file="objects/D_26/D_26_82.stl"/>
        <mesh name="D_26_83" file="objects/D_26/D_26_83.stl"/>
        <mesh name="D_26_84" file="objects/D_26/D_26_84.stl"/>
        <mesh name="D_26_85" file="objects/D_26/D_26_85.stl"/>
        <mesh name="D_26_visual" file="objects/D_26/D_26_full.stl"/>
    </asset>
</mujoco>