<mujoco>
    <asset>
        <mesh name="D_27_1" file="objects/D_27/D_27_1.stl"/>
        <mesh name="D_27_2" file="objects/D_27/D_27_2.stl"/>
        <mesh name="D_27_3" file="objects/D_27/D_27_3.stl"/>
        <mesh name="D_27_4" file="objects/D_27/D_27_4.stl"/>
        <mesh name="D_27_5" file="objects/D_27/D_27_5.stl"/>
        <mesh name="D_27_6" file="objects/D_27/D_27_6.stl"/>
        <mesh name="D_27_7" file="objects/D_27/D_27_7.stl"/>
        <mesh name="D_27_8" file="objects/D_27/D_27_8.stl"/>
        <mesh name="D_27_9" file="objects/D_27/D_27_9.stl"/>
        <mesh name="D_27_10" file="objects/D_27/D_27_10.stl"/>
        <mesh name="D_27_11" file="objects/D_27/D_27_11.stl"/>
        <mesh name="D_27_12" file="objects/D_27/D_27_12.stl"/>
        <mesh name="D_27_13" file="objects/D_27/D_27_13.stl"/>
        <mesh name="D_27_14" file="objects/D_27/D_27_14.stl"/>
        <mesh name="D_27_15" file="objects/D_27/D_27_15.stl"/>
        <mesh name="D_27_16" file="objects/D_27/D_27_16.stl"/>
        <mesh name="D_27_17" file="objects/D_27/D_27_17.stl"/>
        <mesh name="D_27_18" file="objects/D_27/D_27_18.stl"/>
        <mesh name="D_27_19" file="objects/D_27/D_27_19.stl"/>
        <mesh name="D_27_20" file="objects/D_27/D_27_20.stl"/>
        <mesh name="D_27_21" file="objects/D_27/D_27_21.stl"/>
        <mesh name="D_27_22" file="objects/D_27/D_27_22.stl"/>
        <mesh name="D_27_23" file="objects/D_27/D_27_23.stl"/>
        <mesh name="D_27_24" file="objects/D_27/D_27_24.stl"/>
        <mesh name="D_27_25" file="objects/D_27/D_27_25.stl"/>
        <mesh name="D_27_26" file="objects/D_27/D_27_26.stl"/>
        <mesh name="D_27_27" file="objects/D_27/D_27_27.stl"/>
        <mesh name="D_27_28" file="objects/D_27/D_27_28.stl"/>
        <mesh name="D_27_29" file="objects/D_27/D_27_29.stl"/>
        <mesh name="D_27_30" file="objects/D_27/D_27_30.stl"/>
        <mesh name="D_27_31" file="objects/D_27/D_27_31.stl"/>
        <mesh name="D_27_32" file="objects/D_27/D_27_32.stl"/>
        <mesh name="D_27_33" file="objects/D_27/D_27_33.stl"/>
        <mesh name="D_27_34" file="objects/D_27/D_27_34.stl"/>
        <mesh name="D_27_35" file="objects/D_27/D_27_35.stl"/>
        <mesh name="D_27_36" file="objects/D_27/D_27_36.stl"/>
        <mesh name="D_27_37" file="objects/D_27/D_27_37.stl"/>
        <mesh name="D_27_38" file="objects/D_27/D_27_38.stl"/>
        <mesh name="D_27_39" file="objects/D_27/D_27_39.stl"/>
        <mesh name="D_27_40" file="objects/D_27/D_27_40.stl"/>
        <mesh name="D_27_41" file="objects/D_27/D_27_41.stl"/>
        <mesh name="D_27_42" file="objects/D_27/D_27_42.stl"/>
        <mesh name="D_27_43" file="objects/D_27/D_27_43.stl"/>
        <mesh name="D_27_44" file="objects/D_27/D_27_44.stl"/>
        <mesh name="D_27_45" file="objects/D_27/D_27_45.stl"/>
        <mesh name="D_27_46" file="objects/D_27/D_27_46.stl"/>
        <mesh name="D_27_47" file="objects/D_27/D_27_47.stl"/>
        <mesh name="D_27_48" file="objects/D_27/D_27_48.stl"/>
        <mesh name="D_27_49" file="objects/D_27/D_27_49.stl"/>
        <mesh name="D_27_50" file="objects/D_27/D_27_50.stl"/>
        <mesh name="D_27_51" file="objects/D_27/D_27_51.stl"/>
        <mesh name="D_27_52" file="objects/D_27/D_27_52.stl"/>
        <mesh name="D_27_53" file="objects/D_27/D_27_53.stl"/>
        <mesh name="D_27_54" file="objects/D_27/D_27_54.stl"/>
        <mesh name="D_27_55" file="objects/D_27/D_27_55.stl"/>
        <mesh name="D_27_56" file="objects/D_27/D_27_56.stl"/>
        <mesh name="D_27_57" file="objects/D_27/D_27_57.stl"/>
        <mesh name="D_27_visual" file="objects/D_27/D_27_full.stl"/>
    </asset>
</mujoco>