<mujoco>
    <asset>
        <mesh name="D_46_1" file="objects/D_46/D_46_1.stl"/>
        <mesh name="D_46_2" file="objects/D_46/D_46_2.stl"/>
        <mesh name="D_46_3" file="objects/D_46/D_46_3.stl"/>
        <mesh name="D_46_4" file="objects/D_46/D_46_4.stl"/>
        <mesh name="D_46_5" file="objects/D_46/D_46_5.stl"/>
        <mesh name="D_46_6" file="objects/D_46/D_46_6.stl"/>
        <mesh name="D_46_7" file="objects/D_46/D_46_7.stl"/>
        <mesh name="D_46_8" file="objects/D_46/D_46_8.stl"/>
        <mesh name="D_46_9" file="objects/D_46/D_46_9.stl"/>
        <mesh name="D_46_10" file="objects/D_46/D_46_10.stl"/>
        <mesh name="D_46_11" file="objects/D_46/D_46_11.stl"/>
        <mesh name="D_46_12" file="objects/D_46/D_46_12.stl"/>
        <mesh name="D_46_13" file="objects/D_46/D_46_13.stl"/>
        <mesh name="D_46_14" file="objects/D_46/D_46_14.stl"/>
        <mesh name="D_46_15" file="objects/D_46/D_46_15.stl"/>
        <mesh name="D_46_16" file="objects/D_46/D_46_16.stl"/>
        <mesh name="D_46_17" file="objects/D_46/D_46_17.stl"/>
        <mesh name="D_46_18" file="objects/D_46/D_46_18.stl"/>
        <mesh name="D_46_19" file="objects/D_46/D_46_19.stl"/>
        <mesh name="D_46_20" file="objects/D_46/D_46_20.stl"/>
        <mesh name="D_46_21" file="objects/D_46/D_46_21.stl"/>
        <mesh name="D_46_22" file="objects/D_46/D_46_22.stl"/>
        <mesh name="D_46_23" file="objects/D_46/D_46_23.stl"/>
        <mesh name="D_46_24" file="objects/D_46/D_46_24.stl"/>
        <mesh name="D_46_25" file="objects/D_46/D_46_25.stl"/>
        <mesh name="D_46_26" file="objects/D_46/D_46_26.stl"/>
        <mesh name="D_46_27" file="objects/D_46/D_46_27.stl"/>
        <mesh name="D_46_28" file="objects/D_46/D_46_28.stl"/>
        <mesh name="D_46_29" file="objects/D_46/D_46_29.stl"/>
        <mesh name="D_46_30" file="objects/D_46/D_46_30.stl"/>
        <mesh name="D_46_31" file="objects/D_46/D_46_31.stl"/>
        <mesh name="D_46_32" file="objects/D_46/D_46_32.stl"/>
        <mesh name="D_46_33" file="objects/D_46/D_46_33.stl"/>
        <mesh name="D_46_34" file="objects/D_46/D_46_34.stl"/>
        <mesh name="D_46_35" file="objects/D_46/D_46_35.stl"/>
        <mesh name="D_46_36" file="objects/D_46/D_46_36.stl"/>
        <mesh name="D_46_37" file="objects/D_46/D_46_37.stl"/>
        <mesh name="D_46_38" file="objects/D_46/D_46_38.stl"/>
        <mesh name="D_46_39" file="objects/D_46/D_46_39.stl"/>
        <mesh name="D_46_40" file="objects/D_46/D_46_40.stl"/>
        <mesh name="D_46_41" file="objects/D_46/D_46_41.stl"/>
        <mesh name="D_46_42" file="objects/D_46/D_46_42.stl"/>
        <mesh name="D_46_43" file="objects/D_46/D_46_43.stl"/>
        <mesh name="D_46_44" file="objects/D_46/D_46_44.stl"/>
        <mesh name="D_46_45" file="objects/D_46/D_46_45.stl"/>
        <mesh name="D_46_46" file="objects/D_46/D_46_46.stl"/>
        <mesh name="D_46_47" file="objects/D_46/D_46_47.stl"/>
        <mesh name="D_46_48" file="objects/D_46/D_46_48.stl"/>
        <mesh name="D_46_49" file="objects/D_46/D_46_49.stl"/>
        <mesh name="D_46_50" file="objects/D_46/D_46_50.stl"/>
        <mesh name="D_46_51" file="objects/D_46/D_46_51.stl"/>
        <mesh name="D_46_52" file="objects/D_46/D_46_52.stl"/>
        <mesh name="D_46_53" file="objects/D_46/D_46_53.stl"/>
        <mesh name="D_46_54" file="objects/D_46/D_46_54.stl"/>
        <mesh name="D_46_55" file="objects/D_46/D_46_55.stl"/>
        <mesh name="D_46_56" file="objects/D_46/D_46_56.stl"/>
        <mesh name="D_46_57" file="objects/D_46/D_46_57.stl"/>
        <mesh name="D_46_58" file="objects/D_46/D_46_58.stl"/>
        <mesh name="D_46_59" file="objects/D_46/D_46_59.stl"/>
        <mesh name="D_46_60" file="objects/D_46/D_46_60.stl"/>
        <mesh name="D_46_61" file="objects/D_46/D_46_61.stl"/>
        <mesh name="D_46_62" file="objects/D_46/D_46_62.stl"/>
        <mesh name="D_46_63" file="objects/D_46/D_46_63.stl"/>
        <mesh name="D_46_64" file="objects/D_46/D_46_64.stl"/>
        <mesh name="D_46_65" file="objects/D_46/D_46_65.stl"/>
        <mesh name="D_46_66" file="objects/D_46/D_46_66.stl"/>
        <mesh name="D_46_67" file="objects/D_46/D_46_67.stl"/>
        <mesh name="D_46_68" file="objects/D_46/D_46_68.stl"/>
        <mesh name="D_46_69" file="objects/D_46/D_46_69.stl"/>
        <mesh name="D_46_70" file="objects/D_46/D_46_70.stl"/>
        <mesh name="D_46_71" file="objects/D_46/D_46_71.stl"/>
        <mesh name="D_46_72" file="objects/D_46/D_46_72.stl"/>
        <mesh name="D_46_73" file="objects/D_46/D_46_73.stl"/>
        <mesh name="D_46_74" file="objects/D_46/D_46_74.stl"/>
        <mesh name="D_46_75" file="objects/D_46/D_46_75.stl"/>
        <mesh name="D_46_76" file="objects/D_46/D_46_76.stl"/>
        <mesh name="D_46_77" file="objects/D_46/D_46_77.stl"/>
        <mesh name="D_46_78" file="objects/D_46/D_46_78.stl"/>
        <mesh name="D_46_79" file="objects/D_46/D_46_79.stl"/>
        <mesh name="D_46_80" file="objects/D_46/D_46_80.stl"/>
        <mesh name="D_46_81" file="objects/D_46/D_46_81.stl"/>
        <mesh name="D_46_82" file="objects/D_46/D_46_82.stl"/>
        <mesh name="D_46_83" file="objects/D_46/D_46_83.stl"/>
        <mesh name="D_46_84" file="objects/D_46/D_46_84.stl"/>
        <mesh name="D_46_85" file="objects/D_46/D_46_85.stl"/>
        <mesh name="D_46_86" file="objects/D_46/D_46_86.stl"/>
        <mesh name="D_46_87" file="objects/D_46/D_46_87.stl"/>
        <mesh name="D_46_88" file="objects/D_46/D_46_88.stl"/>
        <mesh name="D_46_89" file="objects/D_46/D_46_89.stl"/>
        <mesh name="D_46_90" file="objects/D_46/D_46_90.stl"/>
        <mesh name="D_46_91" file="objects/D_46/D_46_91.stl"/>
        <mesh name="D_46_92" file="objects/D_46/D_46_92.stl"/>
        <mesh name="D_46_93" file="objects/D_46/D_46_93.stl"/>
        <mesh name="D_46_94" file="objects/D_46/D_46_94.stl"/>
        <mesh name="D_46_95" file="objects/D_46/D_46_95.stl"/>
        <mesh name="D_46_96" file="objects/D_46/D_46_96.stl"/>
        <mesh name="D_46_97" file="objects/D_46/D_46_97.stl"/>
        <mesh name="D_46_98" file="objects/D_46/D_46_98.stl"/>
        <mesh name="D_46_99" file="objects/D_46/D_46_99.stl"/>
        <mesh name="D_46_100" file="objects/D_46/D_46_100.stl"/>
        <mesh name="D_46_101" file="objects/D_46/D_46_101.stl"/>
        <mesh name="D_46_102" file="objects/D_46/D_46_102.stl"/>
        <mesh name="D_46_103" file="objects/D_46/D_46_103.stl"/>
        <mesh name="D_46_104" file="objects/D_46/D_46_104.stl"/>
        <mesh name="D_46_105" file="objects/D_46/D_46_105.stl"/>
        <mesh name="D_46_106" file="objects/D_46/D_46_106.stl"/>
        <mesh name="D_46_107" file="objects/D_46/D_46_107.stl"/>
        <mesh name="D_46_108" file="objects/D_46/D_46_108.stl"/>
        <mesh name="D_46_109" file="objects/D_46/D_46_109.stl"/>
        <mesh name="D_46_110" file="objects/D_46/D_46_110.stl"/>
        <mesh name="D_46_111" file="objects/D_46/D_46_111.stl"/>
        <mesh name="D_46_112" file="objects/D_46/D_46_112.stl"/>
        <mesh name="D_46_113" file="objects/D_46/D_46_113.stl"/>
        <mesh name="D_46_114" file="objects/D_46/D_46_114.stl"/>
        <mesh name="D_46_115" file="objects/D_46/D_46_115.stl"/>
        <mesh name="D_46_116" file="objects/D_46/D_46_116.stl"/>
        <mesh name="D_46_117" file="objects/D_46/D_46_117.stl"/>
        <mesh name="D_46_118" file="objects/D_46/D_46_118.stl"/>
        <mesh name="D_46_119" file="objects/D_46/D_46_119.stl"/>
        <mesh name="D_46_120" file="objects/D_46/D_46_120.stl"/>
        <mesh name="D_46_121" file="objects/D_46/D_46_121.stl"/>
        <mesh name="D_46_122" file="objects/D_46/D_46_122.stl"/>
        <mesh name="D_46_123" file="objects/D_46/D_46_123.stl"/>
        <mesh name="D_46_124" file="objects/D_46/D_46_124.stl"/>
        <mesh name="D_46_125" file="objects/D_46/D_46_125.stl"/>
        <mesh name="D_46_126" file="objects/D_46/D_46_126.stl"/>
        <mesh name="D_46_127" file="objects/D_46/D_46_127.stl"/>
        <mesh name="D_46_128" file="objects/D_46/D_46_128.stl"/>
        <mesh name="D_46_129" file="objects/D_46/D_46_129.stl"/>
        <mesh name="D_46_130" file="objects/D_46/D_46_130.stl"/>
        <mesh name="D_46_131" file="objects/D_46/D_46_131.stl"/>
        <mesh name="D_46_132" file="objects/D_46/D_46_132.stl"/>
        <mesh name="D_46_133" file="objects/D_46/D_46_133.stl"/>
        <mesh name="D_46_134" file="objects/D_46/D_46_134.stl"/>
        <mesh name="D_46_visual" file="objects/D_46/D_46_full.stl"/>
    </asset>
</mujoco>