<mujoco>
    <asset>
        <mesh name="D_223_1" file="objects/D_223/D_223_1.stl"/>
        <mesh name="D_223_2" file="objects/D_223/D_223_2.stl"/>
        <mesh name="D_223_3" file="objects/D_223/D_223_3.stl"/>
        <mesh name="D_223_4" file="objects/D_223/D_223_4.stl"/>
        <mesh name="D_223_5" file="objects/D_223/D_223_5.stl"/>
        <mesh name="D_223_6" file="objects/D_223/D_223_6.stl"/>
        <mesh name="D_223_7" file="objects/D_223/D_223_7.stl"/>
        <mesh name="D_223_8" file="objects/D_223/D_223_8.stl"/>
        <mesh name="D_223_9" file="objects/D_223/D_223_9.stl"/>
        <mesh name="D_223_10" file="objects/D_223/D_223_10.stl"/>
        <mesh name="D_223_11" file="objects/D_223/D_223_11.stl"/>
        <mesh name="D_223_12" file="objects/D_223/D_223_12.stl"/>
        <mesh name="D_223_13" file="objects/D_223/D_223_13.stl"/>
        <mesh name="D_223_14" file="objects/D_223/D_223_14.stl"/>
        <mesh name="D_223_15" file="objects/D_223/D_223_15.stl"/>
        <mesh name="D_223_16" file="objects/D_223/D_223_16.stl"/>
        <mesh name="D_223_17" file="objects/D_223/D_223_17.stl"/>
        <mesh name="D_223_18" file="objects/D_223/D_223_18.stl"/>
        <mesh name="D_223_19" file="objects/D_223/D_223_19.stl"/>
        <mesh name="D_223_20" file="objects/D_223/D_223_20.stl"/>
        <mesh name="D_223_21" file="objects/D_223/D_223_21.stl"/>
        <mesh name="D_223_22" file="objects/D_223/D_223_22.stl"/>
        <mesh name="D_223_23" file="objects/D_223/D_223_23.stl"/>
        <mesh name="D_223_24" file="objects/D_223/D_223_24.stl"/>
        <mesh name="D_223_25" file="objects/D_223/D_223_25.stl"/>
        <mesh name="D_223_26" file="objects/D_223/D_223_26.stl"/>
        <mesh name="D_223_27" file="objects/D_223/D_223_27.stl"/>
        <mesh name="D_223_28" file="objects/D_223/D_223_28.stl"/>
        <mesh name="D_223_29" file="objects/D_223/D_223_29.stl"/>
        <mesh name="D_223_30" file="objects/D_223/D_223_30.stl"/>
        <mesh name="D_223_31" file="objects/D_223/D_223_31.stl"/>
        <mesh name="D_223_32" file="objects/D_223/D_223_32.stl"/>
        <mesh name="D_223_33" file="objects/D_223/D_223_33.stl"/>
        <mesh name="D_223_34" file="objects/D_223/D_223_34.stl"/>
        <mesh name="D_223_35" file="objects/D_223/D_223_35.stl"/>
        <mesh name="D_223_36" file="objects/D_223/D_223_36.stl"/>
        <mesh name="D_223_37" file="objects/D_223/D_223_37.stl"/>
        <mesh name="D_223_38" file="objects/D_223/D_223_38.stl"/>
        <mesh name="D_223_39" file="objects/D_223/D_223_39.stl"/>
        <mesh name="D_223_40" file="objects/D_223/D_223_40.stl"/>
        <mesh name="D_223_41" file="objects/D_223/D_223_41.stl"/>
        <mesh name="D_223_42" file="objects/D_223/D_223_42.stl"/>
        <mesh name="D_223_43" file="objects/D_223/D_223_43.stl"/>
        <mesh name="D_223_44" file="objects/D_223/D_223_44.stl"/>
        <mesh name="D_223_45" file="objects/D_223/D_223_45.stl"/>
        <mesh name="D_223_46" file="objects/D_223/D_223_46.stl"/>
        <mesh name="D_223_47" file="objects/D_223/D_223_47.stl"/>
        <mesh name="D_223_48" file="objects/D_223/D_223_48.stl"/>
        <mesh name="D_223_49" file="objects/D_223/D_223_49.stl"/>
        <mesh name="D_223_50" file="objects/D_223/D_223_50.stl"/>
        <mesh name="D_223_51" file="objects/D_223/D_223_51.stl"/>
        <mesh name="D_223_52" file="objects/D_223/D_223_52.stl"/>
        <mesh name="D_223_53" file="objects/D_223/D_223_53.stl"/>
        <mesh name="D_223_54" file="objects/D_223/D_223_54.stl"/>
        <mesh name="D_223_55" file="objects/D_223/D_223_55.stl"/>
        <mesh name="D_223_56" file="objects/D_223/D_223_56.stl"/>
        <mesh name="D_223_57" file="objects/D_223/D_223_57.stl"/>
        <mesh name="D_223_58" file="objects/D_223/D_223_58.stl"/>
        <mesh name="D_223_59" file="objects/D_223/D_223_59.stl"/>
        <mesh name="D_223_60" file="objects/D_223/D_223_60.stl"/>
        <mesh name="D_223_61" file="objects/D_223/D_223_61.stl"/>
        <mesh name="D_223_62" file="objects/D_223/D_223_62.stl"/>
        <mesh name="D_223_63" file="objects/D_223/D_223_63.stl"/>
        <mesh name="D_223_64" file="objects/D_223/D_223_64.stl"/>
        <mesh name="D_223_65" file="objects/D_223/D_223_65.stl"/>
        <mesh name="D_223_visual" file="objects/D_223/D_223_full.stl"/>
    </asset>
</mujoco>