<mujoco>
    <asset>
        <mesh name="D_149_1" file="objects/D_149/D_149_1.stl"/>
        <mesh name="D_149_2" file="objects/D_149/D_149_2.stl"/>
        <mesh name="D_149_3" file="objects/D_149/D_149_3.stl"/>
        <mesh name="D_149_4" file="objects/D_149/D_149_4.stl"/>
        <mesh name="D_149_5" file="objects/D_149/D_149_5.stl"/>
        <mesh name="D_149_6" file="objects/D_149/D_149_6.stl"/>
        <mesh name="D_149_7" file="objects/D_149/D_149_7.stl"/>
        <mesh name="D_149_8" file="objects/D_149/D_149_8.stl"/>
        <mesh name="D_149_9" file="objects/D_149/D_149_9.stl"/>
        <mesh name="D_149_10" file="objects/D_149/D_149_10.stl"/>
        <mesh name="D_149_11" file="objects/D_149/D_149_11.stl"/>
        <mesh name="D_149_12" file="objects/D_149/D_149_12.stl"/>
        <mesh name="D_149_13" file="objects/D_149/D_149_13.stl"/>
        <mesh name="D_149_14" file="objects/D_149/D_149_14.stl"/>
        <mesh name="D_149_15" file="objects/D_149/D_149_15.stl"/>
        <mesh name="D_149_16" file="objects/D_149/D_149_16.stl"/>
        <mesh name="D_149_17" file="objects/D_149/D_149_17.stl"/>
        <mesh name="D_149_18" file="objects/D_149/D_149_18.stl"/>
        <mesh name="D_149_19" file="objects/D_149/D_149_19.stl"/>
        <mesh name="D_149_20" file="objects/D_149/D_149_20.stl"/>
        <mesh name="D_149_21" file="objects/D_149/D_149_21.stl"/>
        <mesh name="D_149_22" file="objects/D_149/D_149_22.stl"/>
        <mesh name="D_149_23" file="objects/D_149/D_149_23.stl"/>
        <mesh name="D_149_24" file="objects/D_149/D_149_24.stl"/>
        <mesh name="D_149_25" file="objects/D_149/D_149_25.stl"/>
        <mesh name="D_149_26" file="objects/D_149/D_149_26.stl"/>
        <mesh name="D_149_27" file="objects/D_149/D_149_27.stl"/>
        <mesh name="D_149_28" file="objects/D_149/D_149_28.stl"/>
        <mesh name="D_149_29" file="objects/D_149/D_149_29.stl"/>
        <mesh name="D_149_30" file="objects/D_149/D_149_30.stl"/>
        <mesh name="D_149_31" file="objects/D_149/D_149_31.stl"/>
        <mesh name="D_149_32" file="objects/D_149/D_149_32.stl"/>
        <mesh name="D_149_33" file="objects/D_149/D_149_33.stl"/>
        <mesh name="D_149_34" file="objects/D_149/D_149_34.stl"/>
        <mesh name="D_149_35" file="objects/D_149/D_149_35.stl"/>
        <mesh name="D_149_36" file="objects/D_149/D_149_36.stl"/>
        <mesh name="D_149_37" file="objects/D_149/D_149_37.stl"/>
        <mesh name="D_149_38" file="objects/D_149/D_149_38.stl"/>
        <mesh name="D_149_39" file="objects/D_149/D_149_39.stl"/>
        <mesh name="D_149_40" file="objects/D_149/D_149_40.stl"/>
        <mesh name="D_149_41" file="objects/D_149/D_149_41.stl"/>
        <mesh name="D_149_42" file="objects/D_149/D_149_42.stl"/>
        <mesh name="D_149_43" file="objects/D_149/D_149_43.stl"/>
        <mesh name="D_149_44" file="objects/D_149/D_149_44.stl"/>
        <mesh name="D_149_45" file="objects/D_149/D_149_45.stl"/>
        <mesh name="D_149_46" file="objects/D_149/D_149_46.stl"/>
        <mesh name="D_149_47" file="objects/D_149/D_149_47.stl"/>
        <mesh name="D_149_48" file="objects/D_149/D_149_48.stl"/>
        <mesh name="D_149_49" file="objects/D_149/D_149_49.stl"/>
        <mesh name="D_149_50" file="objects/D_149/D_149_50.stl"/>
        <mesh name="D_149_51" file="objects/D_149/D_149_51.stl"/>
        <mesh name="D_149_52" file="objects/D_149/D_149_52.stl"/>
        <mesh name="D_149_53" file="objects/D_149/D_149_53.stl"/>
        <mesh name="D_149_54" file="objects/D_149/D_149_54.stl"/>
        <mesh name="D_149_55" file="objects/D_149/D_149_55.stl"/>
        <mesh name="D_149_56" file="objects/D_149/D_149_56.stl"/>
        <mesh name="D_149_57" file="objects/D_149/D_149_57.stl"/>
        <mesh name="D_149_58" file="objects/D_149/D_149_58.stl"/>
        <mesh name="D_149_59" file="objects/D_149/D_149_59.stl"/>
        <mesh name="D_149_60" file="objects/D_149/D_149_60.stl"/>
        <mesh name="D_149_61" file="objects/D_149/D_149_61.stl"/>
        <mesh name="D_149_62" file="objects/D_149/D_149_62.stl"/>
        <mesh name="D_149_63" file="objects/D_149/D_149_63.stl"/>
        <mesh name="D_149_64" file="objects/D_149/D_149_64.stl"/>
        <mesh name="D_149_65" file="objects/D_149/D_149_65.stl"/>
        <mesh name="D_149_visual" file="objects/D_149/D_149_full.stl"/>
    </asset>
</mujoco>