<mujoco>
    <asset>
        <mesh name="D_85_1" file="objects/D_85/D_85_1.stl"/>
        <mesh name="D_85_2" file="objects/D_85/D_85_2.stl"/>
        <mesh name="D_85_3" file="objects/D_85/D_85_3.stl"/>
        <mesh name="D_85_4" file="objects/D_85/D_85_4.stl"/>
        <mesh name="D_85_5" file="objects/D_85/D_85_5.stl"/>
        <mesh name="D_85_6" file="objects/D_85/D_85_6.stl"/>
        <mesh name="D_85_7" file="objects/D_85/D_85_7.stl"/>
        <mesh name="D_85_8" file="objects/D_85/D_85_8.stl"/>
        <mesh name="D_85_9" file="objects/D_85/D_85_9.stl"/>
        <mesh name="D_85_10" file="objects/D_85/D_85_10.stl"/>
        <mesh name="D_85_11" file="objects/D_85/D_85_11.stl"/>
        <mesh name="D_85_12" file="objects/D_85/D_85_12.stl"/>
        <mesh name="D_85_13" file="objects/D_85/D_85_13.stl"/>
        <mesh name="D_85_14" file="objects/D_85/D_85_14.stl"/>
        <mesh name="D_85_15" file="objects/D_85/D_85_15.stl"/>
        <mesh name="D_85_16" file="objects/D_85/D_85_16.stl"/>
        <mesh name="D_85_17" file="objects/D_85/D_85_17.stl"/>
        <mesh name="D_85_18" file="objects/D_85/D_85_18.stl"/>
        <mesh name="D_85_19" file="objects/D_85/D_85_19.stl"/>
        <mesh name="D_85_20" file="objects/D_85/D_85_20.stl"/>
        <mesh name="D_85_21" file="objects/D_85/D_85_21.stl"/>
        <mesh name="D_85_22" file="objects/D_85/D_85_22.stl"/>
        <mesh name="D_85_23" file="objects/D_85/D_85_23.stl"/>
        <mesh name="D_85_24" file="objects/D_85/D_85_24.stl"/>
        <mesh name="D_85_25" file="objects/D_85/D_85_25.stl"/>
        <mesh name="D_85_26" file="objects/D_85/D_85_26.stl"/>
        <mesh name="D_85_27" file="objects/D_85/D_85_27.stl"/>
        <mesh name="D_85_28" file="objects/D_85/D_85_28.stl"/>
        <mesh name="D_85_29" file="objects/D_85/D_85_29.stl"/>
        <mesh name="D_85_30" file="objects/D_85/D_85_30.stl"/>
        <mesh name="D_85_31" file="objects/D_85/D_85_31.stl"/>
        <mesh name="D_85_32" file="objects/D_85/D_85_32.stl"/>
        <mesh name="D_85_33" file="objects/D_85/D_85_33.stl"/>
        <mesh name="D_85_34" file="objects/D_85/D_85_34.stl"/>
        <mesh name="D_85_35" file="objects/D_85/D_85_35.stl"/>
        <mesh name="D_85_36" file="objects/D_85/D_85_36.stl"/>
        <mesh name="D_85_37" file="objects/D_85/D_85_37.stl"/>
        <mesh name="D_85_38" file="objects/D_85/D_85_38.stl"/>
        <mesh name="D_85_39" file="objects/D_85/D_85_39.stl"/>
        <mesh name="D_85_40" file="objects/D_85/D_85_40.stl"/>
        <mesh name="D_85_41" file="objects/D_85/D_85_41.stl"/>
        <mesh name="D_85_42" file="objects/D_85/D_85_42.stl"/>
        <mesh name="D_85_43" file="objects/D_85/D_85_43.stl"/>
        <mesh name="D_85_44" file="objects/D_85/D_85_44.stl"/>
        <mesh name="D_85_45" file="objects/D_85/D_85_45.stl"/>
        <mesh name="D_85_46" file="objects/D_85/D_85_46.stl"/>
        <mesh name="D_85_47" file="objects/D_85/D_85_47.stl"/>
        <mesh name="D_85_48" file="objects/D_85/D_85_48.stl"/>
        <mesh name="D_85_49" file="objects/D_85/D_85_49.stl"/>
        <mesh name="D_85_50" file="objects/D_85/D_85_50.stl"/>
        <mesh name="D_85_51" file="objects/D_85/D_85_51.stl"/>
        <mesh name="D_85_52" file="objects/D_85/D_85_52.stl"/>
        <mesh name="D_85_53" file="objects/D_85/D_85_53.stl"/>
        <mesh name="D_85_54" file="objects/D_85/D_85_54.stl"/>
        <mesh name="D_85_55" file="objects/D_85/D_85_55.stl"/>
        <mesh name="D_85_56" file="objects/D_85/D_85_56.stl"/>
        <mesh name="D_85_57" file="objects/D_85/D_85_57.stl"/>
        <mesh name="D_85_58" file="objects/D_85/D_85_58.stl"/>
        <mesh name="D_85_visual" file="objects/D_85/D_85_full.stl"/>
    </asset>
</mujoco>