<mujoco>
    <asset>
        <mesh name="D_50_1" file="objects/D_50/D_50_1.stl"/>
        <mesh name="D_50_2" file="objects/D_50/D_50_2.stl"/>
        <mesh name="D_50_3" file="objects/D_50/D_50_3.stl"/>
        <mesh name="D_50_4" file="objects/D_50/D_50_4.stl"/>
        <mesh name="D_50_5" file="objects/D_50/D_50_5.stl"/>
        <mesh name="D_50_6" file="objects/D_50/D_50_6.stl"/>
        <mesh name="D_50_7" file="objects/D_50/D_50_7.stl"/>
        <mesh name="D_50_8" file="objects/D_50/D_50_8.stl"/>
        <mesh name="D_50_9" file="objects/D_50/D_50_9.stl"/>
        <mesh name="D_50_10" file="objects/D_50/D_50_10.stl"/>
        <mesh name="D_50_11" file="objects/D_50/D_50_11.stl"/>
        <mesh name="D_50_12" file="objects/D_50/D_50_12.stl"/>
        <mesh name="D_50_13" file="objects/D_50/D_50_13.stl"/>
        <mesh name="D_50_14" file="objects/D_50/D_50_14.stl"/>
        <mesh name="D_50_15" file="objects/D_50/D_50_15.stl"/>
        <mesh name="D_50_16" file="objects/D_50/D_50_16.stl"/>
        <mesh name="D_50_17" file="objects/D_50/D_50_17.stl"/>
        <mesh name="D_50_18" file="objects/D_50/D_50_18.stl"/>
        <mesh name="D_50_19" file="objects/D_50/D_50_19.stl"/>
        <mesh name="D_50_20" file="objects/D_50/D_50_20.stl"/>
        <mesh name="D_50_21" file="objects/D_50/D_50_21.stl"/>
        <mesh name="D_50_22" file="objects/D_50/D_50_22.stl"/>
        <mesh name="D_50_23" file="objects/D_50/D_50_23.stl"/>
        <mesh name="D_50_24" file="objects/D_50/D_50_24.stl"/>
        <mesh name="D_50_25" file="objects/D_50/D_50_25.stl"/>
        <mesh name="D_50_26" file="objects/D_50/D_50_26.stl"/>
        <mesh name="D_50_27" file="objects/D_50/D_50_27.stl"/>
        <mesh name="D_50_28" file="objects/D_50/D_50_28.stl"/>
        <mesh name="D_50_29" file="objects/D_50/D_50_29.stl"/>
        <mesh name="D_50_30" file="objects/D_50/D_50_30.stl"/>
        <mesh name="D_50_31" file="objects/D_50/D_50_31.stl"/>
        <mesh name="D_50_32" file="objects/D_50/D_50_32.stl"/>
        <mesh name="D_50_33" file="objects/D_50/D_50_33.stl"/>
        <mesh name="D_50_34" file="objects/D_50/D_50_34.stl"/>
        <mesh name="D_50_35" file="objects/D_50/D_50_35.stl"/>
        <mesh name="D_50_36" file="objects/D_50/D_50_36.stl"/>
        <mesh name="D_50_37" file="objects/D_50/D_50_37.stl"/>
        <mesh name="D_50_38" file="objects/D_50/D_50_38.stl"/>
        <mesh name="D_50_39" file="objects/D_50/D_50_39.stl"/>
        <mesh name="D_50_40" file="objects/D_50/D_50_40.stl"/>
        <mesh name="D_50_41" file="objects/D_50/D_50_41.stl"/>
        <mesh name="D_50_42" file="objects/D_50/D_50_42.stl"/>
        <mesh name="D_50_43" file="objects/D_50/D_50_43.stl"/>
        <mesh name="D_50_44" file="objects/D_50/D_50_44.stl"/>
        <mesh name="D_50_45" file="objects/D_50/D_50_45.stl"/>
        <mesh name="D_50_46" file="objects/D_50/D_50_46.stl"/>
        <mesh name="D_50_47" file="objects/D_50/D_50_47.stl"/>
        <mesh name="D_50_48" file="objects/D_50/D_50_48.stl"/>
        <mesh name="D_50_49" file="objects/D_50/D_50_49.stl"/>
        <mesh name="D_50_50" file="objects/D_50/D_50_50.stl"/>
        <mesh name="D_50_51" file="objects/D_50/D_50_51.stl"/>
        <mesh name="D_50_52" file="objects/D_50/D_50_52.stl"/>
        <mesh name="D_50_53" file="objects/D_50/D_50_53.stl"/>
        <mesh name="D_50_54" file="objects/D_50/D_50_54.stl"/>
        <mesh name="D_50_55" file="objects/D_50/D_50_55.stl"/>
        <mesh name="D_50_56" file="objects/D_50/D_50_56.stl"/>
        <mesh name="D_50_visual" file="objects/D_50/D_50_full.stl"/>
    </asset>
</mujoco>