<mujoco>
    <asset>
        <mesh name="D_219_1" file="objects/D_219/D_219_1.stl"/>
        <mesh name="D_219_2" file="objects/D_219/D_219_2.stl"/>
        <mesh name="D_219_3" file="objects/D_219/D_219_3.stl"/>
        <mesh name="D_219_4" file="objects/D_219/D_219_4.stl"/>
        <mesh name="D_219_5" file="objects/D_219/D_219_5.stl"/>
        <mesh name="D_219_6" file="objects/D_219/D_219_6.stl"/>
        <mesh name="D_219_7" file="objects/D_219/D_219_7.stl"/>
        <mesh name="D_219_8" file="objects/D_219/D_219_8.stl"/>
        <mesh name="D_219_9" file="objects/D_219/D_219_9.stl"/>
        <mesh name="D_219_10" file="objects/D_219/D_219_10.stl"/>
        <mesh name="D_219_11" file="objects/D_219/D_219_11.stl"/>
        <mesh name="D_219_12" file="objects/D_219/D_219_12.stl"/>
        <mesh name="D_219_13" file="objects/D_219/D_219_13.stl"/>
        <mesh name="D_219_14" file="objects/D_219/D_219_14.stl"/>
        <mesh name="D_219_15" file="objects/D_219/D_219_15.stl"/>
        <mesh name="D_219_16" file="objects/D_219/D_219_16.stl"/>
        <mesh name="D_219_17" file="objects/D_219/D_219_17.stl"/>
        <mesh name="D_219_18" file="objects/D_219/D_219_18.stl"/>
        <mesh name="D_219_19" file="objects/D_219/D_219_19.stl"/>
        <mesh name="D_219_20" file="objects/D_219/D_219_20.stl"/>
        <mesh name="D_219_21" file="objects/D_219/D_219_21.stl"/>
        <mesh name="D_219_22" file="objects/D_219/D_219_22.stl"/>
        <mesh name="D_219_23" file="objects/D_219/D_219_23.stl"/>
        <mesh name="D_219_24" file="objects/D_219/D_219_24.stl"/>
        <mesh name="D_219_25" file="objects/D_219/D_219_25.stl"/>
        <mesh name="D_219_26" file="objects/D_219/D_219_26.stl"/>
        <mesh name="D_219_27" file="objects/D_219/D_219_27.stl"/>
        <mesh name="D_219_28" file="objects/D_219/D_219_28.stl"/>
        <mesh name="D_219_29" file="objects/D_219/D_219_29.stl"/>
        <mesh name="D_219_30" file="objects/D_219/D_219_30.stl"/>
        <mesh name="D_219_31" file="objects/D_219/D_219_31.stl"/>
        <mesh name="D_219_32" file="objects/D_219/D_219_32.stl"/>
        <mesh name="D_219_33" file="objects/D_219/D_219_33.stl"/>
        <mesh name="D_219_34" file="objects/D_219/D_219_34.stl"/>
        <mesh name="D_219_35" file="objects/D_219/D_219_35.stl"/>
        <mesh name="D_219_36" file="objects/D_219/D_219_36.stl"/>
        <mesh name="D_219_37" file="objects/D_219/D_219_37.stl"/>
        <mesh name="D_219_38" file="objects/D_219/D_219_38.stl"/>
        <mesh name="D_219_39" file="objects/D_219/D_219_39.stl"/>
        <mesh name="D_219_40" file="objects/D_219/D_219_40.stl"/>
        <mesh name="D_219_41" file="objects/D_219/D_219_41.stl"/>
        <mesh name="D_219_42" file="objects/D_219/D_219_42.stl"/>
        <mesh name="D_219_43" file="objects/D_219/D_219_43.stl"/>
        <mesh name="D_219_44" file="objects/D_219/D_219_44.stl"/>
        <mesh name="D_219_45" file="objects/D_219/D_219_45.stl"/>
        <mesh name="D_219_46" file="objects/D_219/D_219_46.stl"/>
        <mesh name="D_219_47" file="objects/D_219/D_219_47.stl"/>
        <mesh name="D_219_48" file="objects/D_219/D_219_48.stl"/>
        <mesh name="D_219_49" file="objects/D_219/D_219_49.stl"/>
        <mesh name="D_219_50" file="objects/D_219/D_219_50.stl"/>
        <mesh name="D_219_51" file="objects/D_219/D_219_51.stl"/>
        <mesh name="D_219_52" file="objects/D_219/D_219_52.stl"/>
        <mesh name="D_219_53" file="objects/D_219/D_219_53.stl"/>
        <mesh name="D_219_54" file="objects/D_219/D_219_54.stl"/>
        <mesh name="D_219_55" file="objects/D_219/D_219_55.stl"/>
        <mesh name="D_219_56" file="objects/D_219/D_219_56.stl"/>
        <mesh name="D_219_57" file="objects/D_219/D_219_57.stl"/>
        <mesh name="D_219_58" file="objects/D_219/D_219_58.stl"/>
        <mesh name="D_219_59" file="objects/D_219/D_219_59.stl"/>
        <mesh name="D_219_60" file="objects/D_219/D_219_60.stl"/>
        <mesh name="D_219_61" file="objects/D_219/D_219_61.stl"/>
        <mesh name="D_219_62" file="objects/D_219/D_219_62.stl"/>
        <mesh name="D_219_63" file="objects/D_219/D_219_63.stl"/>
        <mesh name="D_219_64" file="objects/D_219/D_219_64.stl"/>
        <mesh name="D_219_65" file="objects/D_219/D_219_65.stl"/>
        <mesh name="D_219_66" file="objects/D_219/D_219_66.stl"/>
        <mesh name="D_219_67" file="objects/D_219/D_219_67.stl"/>
        <mesh name="D_219_68" file="objects/D_219/D_219_68.stl"/>
        <mesh name="D_219_69" file="objects/D_219/D_219_69.stl"/>
        <mesh name="D_219_70" file="objects/D_219/D_219_70.stl"/>
        <mesh name="D_219_visual" file="objects/D_219/D_219_full.stl"/>
    </asset>
</mujoco>