<mujoco>
    <asset>
        <mesh name="D_228_1" file="objects/D_228/D_228_1.stl"/>
        <mesh name="D_228_2" file="objects/D_228/D_228_2.stl"/>
        <mesh name="D_228_3" file="objects/D_228/D_228_3.stl"/>
        <mesh name="D_228_4" file="objects/D_228/D_228_4.stl"/>
        <mesh name="D_228_5" file="objects/D_228/D_228_5.stl"/>
        <mesh name="D_228_6" file="objects/D_228/D_228_6.stl"/>
        <mesh name="D_228_7" file="objects/D_228/D_228_7.stl"/>
        <mesh name="D_228_8" file="objects/D_228/D_228_8.stl"/>
        <mesh name="D_228_9" file="objects/D_228/D_228_9.stl"/>
        <mesh name="D_228_10" file="objects/D_228/D_228_10.stl"/>
        <mesh name="D_228_11" file="objects/D_228/D_228_11.stl"/>
        <mesh name="D_228_12" file="objects/D_228/D_228_12.stl"/>
        <mesh name="D_228_13" file="objects/D_228/D_228_13.stl"/>
        <mesh name="D_228_14" file="objects/D_228/D_228_14.stl"/>
        <mesh name="D_228_15" file="objects/D_228/D_228_15.stl"/>
        <mesh name="D_228_16" file="objects/D_228/D_228_16.stl"/>
        <mesh name="D_228_17" file="objects/D_228/D_228_17.stl"/>
        <mesh name="D_228_18" file="objects/D_228/D_228_18.stl"/>
        <mesh name="D_228_19" file="objects/D_228/D_228_19.stl"/>
        <mesh name="D_228_20" file="objects/D_228/D_228_20.stl"/>
        <mesh name="D_228_21" file="objects/D_228/D_228_21.stl"/>
        <mesh name="D_228_22" file="objects/D_228/D_228_22.stl"/>
        <mesh name="D_228_23" file="objects/D_228/D_228_23.stl"/>
        <mesh name="D_228_24" file="objects/D_228/D_228_24.stl"/>
        <mesh name="D_228_25" file="objects/D_228/D_228_25.stl"/>
        <mesh name="D_228_26" file="objects/D_228/D_228_26.stl"/>
        <mesh name="D_228_27" file="objects/D_228/D_228_27.stl"/>
        <mesh name="D_228_28" file="objects/D_228/D_228_28.stl"/>
        <mesh name="D_228_29" file="objects/D_228/D_228_29.stl"/>
        <mesh name="D_228_30" file="objects/D_228/D_228_30.stl"/>
        <mesh name="D_228_31" file="objects/D_228/D_228_31.stl"/>
        <mesh name="D_228_32" file="objects/D_228/D_228_32.stl"/>
        <mesh name="D_228_33" file="objects/D_228/D_228_33.stl"/>
        <mesh name="D_228_34" file="objects/D_228/D_228_34.stl"/>
        <mesh name="D_228_35" file="objects/D_228/D_228_35.stl"/>
        <mesh name="D_228_36" file="objects/D_228/D_228_36.stl"/>
        <mesh name="D_228_37" file="objects/D_228/D_228_37.stl"/>
        <mesh name="D_228_38" file="objects/D_228/D_228_38.stl"/>
        <mesh name="D_228_39" file="objects/D_228/D_228_39.stl"/>
        <mesh name="D_228_40" file="objects/D_228/D_228_40.stl"/>
        <mesh name="D_228_41" file="objects/D_228/D_228_41.stl"/>
        <mesh name="D_228_42" file="objects/D_228/D_228_42.stl"/>
        <mesh name="D_228_43" file="objects/D_228/D_228_43.stl"/>
        <mesh name="D_228_44" file="objects/D_228/D_228_44.stl"/>
        <mesh name="D_228_45" file="objects/D_228/D_228_45.stl"/>
        <mesh name="D_228_46" file="objects/D_228/D_228_46.stl"/>
        <mesh name="D_228_47" file="objects/D_228/D_228_47.stl"/>
        <mesh name="D_228_48" file="objects/D_228/D_228_48.stl"/>
        <mesh name="D_228_visual" file="objects/D_228/D_228_full.stl"/>
    </asset>
</mujoco>