<mujoco>
    <asset>
        <mesh name="D_90_1" file="objects/D_90/D_90_1.stl"/>
        <mesh name="D_90_2" file="objects/D_90/D_90_2.stl"/>
        <mesh name="D_90_3" file="objects/D_90/D_90_3.stl"/>
        <mesh name="D_90_4" file="objects/D_90/D_90_4.stl"/>
        <mesh name="D_90_5" file="objects/D_90/D_90_5.stl"/>
        <mesh name="D_90_6" file="objects/D_90/D_90_6.stl"/>
        <mesh name="D_90_7" file="objects/D_90/D_90_7.stl"/>
        <mesh name="D_90_8" file="objects/D_90/D_90_8.stl"/>
        <mesh name="D_90_9" file="objects/D_90/D_90_9.stl"/>
        <mesh name="D_90_10" file="objects/D_90/D_90_10.stl"/>
        <mesh name="D_90_11" file="objects/D_90/D_90_11.stl"/>
        <mesh name="D_90_12" file="objects/D_90/D_90_12.stl"/>
        <mesh name="D_90_13" file="objects/D_90/D_90_13.stl"/>
        <mesh name="D_90_14" file="objects/D_90/D_90_14.stl"/>
        <mesh name="D_90_15" file="objects/D_90/D_90_15.stl"/>
        <mesh name="D_90_16" file="objects/D_90/D_90_16.stl"/>
        <mesh name="D_90_17" file="objects/D_90/D_90_17.stl"/>
        <mesh name="D_90_18" file="objects/D_90/D_90_18.stl"/>
        <mesh name="D_90_19" file="objects/D_90/D_90_19.stl"/>
        <mesh name="D_90_20" file="objects/D_90/D_90_20.stl"/>
        <mesh name="D_90_21" file="objects/D_90/D_90_21.stl"/>
        <mesh name="D_90_22" file="objects/D_90/D_90_22.stl"/>
        <mesh name="D_90_23" file="objects/D_90/D_90_23.stl"/>
        <mesh name="D_90_24" file="objects/D_90/D_90_24.stl"/>
        <mesh name="D_90_25" file="objects/D_90/D_90_25.stl"/>
        <mesh name="D_90_26" file="objects/D_90/D_90_26.stl"/>
        <mesh name="D_90_27" file="objects/D_90/D_90_27.stl"/>
        <mesh name="D_90_28" file="objects/D_90/D_90_28.stl"/>
        <mesh name="D_90_29" file="objects/D_90/D_90_29.stl"/>
        <mesh name="D_90_30" file="objects/D_90/D_90_30.stl"/>
        <mesh name="D_90_31" file="objects/D_90/D_90_31.stl"/>
        <mesh name="D_90_32" file="objects/D_90/D_90_32.stl"/>
        <mesh name="D_90_33" file="objects/D_90/D_90_33.stl"/>
        <mesh name="D_90_34" file="objects/D_90/D_90_34.stl"/>
        <mesh name="D_90_35" file="objects/D_90/D_90_35.stl"/>
        <mesh name="D_90_36" file="objects/D_90/D_90_36.stl"/>
        <mesh name="D_90_37" file="objects/D_90/D_90_37.stl"/>
        <mesh name="D_90_38" file="objects/D_90/D_90_38.stl"/>
        <mesh name="D_90_visual" file="objects/D_90/D_90_full.stl"/>
    </asset>
</mujoco>