<mujoco>
    <asset>
        <mesh name="D_101_1" file="objects/D_101/D_101_1.stl"/>
        <mesh name="D_101_2" file="objects/D_101/D_101_2.stl"/>
        <mesh name="D_101_3" file="objects/D_101/D_101_3.stl"/>
        <mesh name="D_101_4" file="objects/D_101/D_101_4.stl"/>
        <mesh name="D_101_5" file="objects/D_101/D_101_5.stl"/>
        <mesh name="D_101_6" file="objects/D_101/D_101_6.stl"/>
        <mesh name="D_101_7" file="objects/D_101/D_101_7.stl"/>
        <mesh name="D_101_8" file="objects/D_101/D_101_8.stl"/>
        <mesh name="D_101_9" file="objects/D_101/D_101_9.stl"/>
        <mesh name="D_101_visual" file="objects/D_101/D_101_full.stl"/>
    </asset>
</mujoco>