<mujoco>
    <asset>
        <mesh name="D_24_1" file="objects/D_24/D_24_1.stl"/>
        <mesh name="D_24_2" file="objects/D_24/D_24_2.stl"/>
        <mesh name="D_24_3" file="objects/D_24/D_24_3.stl"/>
        <mesh name="D_24_4" file="objects/D_24/D_24_4.stl"/>
        <mesh name="D_24_5" file="objects/D_24/D_24_5.stl"/>
        <mesh name="D_24_6" file="objects/D_24/D_24_6.stl"/>
        <mesh name="D_24_7" file="objects/D_24/D_24_7.stl"/>
        <mesh name="D_24_8" file="objects/D_24/D_24_8.stl"/>
        <mesh name="D_24_9" file="objects/D_24/D_24_9.stl"/>
        <mesh name="D_24_10" file="objects/D_24/D_24_10.stl"/>
        <mesh name="D_24_11" file="objects/D_24/D_24_11.stl"/>
        <mesh name="D_24_12" file="objects/D_24/D_24_12.stl"/>
        <mesh name="D_24_13" file="objects/D_24/D_24_13.stl"/>
        <mesh name="D_24_14" file="objects/D_24/D_24_14.stl"/>
        <mesh name="D_24_15" file="objects/D_24/D_24_15.stl"/>
        <mesh name="D_24_16" file="objects/D_24/D_24_16.stl"/>
        <mesh name="D_24_17" file="objects/D_24/D_24_17.stl"/>
        <mesh name="D_24_18" file="objects/D_24/D_24_18.stl"/>
        <mesh name="D_24_19" file="objects/D_24/D_24_19.stl"/>
        <mesh name="D_24_20" file="objects/D_24/D_24_20.stl"/>
        <mesh name="D_24_21" file="objects/D_24/D_24_21.stl"/>
        <mesh name="D_24_22" file="objects/D_24/D_24_22.stl"/>
        <mesh name="D_24_23" file="objects/D_24/D_24_23.stl"/>
        <mesh name="D_24_24" file="objects/D_24/D_24_24.stl"/>
        <mesh name="D_24_25" file="objects/D_24/D_24_25.stl"/>
        <mesh name="D_24_26" file="objects/D_24/D_24_26.stl"/>
        <mesh name="D_24_27" file="objects/D_24/D_24_27.stl"/>
        <mesh name="D_24_28" file="objects/D_24/D_24_28.stl"/>
        <mesh name="D_24_29" file="objects/D_24/D_24_29.stl"/>
        <mesh name="D_24_30" file="objects/D_24/D_24_30.stl"/>
        <mesh name="D_24_31" file="objects/D_24/D_24_31.stl"/>
        <mesh name="D_24_32" file="objects/D_24/D_24_32.stl"/>
        <mesh name="D_24_33" file="objects/D_24/D_24_33.stl"/>
        <mesh name="D_24_34" file="objects/D_24/D_24_34.stl"/>
        <mesh name="D_24_35" file="objects/D_24/D_24_35.stl"/>
        <mesh name="D_24_36" file="objects/D_24/D_24_36.stl"/>
        <mesh name="D_24_37" file="objects/D_24/D_24_37.stl"/>
        <mesh name="D_24_38" file="objects/D_24/D_24_38.stl"/>
        <mesh name="D_24_39" file="objects/D_24/D_24_39.stl"/>
        <mesh name="D_24_40" file="objects/D_24/D_24_40.stl"/>
        <mesh name="D_24_41" file="objects/D_24/D_24_41.stl"/>
        <mesh name="D_24_42" file="objects/D_24/D_24_42.stl"/>
        <mesh name="D_24_43" file="objects/D_24/D_24_43.stl"/>
        <mesh name="D_24_44" file="objects/D_24/D_24_44.stl"/>
        <mesh name="D_24_45" file="objects/D_24/D_24_45.stl"/>
        <mesh name="D_24_46" file="objects/D_24/D_24_46.stl"/>
        <mesh name="D_24_47" file="objects/D_24/D_24_47.stl"/>
        <mesh name="D_24_48" file="objects/D_24/D_24_48.stl"/>
        <mesh name="D_24_49" file="objects/D_24/D_24_49.stl"/>
        <mesh name="D_24_50" file="objects/D_24/D_24_50.stl"/>
        <mesh name="D_24_51" file="objects/D_24/D_24_51.stl"/>
        <mesh name="D_24_52" file="objects/D_24/D_24_52.stl"/>
        <mesh name="D_24_53" file="objects/D_24/D_24_53.stl"/>
        <mesh name="D_24_54" file="objects/D_24/D_24_54.stl"/>
        <mesh name="D_24_55" file="objects/D_24/D_24_55.stl"/>
        <mesh name="D_24_56" file="objects/D_24/D_24_56.stl"/>
        <mesh name="D_24_57" file="objects/D_24/D_24_57.stl"/>
        <mesh name="D_24_58" file="objects/D_24/D_24_58.stl"/>
        <mesh name="D_24_59" file="objects/D_24/D_24_59.stl"/>
        <mesh name="D_24_60" file="objects/D_24/D_24_60.stl"/>
        <mesh name="D_24_61" file="objects/D_24/D_24_61.stl"/>
        <mesh name="D_24_62" file="objects/D_24/D_24_62.stl"/>
        <mesh name="D_24_63" file="objects/D_24/D_24_63.stl"/>
        <mesh name="D_24_visual" file="objects/D_24/D_24_full.stl"/>
    </asset>
</mujoco>