<mujoco>
    <asset>
        <mesh name="D_170_1" file="objects/D_170/D_170_1.stl"/>
        <mesh name="D_170_2" file="objects/D_170/D_170_2.stl"/>
        <mesh name="D_170_3" file="objects/D_170/D_170_3.stl"/>
        <mesh name="D_170_4" file="objects/D_170/D_170_4.stl"/>
        <mesh name="D_170_5" file="objects/D_170/D_170_5.stl"/>
        <mesh name="D_170_6" file="objects/D_170/D_170_6.stl"/>
        <mesh name="D_170_7" file="objects/D_170/D_170_7.stl"/>
        <mesh name="D_170_8" file="objects/D_170/D_170_8.stl"/>
        <mesh name="D_170_9" file="objects/D_170/D_170_9.stl"/>
        <mesh name="D_170_10" file="objects/D_170/D_170_10.stl"/>
        <mesh name="D_170_11" file="objects/D_170/D_170_11.stl"/>
        <mesh name="D_170_12" file="objects/D_170/D_170_12.stl"/>
        <mesh name="D_170_13" file="objects/D_170/D_170_13.stl"/>
        <mesh name="D_170_14" file="objects/D_170/D_170_14.stl"/>
        <mesh name="D_170_15" file="objects/D_170/D_170_15.stl"/>
        <mesh name="D_170_16" file="objects/D_170/D_170_16.stl"/>
        <mesh name="D_170_17" file="objects/D_170/D_170_17.stl"/>
        <mesh name="D_170_18" file="objects/D_170/D_170_18.stl"/>
        <mesh name="D_170_19" file="objects/D_170/D_170_19.stl"/>
        <mesh name="D_170_20" file="objects/D_170/D_170_20.stl"/>
        <mesh name="D_170_21" file="objects/D_170/D_170_21.stl"/>
        <mesh name="D_170_22" file="objects/D_170/D_170_22.stl"/>
        <mesh name="D_170_23" file="objects/D_170/D_170_23.stl"/>
        <mesh name="D_170_24" file="objects/D_170/D_170_24.stl"/>
        <mesh name="D_170_25" file="objects/D_170/D_170_25.stl"/>
        <mesh name="D_170_26" file="objects/D_170/D_170_26.stl"/>
        <mesh name="D_170_27" file="objects/D_170/D_170_27.stl"/>
        <mesh name="D_170_28" file="objects/D_170/D_170_28.stl"/>
        <mesh name="D_170_29" file="objects/D_170/D_170_29.stl"/>
        <mesh name="D_170_30" file="objects/D_170/D_170_30.stl"/>
        <mesh name="D_170_31" file="objects/D_170/D_170_31.stl"/>
        <mesh name="D_170_32" file="objects/D_170/D_170_32.stl"/>
        <mesh name="D_170_33" file="objects/D_170/D_170_33.stl"/>
        <mesh name="D_170_34" file="objects/D_170/D_170_34.stl"/>
        <mesh name="D_170_35" file="objects/D_170/D_170_35.stl"/>
        <mesh name="D_170_36" file="objects/D_170/D_170_36.stl"/>
        <mesh name="D_170_37" file="objects/D_170/D_170_37.stl"/>
        <mesh name="D_170_38" file="objects/D_170/D_170_38.stl"/>
        <mesh name="D_170_39" file="objects/D_170/D_170_39.stl"/>
        <mesh name="D_170_40" file="objects/D_170/D_170_40.stl"/>
        <mesh name="D_170_41" file="objects/D_170/D_170_41.stl"/>
        <mesh name="D_170_42" file="objects/D_170/D_170_42.stl"/>
        <mesh name="D_170_43" file="objects/D_170/D_170_43.stl"/>
        <mesh name="D_170_44" file="objects/D_170/D_170_44.stl"/>
        <mesh name="D_170_45" file="objects/D_170/D_170_45.stl"/>
        <mesh name="D_170_46" file="objects/D_170/D_170_46.stl"/>
        <mesh name="D_170_47" file="objects/D_170/D_170_47.stl"/>
        <mesh name="D_170_48" file="objects/D_170/D_170_48.stl"/>
        <mesh name="D_170_49" file="objects/D_170/D_170_49.stl"/>
        <mesh name="D_170_50" file="objects/D_170/D_170_50.stl"/>
        <mesh name="D_170_51" file="objects/D_170/D_170_51.stl"/>
        <mesh name="D_170_52" file="objects/D_170/D_170_52.stl"/>
        <mesh name="D_170_53" file="objects/D_170/D_170_53.stl"/>
        <mesh name="D_170_54" file="objects/D_170/D_170_54.stl"/>
        <mesh name="D_170_55" file="objects/D_170/D_170_55.stl"/>
        <mesh name="D_170_56" file="objects/D_170/D_170_56.stl"/>
        <mesh name="D_170_57" file="objects/D_170/D_170_57.stl"/>
        <mesh name="D_170_58" file="objects/D_170/D_170_58.stl"/>
        <mesh name="D_170_59" file="objects/D_170/D_170_59.stl"/>
        <mesh name="D_170_60" file="objects/D_170/D_170_60.stl"/>
        <mesh name="D_170_61" file="objects/D_170/D_170_61.stl"/>
        <mesh name="D_170_62" file="objects/D_170/D_170_62.stl"/>
        <mesh name="D_170_63" file="objects/D_170/D_170_63.stl"/>
        <mesh name="D_170_64" file="objects/D_170/D_170_64.stl"/>
        <mesh name="D_170_65" file="objects/D_170/D_170_65.stl"/>
        <mesh name="D_170_66" file="objects/D_170/D_170_66.stl"/>
        <mesh name="D_170_67" file="objects/D_170/D_170_67.stl"/>
        <mesh name="D_170_68" file="objects/D_170/D_170_68.stl"/>
        <mesh name="D_170_69" file="objects/D_170/D_170_69.stl"/>
        <mesh name="D_170_70" file="objects/D_170/D_170_70.stl"/>
        <mesh name="D_170_71" file="objects/D_170/D_170_71.stl"/>
        <mesh name="D_170_72" file="objects/D_170/D_170_72.stl"/>
        <mesh name="D_170_73" file="objects/D_170/D_170_73.stl"/>
        <mesh name="D_170_74" file="objects/D_170/D_170_74.stl"/>
        <mesh name="D_170_75" file="objects/D_170/D_170_75.stl"/>
        <mesh name="D_170_76" file="objects/D_170/D_170_76.stl"/>
        <mesh name="D_170_77" file="objects/D_170/D_170_77.stl"/>
        <mesh name="D_170_78" file="objects/D_170/D_170_78.stl"/>
        <mesh name="D_170_79" file="objects/D_170/D_170_79.stl"/>
        <mesh name="D_170_80" file="objects/D_170/D_170_80.stl"/>
        <mesh name="D_170_81" file="objects/D_170/D_170_81.stl"/>
        <mesh name="D_170_82" file="objects/D_170/D_170_82.stl"/>
        <mesh name="D_170_83" file="objects/D_170/D_170_83.stl"/>
        <mesh name="D_170_84" file="objects/D_170/D_170_84.stl"/>
        <mesh name="D_170_85" file="objects/D_170/D_170_85.stl"/>
        <mesh name="D_170_86" file="objects/D_170/D_170_86.stl"/>
        <mesh name="D_170_87" file="objects/D_170/D_170_87.stl"/>
        <mesh name="D_170_88" file="objects/D_170/D_170_88.stl"/>
        <mesh name="D_170_89" file="objects/D_170/D_170_89.stl"/>
        <mesh name="D_170_90" file="objects/D_170/D_170_90.stl"/>
        <mesh name="D_170_91" file="objects/D_170/D_170_91.stl"/>
        <mesh name="D_170_92" file="objects/D_170/D_170_92.stl"/>
        <mesh name="D_170_93" file="objects/D_170/D_170_93.stl"/>
        <mesh name="D_170_94" file="objects/D_170/D_170_94.stl"/>
        <mesh name="D_170_95" file="objects/D_170/D_170_95.stl"/>
        <mesh name="D_170_96" file="objects/D_170/D_170_96.stl"/>
        <mesh name="D_170_97" file="objects/D_170/D_170_97.stl"/>
        <mesh name="D_170_98" file="objects/D_170/D_170_98.stl"/>
        <mesh name="D_170_visual" file="objects/D_170/D_170_full.stl"/>
    </asset>
</mujoco>