<mujoco>
    <asset>
        <mesh name="D_137_1" file="objects/D_137/D_137_1.stl"/>
        <mesh name="D_137_2" file="objects/D_137/D_137_2.stl"/>
        <mesh name="D_137_3" file="objects/D_137/D_137_3.stl"/>
        <mesh name="D_137_4" file="objects/D_137/D_137_4.stl"/>
        <mesh name="D_137_5" file="objects/D_137/D_137_5.stl"/>
        <mesh name="D_137_6" file="objects/D_137/D_137_6.stl"/>
        <mesh name="D_137_7" file="objects/D_137/D_137_7.stl"/>
        <mesh name="D_137_8" file="objects/D_137/D_137_8.stl"/>
        <mesh name="D_137_9" file="objects/D_137/D_137_9.stl"/>
        <mesh name="D_137_10" file="objects/D_137/D_137_10.stl"/>
        <mesh name="D_137_11" file="objects/D_137/D_137_11.stl"/>
        <mesh name="D_137_12" file="objects/D_137/D_137_12.stl"/>
        <mesh name="D_137_13" file="objects/D_137/D_137_13.stl"/>
        <mesh name="D_137_14" file="objects/D_137/D_137_14.stl"/>
        <mesh name="D_137_15" file="objects/D_137/D_137_15.stl"/>
        <mesh name="D_137_16" file="objects/D_137/D_137_16.stl"/>
        <mesh name="D_137_17" file="objects/D_137/D_137_17.stl"/>
        <mesh name="D_137_18" file="objects/D_137/D_137_18.stl"/>
        <mesh name="D_137_19" file="objects/D_137/D_137_19.stl"/>
        <mesh name="D_137_20" file="objects/D_137/D_137_20.stl"/>
        <mesh name="D_137_21" file="objects/D_137/D_137_21.stl"/>
        <mesh name="D_137_22" file="objects/D_137/D_137_22.stl"/>
        <mesh name="D_137_23" file="objects/D_137/D_137_23.stl"/>
        <mesh name="D_137_24" file="objects/D_137/D_137_24.stl"/>
        <mesh name="D_137_25" file="objects/D_137/D_137_25.stl"/>
        <mesh name="D_137_26" file="objects/D_137/D_137_26.stl"/>
        <mesh name="D_137_27" file="objects/D_137/D_137_27.stl"/>
        <mesh name="D_137_28" file="objects/D_137/D_137_28.stl"/>
        <mesh name="D_137_29" file="objects/D_137/D_137_29.stl"/>
        <mesh name="D_137_30" file="objects/D_137/D_137_30.stl"/>
        <mesh name="D_137_31" file="objects/D_137/D_137_31.stl"/>
        <mesh name="D_137_32" file="objects/D_137/D_137_32.stl"/>
        <mesh name="D_137_visual" file="objects/D_137/D_137_full.stl"/>
    </asset>
</mujoco>