<mujoco>
    <asset>
        <mesh name="D_35_1" file="objects/D_35/D_35_1.stl"/>
        <mesh name="D_35_2" file="objects/D_35/D_35_2.stl"/>
        <mesh name="D_35_3" file="objects/D_35/D_35_3.stl"/>
        <mesh name="D_35_4" file="objects/D_35/D_35_4.stl"/>
        <mesh name="D_35_5" file="objects/D_35/D_35_5.stl"/>
        <mesh name="D_35_6" file="objects/D_35/D_35_6.stl"/>
        <mesh name="D_35_7" file="objects/D_35/D_35_7.stl"/>
        <mesh name="D_35_8" file="objects/D_35/D_35_8.stl"/>
        <mesh name="D_35_9" file="objects/D_35/D_35_9.stl"/>
        <mesh name="D_35_10" file="objects/D_35/D_35_10.stl"/>
        <mesh name="D_35_11" file="objects/D_35/D_35_11.stl"/>
        <mesh name="D_35_12" file="objects/D_35/D_35_12.stl"/>
        <mesh name="D_35_13" file="objects/D_35/D_35_13.stl"/>
        <mesh name="D_35_14" file="objects/D_35/D_35_14.stl"/>
        <mesh name="D_35_15" file="objects/D_35/D_35_15.stl"/>
        <mesh name="D_35_16" file="objects/D_35/D_35_16.stl"/>
        <mesh name="D_35_17" file="objects/D_35/D_35_17.stl"/>
        <mesh name="D_35_18" file="objects/D_35/D_35_18.stl"/>
        <mesh name="D_35_19" file="objects/D_35/D_35_19.stl"/>
        <mesh name="D_35_20" file="objects/D_35/D_35_20.stl"/>
        <mesh name="D_35_21" file="objects/D_35/D_35_21.stl"/>
        <mesh name="D_35_22" file="objects/D_35/D_35_22.stl"/>
        <mesh name="D_35_23" file="objects/D_35/D_35_23.stl"/>
        <mesh name="D_35_24" file="objects/D_35/D_35_24.stl"/>
        <mesh name="D_35_25" file="objects/D_35/D_35_25.stl"/>
        <mesh name="D_35_26" file="objects/D_35/D_35_26.stl"/>
        <mesh name="D_35_27" file="objects/D_35/D_35_27.stl"/>
        <mesh name="D_35_28" file="objects/D_35/D_35_28.stl"/>
        <mesh name="D_35_29" file="objects/D_35/D_35_29.stl"/>
        <mesh name="D_35_visual" file="objects/D_35/D_35_full.stl"/>
    </asset>
</mujoco>