<mujoco>
    <asset>
        <mesh name="D_33_1" file="objects/D_33/D_33_1.stl"/>
        <mesh name="D_33_2" file="objects/D_33/D_33_2.stl"/>
        <mesh name="D_33_3" file="objects/D_33/D_33_3.stl"/>
        <mesh name="D_33_4" file="objects/D_33/D_33_4.stl"/>
        <mesh name="D_33_5" file="objects/D_33/D_33_5.stl"/>
        <mesh name="D_33_6" file="objects/D_33/D_33_6.stl"/>
        <mesh name="D_33_7" file="objects/D_33/D_33_7.stl"/>
        <mesh name="D_33_8" file="objects/D_33/D_33_8.stl"/>
        <mesh name="D_33_9" file="objects/D_33/D_33_9.stl"/>
        <mesh name="D_33_10" file="objects/D_33/D_33_10.stl"/>
        <mesh name="D_33_11" file="objects/D_33/D_33_11.stl"/>
        <mesh name="D_33_12" file="objects/D_33/D_33_12.stl"/>
        <mesh name="D_33_13" file="objects/D_33/D_33_13.stl"/>
        <mesh name="D_33_14" file="objects/D_33/D_33_14.stl"/>
        <mesh name="D_33_15" file="objects/D_33/D_33_15.stl"/>
        <mesh name="D_33_16" file="objects/D_33/D_33_16.stl"/>
        <mesh name="D_33_17" file="objects/D_33/D_33_17.stl"/>
        <mesh name="D_33_18" file="objects/D_33/D_33_18.stl"/>
        <mesh name="D_33_19" file="objects/D_33/D_33_19.stl"/>
        <mesh name="D_33_20" file="objects/D_33/D_33_20.stl"/>
        <mesh name="D_33_21" file="objects/D_33/D_33_21.stl"/>
        <mesh name="D_33_22" file="objects/D_33/D_33_22.stl"/>
        <mesh name="D_33_23" file="objects/D_33/D_33_23.stl"/>
        <mesh name="D_33_24" file="objects/D_33/D_33_24.stl"/>
        <mesh name="D_33_25" file="objects/D_33/D_33_25.stl"/>
        <mesh name="D_33_26" file="objects/D_33/D_33_26.stl"/>
        <mesh name="D_33_27" file="objects/D_33/D_33_27.stl"/>
        <mesh name="D_33_28" file="objects/D_33/D_33_28.stl"/>
        <mesh name="D_33_29" file="objects/D_33/D_33_29.stl"/>
        <mesh name="D_33_30" file="objects/D_33/D_33_30.stl"/>
        <mesh name="D_33_31" file="objects/D_33/D_33_31.stl"/>
        <mesh name="D_33_32" file="objects/D_33/D_33_32.stl"/>
        <mesh name="D_33_33" file="objects/D_33/D_33_33.stl"/>
        <mesh name="D_33_34" file="objects/D_33/D_33_34.stl"/>
        <mesh name="D_33_35" file="objects/D_33/D_33_35.stl"/>
        <mesh name="D_33_36" file="objects/D_33/D_33_36.stl"/>
        <mesh name="D_33_37" file="objects/D_33/D_33_37.stl"/>
        <mesh name="D_33_38" file="objects/D_33/D_33_38.stl"/>
        <mesh name="D_33_39" file="objects/D_33/D_33_39.stl"/>
        <mesh name="D_33_40" file="objects/D_33/D_33_40.stl"/>
        <mesh name="D_33_41" file="objects/D_33/D_33_41.stl"/>
        <mesh name="D_33_42" file="objects/D_33/D_33_42.stl"/>
        <mesh name="D_33_43" file="objects/D_33/D_33_43.stl"/>
        <mesh name="D_33_44" file="objects/D_33/D_33_44.stl"/>
        <mesh name="D_33_45" file="objects/D_33/D_33_45.stl"/>
        <mesh name="D_33_46" file="objects/D_33/D_33_46.stl"/>
        <mesh name="D_33_47" file="objects/D_33/D_33_47.stl"/>
        <mesh name="D_33_48" file="objects/D_33/D_33_48.stl"/>
        <mesh name="D_33_49" file="objects/D_33/D_33_49.stl"/>
        <mesh name="D_33_50" file="objects/D_33/D_33_50.stl"/>
        <mesh name="D_33_51" file="objects/D_33/D_33_51.stl"/>
        <mesh name="D_33_52" file="objects/D_33/D_33_52.stl"/>
        <mesh name="D_33_53" file="objects/D_33/D_33_53.stl"/>
        <mesh name="D_33_54" file="objects/D_33/D_33_54.stl"/>
        <mesh name="D_33_55" file="objects/D_33/D_33_55.stl"/>
        <mesh name="D_33_56" file="objects/D_33/D_33_56.stl"/>
        <mesh name="D_33_57" file="objects/D_33/D_33_57.stl"/>
        <mesh name="D_33_58" file="objects/D_33/D_33_58.stl"/>
        <mesh name="D_33_59" file="objects/D_33/D_33_59.stl"/>
        <mesh name="D_33_60" file="objects/D_33/D_33_60.stl"/>
        <mesh name="D_33_visual" file="objects/D_33/D_33_full.stl"/>
    </asset>
</mujoco>