<mujoco>
    <asset>
        <mesh name="D_194_1" file="objects/D_194/D_194_1.stl"/>
        <mesh name="D_194_2" file="objects/D_194/D_194_2.stl"/>
        <mesh name="D_194_3" file="objects/D_194/D_194_3.stl"/>
        <mesh name="D_194_4" file="objects/D_194/D_194_4.stl"/>
        <mesh name="D_194_5" file="objects/D_194/D_194_5.stl"/>
        <mesh name="D_194_6" file="objects/D_194/D_194_6.stl"/>
        <mesh name="D_194_7" file="objects/D_194/D_194_7.stl"/>
        <mesh name="D_194_8" file="objects/D_194/D_194_8.stl"/>
        <mesh name="D_194_9" file="objects/D_194/D_194_9.stl"/>
        <mesh name="D_194_10" file="objects/D_194/D_194_10.stl"/>
        <mesh name="D_194_11" file="objects/D_194/D_194_11.stl"/>
        <mesh name="D_194_12" file="objects/D_194/D_194_12.stl"/>
        <mesh name="D_194_13" file="objects/D_194/D_194_13.stl"/>
        <mesh name="D_194_14" file="objects/D_194/D_194_14.stl"/>
        <mesh name="D_194_15" file="objects/D_194/D_194_15.stl"/>
        <mesh name="D_194_16" file="objects/D_194/D_194_16.stl"/>
        <mesh name="D_194_17" file="objects/D_194/D_194_17.stl"/>
        <mesh name="D_194_18" file="objects/D_194/D_194_18.stl"/>
        <mesh name="D_194_19" file="objects/D_194/D_194_19.stl"/>
        <mesh name="D_194_20" file="objects/D_194/D_194_20.stl"/>
        <mesh name="D_194_21" file="objects/D_194/D_194_21.stl"/>
        <mesh name="D_194_22" file="objects/D_194/D_194_22.stl"/>
        <mesh name="D_194_23" file="objects/D_194/D_194_23.stl"/>
        <mesh name="D_194_24" file="objects/D_194/D_194_24.stl"/>
        <mesh name="D_194_25" file="objects/D_194/D_194_25.stl"/>
        <mesh name="D_194_26" file="objects/D_194/D_194_26.stl"/>
        <mesh name="D_194_27" file="objects/D_194/D_194_27.stl"/>
        <mesh name="D_194_28" file="objects/D_194/D_194_28.stl"/>
        <mesh name="D_194_29" file="objects/D_194/D_194_29.stl"/>
        <mesh name="D_194_30" file="objects/D_194/D_194_30.stl"/>
        <mesh name="D_194_31" file="objects/D_194/D_194_31.stl"/>
        <mesh name="D_194_32" file="objects/D_194/D_194_32.stl"/>
        <mesh name="D_194_33" file="objects/D_194/D_194_33.stl"/>
        <mesh name="D_194_34" file="objects/D_194/D_194_34.stl"/>
        <mesh name="D_194_35" file="objects/D_194/D_194_35.stl"/>
        <mesh name="D_194_36" file="objects/D_194/D_194_36.stl"/>
        <mesh name="D_194_37" file="objects/D_194/D_194_37.stl"/>
        <mesh name="D_194_38" file="objects/D_194/D_194_38.stl"/>
        <mesh name="D_194_39" file="objects/D_194/D_194_39.stl"/>
        <mesh name="D_194_40" file="objects/D_194/D_194_40.stl"/>
        <mesh name="D_194_41" file="objects/D_194/D_194_41.stl"/>
        <mesh name="D_194_42" file="objects/D_194/D_194_42.stl"/>
        <mesh name="D_194_43" file="objects/D_194/D_194_43.stl"/>
        <mesh name="D_194_44" file="objects/D_194/D_194_44.stl"/>
        <mesh name="D_194_45" file="objects/D_194/D_194_45.stl"/>
        <mesh name="D_194_46" file="objects/D_194/D_194_46.stl"/>
        <mesh name="D_194_47" file="objects/D_194/D_194_47.stl"/>
        <mesh name="D_194_48" file="objects/D_194/D_194_48.stl"/>
        <mesh name="D_194_49" file="objects/D_194/D_194_49.stl"/>
        <mesh name="D_194_50" file="objects/D_194/D_194_50.stl"/>
        <mesh name="D_194_51" file="objects/D_194/D_194_51.stl"/>
        <mesh name="D_194_52" file="objects/D_194/D_194_52.stl"/>
        <mesh name="D_194_53" file="objects/D_194/D_194_53.stl"/>
        <mesh name="D_194_54" file="objects/D_194/D_194_54.stl"/>
        <mesh name="D_194_55" file="objects/D_194/D_194_55.stl"/>
        <mesh name="D_194_56" file="objects/D_194/D_194_56.stl"/>
        <mesh name="D_194_57" file="objects/D_194/D_194_57.stl"/>
        <mesh name="D_194_58" file="objects/D_194/D_194_58.stl"/>
        <mesh name="D_194_59" file="objects/D_194/D_194_59.stl"/>
        <mesh name="D_194_60" file="objects/D_194/D_194_60.stl"/>
        <mesh name="D_194_61" file="objects/D_194/D_194_61.stl"/>
        <mesh name="D_194_visual" file="objects/D_194/D_194_full.stl"/>
    </asset>
</mujoco>