<mujoco>
    <asset>
        <mesh name="D_139_1" file="objects/D_139/D_139_1.stl"/>
        <mesh name="D_139_2" file="objects/D_139/D_139_2.stl"/>
        <mesh name="D_139_3" file="objects/D_139/D_139_3.stl"/>
        <mesh name="D_139_4" file="objects/D_139/D_139_4.stl"/>
        <mesh name="D_139_5" file="objects/D_139/D_139_5.stl"/>
        <mesh name="D_139_6" file="objects/D_139/D_139_6.stl"/>
        <mesh name="D_139_7" file="objects/D_139/D_139_7.stl"/>
        <mesh name="D_139_8" file="objects/D_139/D_139_8.stl"/>
        <mesh name="D_139_9" file="objects/D_139/D_139_9.stl"/>
        <mesh name="D_139_10" file="objects/D_139/D_139_10.stl"/>
        <mesh name="D_139_11" file="objects/D_139/D_139_11.stl"/>
        <mesh name="D_139_12" file="objects/D_139/D_139_12.stl"/>
        <mesh name="D_139_13" file="objects/D_139/D_139_13.stl"/>
        <mesh name="D_139_14" file="objects/D_139/D_139_14.stl"/>
        <mesh name="D_139_15" file="objects/D_139/D_139_15.stl"/>
        <mesh name="D_139_16" file="objects/D_139/D_139_16.stl"/>
        <mesh name="D_139_17" file="objects/D_139/D_139_17.stl"/>
        <mesh name="D_139_18" file="objects/D_139/D_139_18.stl"/>
        <mesh name="D_139_19" file="objects/D_139/D_139_19.stl"/>
        <mesh name="D_139_20" file="objects/D_139/D_139_20.stl"/>
        <mesh name="D_139_21" file="objects/D_139/D_139_21.stl"/>
        <mesh name="D_139_22" file="objects/D_139/D_139_22.stl"/>
        <mesh name="D_139_23" file="objects/D_139/D_139_23.stl"/>
        <mesh name="D_139_24" file="objects/D_139/D_139_24.stl"/>
        <mesh name="D_139_25" file="objects/D_139/D_139_25.stl"/>
        <mesh name="D_139_26" file="objects/D_139/D_139_26.stl"/>
        <mesh name="D_139_27" file="objects/D_139/D_139_27.stl"/>
        <mesh name="D_139_28" file="objects/D_139/D_139_28.stl"/>
        <mesh name="D_139_29" file="objects/D_139/D_139_29.stl"/>
        <mesh name="D_139_30" file="objects/D_139/D_139_30.stl"/>
        <mesh name="D_139_31" file="objects/D_139/D_139_31.stl"/>
        <mesh name="D_139_32" file="objects/D_139/D_139_32.stl"/>
        <mesh name="D_139_33" file="objects/D_139/D_139_33.stl"/>
        <mesh name="D_139_34" file="objects/D_139/D_139_34.stl"/>
        <mesh name="D_139_35" file="objects/D_139/D_139_35.stl"/>
        <mesh name="D_139_36" file="objects/D_139/D_139_36.stl"/>
        <mesh name="D_139_37" file="objects/D_139/D_139_37.stl"/>
        <mesh name="D_139_38" file="objects/D_139/D_139_38.stl"/>
        <mesh name="D_139_39" file="objects/D_139/D_139_39.stl"/>
        <mesh name="D_139_40" file="objects/D_139/D_139_40.stl"/>
        <mesh name="D_139_41" file="objects/D_139/D_139_41.stl"/>
        <mesh name="D_139_42" file="objects/D_139/D_139_42.stl"/>
        <mesh name="D_139_43" file="objects/D_139/D_139_43.stl"/>
        <mesh name="D_139_44" file="objects/D_139/D_139_44.stl"/>
        <mesh name="D_139_45" file="objects/D_139/D_139_45.stl"/>
        <mesh name="D_139_46" file="objects/D_139/D_139_46.stl"/>
        <mesh name="D_139_47" file="objects/D_139/D_139_47.stl"/>
        <mesh name="D_139_48" file="objects/D_139/D_139_48.stl"/>
        <mesh name="D_139_49" file="objects/D_139/D_139_49.stl"/>
        <mesh name="D_139_50" file="objects/D_139/D_139_50.stl"/>
        <mesh name="D_139_51" file="objects/D_139/D_139_51.stl"/>
        <mesh name="D_139_52" file="objects/D_139/D_139_52.stl"/>
        <mesh name="D_139_53" file="objects/D_139/D_139_53.stl"/>
        <mesh name="D_139_54" file="objects/D_139/D_139_54.stl"/>
        <mesh name="D_139_55" file="objects/D_139/D_139_55.stl"/>
        <mesh name="D_139_56" file="objects/D_139/D_139_56.stl"/>
        <mesh name="D_139_visual" file="objects/D_139/D_139_full.stl"/>
    </asset>
</mujoco>