<mujoco>
    <worldbody>
        <body name="object" pos="0 0 0" euler="">
            <geom type="mesh" group="1" mesh="D_139_1" condim="6" mass="0.000001" friction="" solimp="0.99 0.999 0.001" margin="0.0005" solref="0.008 1.0"/>
            <geom type="mesh" group="1" mesh="D_139_2" condim="6" mass="0.000001" friction="" solimp="0.99 0.999 0.001" margin="0.0005" solref="0.008 1.0"/>
            <geom type="mesh" group="1" mesh="D_139_3" condim="6" mass="0.000001" friction="" solimp="0.99 0.999 0.001" margin="0.0005" solref="0.008 1.0"/>
            <geom type="mesh" group="1" mesh="D_139_4" condim="6" mass="0.000001" friction="" solimp="0.99 0.999 0.001" margin="0.0005" solref="0.008 1.0"/>
            <geom type="mesh" group="1" mesh="D_139_5" condim="6" mass="0.000001" friction="" solimp="0.99 0.999 0.001" margin="0.0005" solref="0.008 1.0"/>
            <geom type="mesh" group="1" mesh="D_139_6" condim="6" mass="0.000001" friction="" solimp="0.99 0.999 0.001" margin="0.0005" solref="0.008 1.0"/>
            <geom type="mesh" group="1" mesh="D_139_7" condim="6" mass="0.000001" friction="" solimp="0.99 0.999 0.001" margin="0.0005" solref="0.008 1.0"/>
            <geom type="mesh" group="1" mesh="D_139_8" condim="6" mass="0.000001" friction="" solimp="0.99 0.999 0.001" margin="0.0005" solref="0.008 1.0"/>
            <geom type="mesh" group="1" mesh="D_139_9" condim="6" mass="0.000001" friction="" solimp="0.99 0.999 0.001" margin="0.0005" solref="0.008 1.0"/>
            <geom type="mesh" group="1" mesh="D_139_10" condim="6" mass="0.000001" friction="" solimp="0.99 0.999 0.001" margin="0.0005" solref="0.008 1.0"/>
            <geom type="mesh" group="1" mesh="D_139_11" condim="6" mass="0.000001" friction="" solimp="0.99 0.999 0.001" margin="0.0005" solref="0.008 1.0"/>
            <geom type="mesh" group="1" mesh="D_139_12" condim="6" mass="0.000001" friction="" solimp="0.99 0.999 0.001" margin="0.0005" solref="0.008 1.0"/>
            <geom type="mesh" group="1" mesh="D_139_13" condim="6" mass="0.000001" friction="" solimp="0.99 0.999 0.001" margin="0.0005" solref="0.008 1.0"/>
            <geom type="mesh" group="1" mesh="D_139_14" condim="6" mass="0.000001" friction="" solimp="0.99 0.999 0.001" margin="0.0005" solref="0.008 1.0"/>
            <geom type="mesh" group="1" mesh="D_139_15" condim="6" mass="0.000001" friction="" solimp="0.99 0.999 0.001" margin="0.0005" solref="0.008 1.0"/>
            <geom type="mesh" group="1" mesh="D_139_16" condim="6" mass="0.000001" friction="" solimp="0.99 0.999 0.001" margin="0.0005" solref="0.008 1.0"/>
            <geom type="mesh" group="1" mesh="D_139_17" condim="6" mass="0.000001" friction="" solimp="0.99 0.999 0.001" margin="0.0005" solref="0.008 1.0"/>
            <geom type="mesh" group="1" mesh="D_139_18" condim="6" mass="0.000001" friction="" solimp="0.99 0.999 0.001" margin="0.0005" solref="0.008 1.0"/>
            <geom type="mesh" group="1" mesh="D_139_19" condim="6" mass="0.000001" friction="" solimp="0.99 0.999 0.001" margin="0.0005" solref="0.008 1.0"/>
            <geom type="mesh" group="1" mesh="D_139_20" condim="6" mass="0.000001" friction="" solimp="0.99 0.999 0.001" margin="0.0005" solref="0.008 1.0"/>
            <geom type="mesh" group="1" mesh="D_139_21" condim="6" mass="0.000001" friction="" solimp="0.99 0.999 0.001" margin="0.0005" solref="0.008 1.0"/>
            <geom type="mesh" group="1" mesh="D_139_22" condim="6" mass="0.000001" friction="" solimp="0.99 0.999 0.001" margin="0.0005" solref="0.008 1.0"/>
            <geom type="mesh" group="1" mesh="D_139_23" condim="6" mass="0.000001" friction="" solimp="0.99 0.999 0.001" margin="0.0005" solref="0.008 1.0"/>
            <geom type="mesh" group="1" mesh="D_139_24" condim="6" mass="0.000001" friction="" solimp="0.99 0.999 0.001" margin="0.0005" solref="0.008 1.0"/>
            <geom type="mesh" group="1" mesh="D_139_25" condim="6" mass="0.000001" friction="" solimp="0.99 0.999 0.001" margin="0.0005" solref="0.008 1.0"/>
            <geom type="mesh" group="1" mesh="D_139_26" condim="6" mass="0.000001" friction="" solimp="0.99 0.999 0.001" margin="0.0005" solref="0.008 1.0"/>
            <geom type="mesh" group="1" mesh="D_139_27" condim="6" mass="0.000001" friction="" solimp="0.99 0.999 0.001" margin="0.0005" solref="0.008 1.0"/>
            <geom type="mesh" group="1" mesh="D_139_28" condim="6" mass="0.000001" friction="" solimp="0.99 0.999 0.001" margin="0.0005" solref="0.008 1.0"/>
            <geom type="mesh" group="1" mesh="D_139_29" condim="6" mass="0.000001" friction="" solimp="0.99 0.999 0.001" margin="0.0005" solref="0.008 1.0"/>
            <geom type="mesh" group="1" mesh="D_139_30" condim="6" mass="0.000001" friction="" solimp="0.99 0.999 0.001" margin="0.0005" solref="0.008 1.0"/>
            <geom type="mesh" group="1" mesh="D_139_31" condim="6" mass="0.000001" friction="" solimp="0.99 0.999 0.001" margin="0.0005" solref="0.008 1.0"/>
            <geom type="mesh" group="1" mesh="D_139_32" condim="6" mass="0.000001" friction="" solimp="0.99 0.999 0.001" margin="0.0005" solref="0.008 1.0"/>
            <geom type="mesh" group="1" mesh="D_139_33" condim="6" mass="0.000001" friction="" solimp="0.99 0.999 0.001" margin="0.0005" solref="0.008 1.0"/>
            <geom type="mesh" group="1" mesh="D_139_34" condim="6" mass="0.000001" friction="" solimp="0.99 0.999 0.001" margin="0.0005" solref="0.008 1.0"/>
            <geom type="mesh" group="1" mesh="D_139_35" condim="6" mass="0.000001" friction="" solimp="0.99 0.999 0.001" margin="0.0005" solref="0.008 1.0"/>
            <geom type="mesh" group="1" mesh="D_139_36" condim="6" mass="0.000001" friction="" solimp="0.99 0.999 0.001" margin="0.0005" solref="0.008 1.0"/>
            <geom type="mesh" group="1" mesh="D_139_37" condim="6" mass="0.000001" friction="" solimp="0.99 0.999 0.001" margin="0.0005" solref="0.008 1.0"/>
            <geom type="mesh" group="1" mesh="D_139_38" condim="6" mass="0.000001" friction="" solimp="0.99 0.999 0.001" margin="0.0005" solref="0.008 1.0"/>
            <geom type="mesh" group="1" mesh="D_139_39" condim="6" mass="0.000001" friction="" solimp="0.99 0.999 0.001" margin="0.0005" solref="0.008 1.0"/>
            <geom type="mesh" group="1" mesh="D_139_40" condim="6" mass="0.000001" friction="" solimp="0.99 0.999 0.001" margin="0.0005" solref="0.008 1.0"/>
            <geom type="mesh" group="1" mesh="D_139_41" condim="6" mass="0.000001" friction="" solimp="0.99 0.999 0.001" margin="0.0005" solref="0.008 1.0"/>
            <geom type="mesh" group="1" mesh="D_139_42" condim="6" mass="0.000001" friction="" solimp="0.99 0.999 0.001" margin="0.0005" solref="0.008 1.0"/>
            <geom type="mesh" group="1" mesh="D_139_43" condim="6" mass="0.000001" friction="" solimp="0.99 0.999 0.001" margin="0.0005" solref="0.008 1.0"/>
            <geom type="mesh" group="1" mesh="D_139_44" condim="6" mass="0.000001" friction="" solimp="0.99 0.999 0.001" margin="0.0005" solref="0.008 1.0"/>
            <geom type="mesh" group="1" mesh="D_139_45" condim="6" mass="0.000001" friction="" solimp="0.99 0.999 0.001" margin="0.0005" solref="0.008 1.0"/>
            <geom type="mesh" group="1" mesh="D_139_46" condim="6" mass="0.000001" friction="" solimp="0.99 0.999 0.001" margin="0.0005" solref="0.008 1.0"/>
            <geom type="mesh" group="1" mesh="D_139_47" condim="6" mass="0.000001" friction="" solimp="0.99 0.999 0.001" margin="0.0005" solref="0.008 1.0"/>
            <geom type="mesh" group="1" mesh="D_139_48" condim="6" mass="0.000001" friction="" solimp="0.99 0.999 0.001" margin="0.0005" solref="0.008 1.0"/>
            <geom type="mesh" group="1" mesh="D_139_49" condim="6" mass="0.000001" friction="" solimp="0.99 0.999 0.001" margin="0.0005" solref="0.008 1.0"/>
            <geom type="mesh" group="1" mesh="D_139_50" condim="6" mass="0.000001" friction="" solimp="0.99 0.999 0.001" margin="0.0005" solref="0.008 1.0"/>
            <geom type="mesh" group="1" mesh="D_139_51" condim="6" mass="0.000001" friction="" solimp="0.99 0.999 0.001" margin="0.0005" solref="0.008 1.0"/>
            <geom type="mesh" group="1" mesh="D_139_52" condim="6" mass="0.000001" friction="" solimp="0.99 0.999 0.001" margin="0.0005" solref="0.008 1.0"/>
            <geom type="mesh" group="1" mesh="D_139_53" condim="6" mass="0.000001" friction="" solimp="0.99 0.999 0.001" margin="0.0005" solref="0.008 1.0"/>
            <geom type="mesh" group="1" mesh="D_139_54" condim="6" mass="0.000001" friction="" solimp="0.99 0.999 0.001" margin="0.0005" solref="0.008 1.0"/>
            <geom type="mesh" group="1" mesh="D_139_55" condim="6" mass="0.000001" friction="" solimp="0.99 0.999 0.001" margin="0.0005" solref="0.008 1.0"/>
            <geom type="mesh" group="1" mesh="D_139_56" condim="6" mass="0.000001" friction="" solimp="0.99 0.999 0.001" margin="0.0005" solref="0.008 1.0"/>
            <geom type="mesh" group ="2" mass="" contype="0" rgba="" conaffinity="0" mesh="D_139_visual"/>
            <joint class="free"/>
        </body>
    </worldbody>
</mujoco>