<mujoco>
    <asset>
        <mesh name="D_96_1" file="objects/D_96/D_96_1.stl"/>
        <mesh name="D_96_2" file="objects/D_96/D_96_2.stl"/>
        <mesh name="D_96_3" file="objects/D_96/D_96_3.stl"/>
        <mesh name="D_96_4" file="objects/D_96/D_96_4.stl"/>
        <mesh name="D_96_5" file="objects/D_96/D_96_5.stl"/>
        <mesh name="D_96_6" file="objects/D_96/D_96_6.stl"/>
        <mesh name="D_96_7" file="objects/D_96/D_96_7.stl"/>
        <mesh name="D_96_8" file="objects/D_96/D_96_8.stl"/>
        <mesh name="D_96_9" file="objects/D_96/D_96_9.stl"/>
        <mesh name="D_96_10" file="objects/D_96/D_96_10.stl"/>
        <mesh name="D_96_11" file="objects/D_96/D_96_11.stl"/>
        <mesh name="D_96_12" file="objects/D_96/D_96_12.stl"/>
        <mesh name="D_96_13" file="objects/D_96/D_96_13.stl"/>
        <mesh name="D_96_14" file="objects/D_96/D_96_14.stl"/>
        <mesh name="D_96_15" file="objects/D_96/D_96_15.stl"/>
        <mesh name="D_96_16" file="objects/D_96/D_96_16.stl"/>
        <mesh name="D_96_17" file="objects/D_96/D_96_17.stl"/>
        <mesh name="D_96_18" file="objects/D_96/D_96_18.stl"/>
        <mesh name="D_96_19" file="objects/D_96/D_96_19.stl"/>
        <mesh name="D_96_20" file="objects/D_96/D_96_20.stl"/>
        <mesh name="D_96_21" file="objects/D_96/D_96_21.stl"/>
        <mesh name="D_96_22" file="objects/D_96/D_96_22.stl"/>
        <mesh name="D_96_23" file="objects/D_96/D_96_23.stl"/>
        <mesh name="D_96_24" file="objects/D_96/D_96_24.stl"/>
        <mesh name="D_96_25" file="objects/D_96/D_96_25.stl"/>
        <mesh name="D_96_26" file="objects/D_96/D_96_26.stl"/>
        <mesh name="D_96_27" file="objects/D_96/D_96_27.stl"/>
        <mesh name="D_96_28" file="objects/D_96/D_96_28.stl"/>
        <mesh name="D_96_29" file="objects/D_96/D_96_29.stl"/>
        <mesh name="D_96_30" file="objects/D_96/D_96_30.stl"/>
        <mesh name="D_96_31" file="objects/D_96/D_96_31.stl"/>
        <mesh name="D_96_32" file="objects/D_96/D_96_32.stl"/>
        <mesh name="D_96_33" file="objects/D_96/D_96_33.stl"/>
        <mesh name="D_96_34" file="objects/D_96/D_96_34.stl"/>
        <mesh name="D_96_35" file="objects/D_96/D_96_35.stl"/>
        <mesh name="D_96_36" file="objects/D_96/D_96_36.stl"/>
        <mesh name="D_96_37" file="objects/D_96/D_96_37.stl"/>
        <mesh name="D_96_38" file="objects/D_96/D_96_38.stl"/>
        <mesh name="D_96_39" file="objects/D_96/D_96_39.stl"/>
        <mesh name="D_96_40" file="objects/D_96/D_96_40.stl"/>
        <mesh name="D_96_41" file="objects/D_96/D_96_41.stl"/>
        <mesh name="D_96_42" file="objects/D_96/D_96_42.stl"/>
        <mesh name="D_96_43" file="objects/D_96/D_96_43.stl"/>
        <mesh name="D_96_44" file="objects/D_96/D_96_44.stl"/>
        <mesh name="D_96_45" file="objects/D_96/D_96_45.stl"/>
        <mesh name="D_96_46" file="objects/D_96/D_96_46.stl"/>
        <mesh name="D_96_47" file="objects/D_96/D_96_47.stl"/>
        <mesh name="D_96_48" file="objects/D_96/D_96_48.stl"/>
        <mesh name="D_96_49" file="objects/D_96/D_96_49.stl"/>
        <mesh name="D_96_50" file="objects/D_96/D_96_50.stl"/>
        <mesh name="D_96_51" file="objects/D_96/D_96_51.stl"/>
        <mesh name="D_96_52" file="objects/D_96/D_96_52.stl"/>
        <mesh name="D_96_53" file="objects/D_96/D_96_53.stl"/>
        <mesh name="D_96_54" file="objects/D_96/D_96_54.stl"/>
        <mesh name="D_96_55" file="objects/D_96/D_96_55.stl"/>
        <mesh name="D_96_56" file="objects/D_96/D_96_56.stl"/>
        <mesh name="D_96_57" file="objects/D_96/D_96_57.stl"/>
        <mesh name="D_96_58" file="objects/D_96/D_96_58.stl"/>
        <mesh name="D_96_59" file="objects/D_96/D_96_59.stl"/>
        <mesh name="D_96_60" file="objects/D_96/D_96_60.stl"/>
        <mesh name="D_96_61" file="objects/D_96/D_96_61.stl"/>
        <mesh name="D_96_62" file="objects/D_96/D_96_62.stl"/>
        <mesh name="D_96_63" file="objects/D_96/D_96_63.stl"/>
        <mesh name="D_96_64" file="objects/D_96/D_96_64.stl"/>
        <mesh name="D_96_65" file="objects/D_96/D_96_65.stl"/>
        <mesh name="D_96_66" file="objects/D_96/D_96_66.stl"/>
        <mesh name="D_96_67" file="objects/D_96/D_96_67.stl"/>
        <mesh name="D_96_68" file="objects/D_96/D_96_68.stl"/>
        <mesh name="D_96_69" file="objects/D_96/D_96_69.stl"/>
        <mesh name="D_96_70" file="objects/D_96/D_96_70.stl"/>
        <mesh name="D_96_71" file="objects/D_96/D_96_71.stl"/>
        <mesh name="D_96_72" file="objects/D_96/D_96_72.stl"/>
        <mesh name="D_96_73" file="objects/D_96/D_96_73.stl"/>
        <mesh name="D_96_74" file="objects/D_96/D_96_74.stl"/>
        <mesh name="D_96_75" file="objects/D_96/D_96_75.stl"/>
        <mesh name="D_96_76" file="objects/D_96/D_96_76.stl"/>
        <mesh name="D_96_77" file="objects/D_96/D_96_77.stl"/>
        <mesh name="D_96_78" file="objects/D_96/D_96_78.stl"/>
        <mesh name="D_96_visual" file="objects/D_96/D_96_full.stl"/>
    </asset>
</mujoco>