<mujoco>
    <asset>
        <mesh name="D_218_1" file="objects/D_218/D_218_1.stl"/>
        <mesh name="D_218_2" file="objects/D_218/D_218_2.stl"/>
        <mesh name="D_218_3" file="objects/D_218/D_218_3.stl"/>
        <mesh name="D_218_4" file="objects/D_218/D_218_4.stl"/>
        <mesh name="D_218_5" file="objects/D_218/D_218_5.stl"/>
        <mesh name="D_218_6" file="objects/D_218/D_218_6.stl"/>
        <mesh name="D_218_7" file="objects/D_218/D_218_7.stl"/>
        <mesh name="D_218_8" file="objects/D_218/D_218_8.stl"/>
        <mesh name="D_218_9" file="objects/D_218/D_218_9.stl"/>
        <mesh name="D_218_10" file="objects/D_218/D_218_10.stl"/>
        <mesh name="D_218_11" file="objects/D_218/D_218_11.stl"/>
        <mesh name="D_218_12" file="objects/D_218/D_218_12.stl"/>
        <mesh name="D_218_13" file="objects/D_218/D_218_13.stl"/>
        <mesh name="D_218_14" file="objects/D_218/D_218_14.stl"/>
        <mesh name="D_218_15" file="objects/D_218/D_218_15.stl"/>
        <mesh name="D_218_16" file="objects/D_218/D_218_16.stl"/>
        <mesh name="D_218_17" file="objects/D_218/D_218_17.stl"/>
        <mesh name="D_218_18" file="objects/D_218/D_218_18.stl"/>
        <mesh name="D_218_19" file="objects/D_218/D_218_19.stl"/>
        <mesh name="D_218_20" file="objects/D_218/D_218_20.stl"/>
        <mesh name="D_218_21" file="objects/D_218/D_218_21.stl"/>
        <mesh name="D_218_22" file="objects/D_218/D_218_22.stl"/>
        <mesh name="D_218_23" file="objects/D_218/D_218_23.stl"/>
        <mesh name="D_218_24" file="objects/D_218/D_218_24.stl"/>
        <mesh name="D_218_25" file="objects/D_218/D_218_25.stl"/>
        <mesh name="D_218_26" file="objects/D_218/D_218_26.stl"/>
        <mesh name="D_218_27" file="objects/D_218/D_218_27.stl"/>
        <mesh name="D_218_28" file="objects/D_218/D_218_28.stl"/>
        <mesh name="D_218_29" file="objects/D_218/D_218_29.stl"/>
        <mesh name="D_218_30" file="objects/D_218/D_218_30.stl"/>
        <mesh name="D_218_31" file="objects/D_218/D_218_31.stl"/>
        <mesh name="D_218_32" file="objects/D_218/D_218_32.stl"/>
        <mesh name="D_218_33" file="objects/D_218/D_218_33.stl"/>
        <mesh name="D_218_34" file="objects/D_218/D_218_34.stl"/>
        <mesh name="D_218_35" file="objects/D_218/D_218_35.stl"/>
        <mesh name="D_218_36" file="objects/D_218/D_218_36.stl"/>
        <mesh name="D_218_37" file="objects/D_218/D_218_37.stl"/>
        <mesh name="D_218_38" file="objects/D_218/D_218_38.stl"/>
        <mesh name="D_218_39" file="objects/D_218/D_218_39.stl"/>
        <mesh name="D_218_40" file="objects/D_218/D_218_40.stl"/>
        <mesh name="D_218_41" file="objects/D_218/D_218_41.stl"/>
        <mesh name="D_218_42" file="objects/D_218/D_218_42.stl"/>
        <mesh name="D_218_43" file="objects/D_218/D_218_43.stl"/>
        <mesh name="D_218_44" file="objects/D_218/D_218_44.stl"/>
        <mesh name="D_218_45" file="objects/D_218/D_218_45.stl"/>
        <mesh name="D_218_46" file="objects/D_218/D_218_46.stl"/>
        <mesh name="D_218_47" file="objects/D_218/D_218_47.stl"/>
        <mesh name="D_218_48" file="objects/D_218/D_218_48.stl"/>
        <mesh name="D_218_49" file="objects/D_218/D_218_49.stl"/>
        <mesh name="D_218_visual" file="objects/D_218/D_218_full.stl"/>
    </asset>
</mujoco>