<mujoco>
    <asset>
        <mesh name="D_71_1" file="objects/D_71/D_71_1.stl"/>
        <mesh name="D_71_2" file="objects/D_71/D_71_2.stl"/>
        <mesh name="D_71_3" file="objects/D_71/D_71_3.stl"/>
        <mesh name="D_71_4" file="objects/D_71/D_71_4.stl"/>
        <mesh name="D_71_5" file="objects/D_71/D_71_5.stl"/>
        <mesh name="D_71_6" file="objects/D_71/D_71_6.stl"/>
        <mesh name="D_71_7" file="objects/D_71/D_71_7.stl"/>
        <mesh name="D_71_8" file="objects/D_71/D_71_8.stl"/>
        <mesh name="D_71_9" file="objects/D_71/D_71_9.stl"/>
        <mesh name="D_71_10" file="objects/D_71/D_71_10.stl"/>
        <mesh name="D_71_11" file="objects/D_71/D_71_11.stl"/>
        <mesh name="D_71_12" file="objects/D_71/D_71_12.stl"/>
        <mesh name="D_71_13" file="objects/D_71/D_71_13.stl"/>
        <mesh name="D_71_14" file="objects/D_71/D_71_14.stl"/>
        <mesh name="D_71_15" file="objects/D_71/D_71_15.stl"/>
        <mesh name="D_71_16" file="objects/D_71/D_71_16.stl"/>
        <mesh name="D_71_17" file="objects/D_71/D_71_17.stl"/>
        <mesh name="D_71_18" file="objects/D_71/D_71_18.stl"/>
        <mesh name="D_71_19" file="objects/D_71/D_71_19.stl"/>
        <mesh name="D_71_20" file="objects/D_71/D_71_20.stl"/>
        <mesh name="D_71_21" file="objects/D_71/D_71_21.stl"/>
        <mesh name="D_71_visual" file="objects/D_71/D_71_full.stl"/>
    </asset>
</mujoco>