<mujoco>
    <asset>
        <mesh name="D_19_1" file="objects/D_19/D_19_1.stl"/>
        <mesh name="D_19_2" file="objects/D_19/D_19_2.stl"/>
        <mesh name="D_19_3" file="objects/D_19/D_19_3.stl"/>
        <mesh name="D_19_4" file="objects/D_19/D_19_4.stl"/>
        <mesh name="D_19_5" file="objects/D_19/D_19_5.stl"/>
        <mesh name="D_19_6" file="objects/D_19/D_19_6.stl"/>
        <mesh name="D_19_7" file="objects/D_19/D_19_7.stl"/>
        <mesh name="D_19_8" file="objects/D_19/D_19_8.stl"/>
        <mesh name="D_19_9" file="objects/D_19/D_19_9.stl"/>
        <mesh name="D_19_10" file="objects/D_19/D_19_10.stl"/>
        <mesh name="D_19_11" file="objects/D_19/D_19_11.stl"/>
        <mesh name="D_19_12" file="objects/D_19/D_19_12.stl"/>
        <mesh name="D_19_13" file="objects/D_19/D_19_13.stl"/>
        <mesh name="D_19_14" file="objects/D_19/D_19_14.stl"/>
        <mesh name="D_19_15" file="objects/D_19/D_19_15.stl"/>
        <mesh name="D_19_16" file="objects/D_19/D_19_16.stl"/>
        <mesh name="D_19_17" file="objects/D_19/D_19_17.stl"/>
        <mesh name="D_19_18" file="objects/D_19/D_19_18.stl"/>
        <mesh name="D_19_19" file="objects/D_19/D_19_19.stl"/>
        <mesh name="D_19_20" file="objects/D_19/D_19_20.stl"/>
        <mesh name="D_19_21" file="objects/D_19/D_19_21.stl"/>
        <mesh name="D_19_22" file="objects/D_19/D_19_22.stl"/>
        <mesh name="D_19_23" file="objects/D_19/D_19_23.stl"/>
        <mesh name="D_19_24" file="objects/D_19/D_19_24.stl"/>
        <mesh name="D_19_25" file="objects/D_19/D_19_25.stl"/>
        <mesh name="D_19_26" file="objects/D_19/D_19_26.stl"/>
        <mesh name="D_19_27" file="objects/D_19/D_19_27.stl"/>
        <mesh name="D_19_28" file="objects/D_19/D_19_28.stl"/>
        <mesh name="D_19_29" file="objects/D_19/D_19_29.stl"/>
        <mesh name="D_19_30" file="objects/D_19/D_19_30.stl"/>
        <mesh name="D_19_31" file="objects/D_19/D_19_31.stl"/>
        <mesh name="D_19_32" file="objects/D_19/D_19_32.stl"/>
        <mesh name="D_19_33" file="objects/D_19/D_19_33.stl"/>
        <mesh name="D_19_34" file="objects/D_19/D_19_34.stl"/>
        <mesh name="D_19_35" file="objects/D_19/D_19_35.stl"/>
        <mesh name="D_19_36" file="objects/D_19/D_19_36.stl"/>
        <mesh name="D_19_37" file="objects/D_19/D_19_37.stl"/>
        <mesh name="D_19_38" file="objects/D_19/D_19_38.stl"/>
        <mesh name="D_19_39" file="objects/D_19/D_19_39.stl"/>
        <mesh name="D_19_40" file="objects/D_19/D_19_40.stl"/>
        <mesh name="D_19_41" file="objects/D_19/D_19_41.stl"/>
        <mesh name="D_19_visual" file="objects/D_19/D_19_full.stl"/>
    </asset>
</mujoco>