<mujoco>
    <asset>
        <mesh name="D_173_1" file="objects/D_173/D_173_1.stl"/>
        <mesh name="D_173_2" file="objects/D_173/D_173_2.stl"/>
        <mesh name="D_173_3" file="objects/D_173/D_173_3.stl"/>
        <mesh name="D_173_4" file="objects/D_173/D_173_4.stl"/>
        <mesh name="D_173_5" file="objects/D_173/D_173_5.stl"/>
        <mesh name="D_173_6" file="objects/D_173/D_173_6.stl"/>
        <mesh name="D_173_7" file="objects/D_173/D_173_7.stl"/>
        <mesh name="D_173_8" file="objects/D_173/D_173_8.stl"/>
        <mesh name="D_173_9" file="objects/D_173/D_173_9.stl"/>
        <mesh name="D_173_10" file="objects/D_173/D_173_10.stl"/>
        <mesh name="D_173_11" file="objects/D_173/D_173_11.stl"/>
        <mesh name="D_173_12" file="objects/D_173/D_173_12.stl"/>
        <mesh name="D_173_13" file="objects/D_173/D_173_13.stl"/>
        <mesh name="D_173_14" file="objects/D_173/D_173_14.stl"/>
        <mesh name="D_173_15" file="objects/D_173/D_173_15.stl"/>
        <mesh name="D_173_16" file="objects/D_173/D_173_16.stl"/>
        <mesh name="D_173_17" file="objects/D_173/D_173_17.stl"/>
        <mesh name="D_173_18" file="objects/D_173/D_173_18.stl"/>
        <mesh name="D_173_19" file="objects/D_173/D_173_19.stl"/>
        <mesh name="D_173_20" file="objects/D_173/D_173_20.stl"/>
        <mesh name="D_173_21" file="objects/D_173/D_173_21.stl"/>
        <mesh name="D_173_22" file="objects/D_173/D_173_22.stl"/>
        <mesh name="D_173_23" file="objects/D_173/D_173_23.stl"/>
        <mesh name="D_173_24" file="objects/D_173/D_173_24.stl"/>
        <mesh name="D_173_25" file="objects/D_173/D_173_25.stl"/>
        <mesh name="D_173_26" file="objects/D_173/D_173_26.stl"/>
        <mesh name="D_173_27" file="objects/D_173/D_173_27.stl"/>
        <mesh name="D_173_28" file="objects/D_173/D_173_28.stl"/>
        <mesh name="D_173_29" file="objects/D_173/D_173_29.stl"/>
        <mesh name="D_173_30" file="objects/D_173/D_173_30.stl"/>
        <mesh name="D_173_31" file="objects/D_173/D_173_31.stl"/>
        <mesh name="D_173_32" file="objects/D_173/D_173_32.stl"/>
        <mesh name="D_173_33" file="objects/D_173/D_173_33.stl"/>
        <mesh name="D_173_34" file="objects/D_173/D_173_34.stl"/>
        <mesh name="D_173_35" file="objects/D_173/D_173_35.stl"/>
        <mesh name="D_173_36" file="objects/D_173/D_173_36.stl"/>
        <mesh name="D_173_37" file="objects/D_173/D_173_37.stl"/>
        <mesh name="D_173_38" file="objects/D_173/D_173_38.stl"/>
        <mesh name="D_173_39" file="objects/D_173/D_173_39.stl"/>
        <mesh name="D_173_40" file="objects/D_173/D_173_40.stl"/>
        <mesh name="D_173_41" file="objects/D_173/D_173_41.stl"/>
        <mesh name="D_173_42" file="objects/D_173/D_173_42.stl"/>
        <mesh name="D_173_43" file="objects/D_173/D_173_43.stl"/>
        <mesh name="D_173_44" file="objects/D_173/D_173_44.stl"/>
        <mesh name="D_173_45" file="objects/D_173/D_173_45.stl"/>
        <mesh name="D_173_46" file="objects/D_173/D_173_46.stl"/>
        <mesh name="D_173_47" file="objects/D_173/D_173_47.stl"/>
        <mesh name="D_173_48" file="objects/D_173/D_173_48.stl"/>
        <mesh name="D_173_49" file="objects/D_173/D_173_49.stl"/>
        <mesh name="D_173_50" file="objects/D_173/D_173_50.stl"/>
        <mesh name="D_173_51" file="objects/D_173/D_173_51.stl"/>
        <mesh name="D_173_52" file="objects/D_173/D_173_52.stl"/>
        <mesh name="D_173_53" file="objects/D_173/D_173_53.stl"/>
        <mesh name="D_173_54" file="objects/D_173/D_173_54.stl"/>
        <mesh name="D_173_55" file="objects/D_173/D_173_55.stl"/>
        <mesh name="D_173_56" file="objects/D_173/D_173_56.stl"/>
        <mesh name="D_173_57" file="objects/D_173/D_173_57.stl"/>
        <mesh name="D_173_58" file="objects/D_173/D_173_58.stl"/>
        <mesh name="D_173_59" file="objects/D_173/D_173_59.stl"/>
        <mesh name="D_173_visual" file="objects/D_173/D_173_full.stl"/>
    </asset>
</mujoco>