<mujoco>
    <asset>
        <mesh name="D_151_1" file="objects/D_151/D_151_1.stl"/>
        <mesh name="D_151_2" file="objects/D_151/D_151_2.stl"/>
        <mesh name="D_151_3" file="objects/D_151/D_151_3.stl"/>
        <mesh name="D_151_4" file="objects/D_151/D_151_4.stl"/>
        <mesh name="D_151_5" file="objects/D_151/D_151_5.stl"/>
        <mesh name="D_151_6" file="objects/D_151/D_151_6.stl"/>
        <mesh name="D_151_7" file="objects/D_151/D_151_7.stl"/>
        <mesh name="D_151_8" file="objects/D_151/D_151_8.stl"/>
        <mesh name="D_151_9" file="objects/D_151/D_151_9.stl"/>
        <mesh name="D_151_10" file="objects/D_151/D_151_10.stl"/>
        <mesh name="D_151_11" file="objects/D_151/D_151_11.stl"/>
        <mesh name="D_151_12" file="objects/D_151/D_151_12.stl"/>
        <mesh name="D_151_13" file="objects/D_151/D_151_13.stl"/>
        <mesh name="D_151_14" file="objects/D_151/D_151_14.stl"/>
        <mesh name="D_151_15" file="objects/D_151/D_151_15.stl"/>
        <mesh name="D_151_16" file="objects/D_151/D_151_16.stl"/>
        <mesh name="D_151_17" file="objects/D_151/D_151_17.stl"/>
        <mesh name="D_151_18" file="objects/D_151/D_151_18.stl"/>
        <mesh name="D_151_19" file="objects/D_151/D_151_19.stl"/>
        <mesh name="D_151_20" file="objects/D_151/D_151_20.stl"/>
        <mesh name="D_151_21" file="objects/D_151/D_151_21.stl"/>
        <mesh name="D_151_22" file="objects/D_151/D_151_22.stl"/>
        <mesh name="D_151_23" file="objects/D_151/D_151_23.stl"/>
        <mesh name="D_151_24" file="objects/D_151/D_151_24.stl"/>
        <mesh name="D_151_25" file="objects/D_151/D_151_25.stl"/>
        <mesh name="D_151_26" file="objects/D_151/D_151_26.stl"/>
        <mesh name="D_151_27" file="objects/D_151/D_151_27.stl"/>
        <mesh name="D_151_28" file="objects/D_151/D_151_28.stl"/>
        <mesh name="D_151_29" file="objects/D_151/D_151_29.stl"/>
        <mesh name="D_151_30" file="objects/D_151/D_151_30.stl"/>
        <mesh name="D_151_31" file="objects/D_151/D_151_31.stl"/>
        <mesh name="D_151_32" file="objects/D_151/D_151_32.stl"/>
        <mesh name="D_151_33" file="objects/D_151/D_151_33.stl"/>
        <mesh name="D_151_34" file="objects/D_151/D_151_34.stl"/>
        <mesh name="D_151_35" file="objects/D_151/D_151_35.stl"/>
        <mesh name="D_151_36" file="objects/D_151/D_151_36.stl"/>
        <mesh name="D_151_37" file="objects/D_151/D_151_37.stl"/>
        <mesh name="D_151_38" file="objects/D_151/D_151_38.stl"/>
        <mesh name="D_151_39" file="objects/D_151/D_151_39.stl"/>
        <mesh name="D_151_40" file="objects/D_151/D_151_40.stl"/>
        <mesh name="D_151_41" file="objects/D_151/D_151_41.stl"/>
        <mesh name="D_151_42" file="objects/D_151/D_151_42.stl"/>
        <mesh name="D_151_43" file="objects/D_151/D_151_43.stl"/>
        <mesh name="D_151_44" file="objects/D_151/D_151_44.stl"/>
        <mesh name="D_151_45" file="objects/D_151/D_151_45.stl"/>
        <mesh name="D_151_46" file="objects/D_151/D_151_46.stl"/>
        <mesh name="D_151_47" file="objects/D_151/D_151_47.stl"/>
        <mesh name="D_151_48" file="objects/D_151/D_151_48.stl"/>
        <mesh name="D_151_49" file="objects/D_151/D_151_49.stl"/>
        <mesh name="D_151_50" file="objects/D_151/D_151_50.stl"/>
        <mesh name="D_151_51" file="objects/D_151/D_151_51.stl"/>
        <mesh name="D_151_52" file="objects/D_151/D_151_52.stl"/>
        <mesh name="D_151_53" file="objects/D_151/D_151_53.stl"/>
        <mesh name="D_151_54" file="objects/D_151/D_151_54.stl"/>
        <mesh name="D_151_55" file="objects/D_151/D_151_55.stl"/>
        <mesh name="D_151_56" file="objects/D_151/D_151_56.stl"/>
        <mesh name="D_151_57" file="objects/D_151/D_151_57.stl"/>
        <mesh name="D_151_visual" file="objects/D_151/D_151_full.stl"/>
    </asset>
</mujoco>