<mujoco>
    <asset>
        <mesh name="D_80_1" file="objects/D_80/D_80_1.stl"/>
        <mesh name="D_80_2" file="objects/D_80/D_80_2.stl"/>
        <mesh name="D_80_3" file="objects/D_80/D_80_3.stl"/>
        <mesh name="D_80_4" file="objects/D_80/D_80_4.stl"/>
        <mesh name="D_80_5" file="objects/D_80/D_80_5.stl"/>
        <mesh name="D_80_6" file="objects/D_80/D_80_6.stl"/>
        <mesh name="D_80_7" file="objects/D_80/D_80_7.stl"/>
        <mesh name="D_80_8" file="objects/D_80/D_80_8.stl"/>
        <mesh name="D_80_9" file="objects/D_80/D_80_9.stl"/>
        <mesh name="D_80_10" file="objects/D_80/D_80_10.stl"/>
        <mesh name="D_80_11" file="objects/D_80/D_80_11.stl"/>
        <mesh name="D_80_12" file="objects/D_80/D_80_12.stl"/>
        <mesh name="D_80_13" file="objects/D_80/D_80_13.stl"/>
        <mesh name="D_80_14" file="objects/D_80/D_80_14.stl"/>
        <mesh name="D_80_15" file="objects/D_80/D_80_15.stl"/>
        <mesh name="D_80_16" file="objects/D_80/D_80_16.stl"/>
        <mesh name="D_80_17" file="objects/D_80/D_80_17.stl"/>
        <mesh name="D_80_18" file="objects/D_80/D_80_18.stl"/>
        <mesh name="D_80_19" file="objects/D_80/D_80_19.stl"/>
        <mesh name="D_80_20" file="objects/D_80/D_80_20.stl"/>
        <mesh name="D_80_21" file="objects/D_80/D_80_21.stl"/>
        <mesh name="D_80_22" file="objects/D_80/D_80_22.stl"/>
        <mesh name="D_80_23" file="objects/D_80/D_80_23.stl"/>
        <mesh name="D_80_24" file="objects/D_80/D_80_24.stl"/>
        <mesh name="D_80_25" file="objects/D_80/D_80_25.stl"/>
        <mesh name="D_80_26" file="objects/D_80/D_80_26.stl"/>
        <mesh name="D_80_27" file="objects/D_80/D_80_27.stl"/>
        <mesh name="D_80_28" file="objects/D_80/D_80_28.stl"/>
        <mesh name="D_80_29" file="objects/D_80/D_80_29.stl"/>
        <mesh name="D_80_30" file="objects/D_80/D_80_30.stl"/>
        <mesh name="D_80_31" file="objects/D_80/D_80_31.stl"/>
        <mesh name="D_80_32" file="objects/D_80/D_80_32.stl"/>
        <mesh name="D_80_33" file="objects/D_80/D_80_33.stl"/>
        <mesh name="D_80_34" file="objects/D_80/D_80_34.stl"/>
        <mesh name="D_80_35" file="objects/D_80/D_80_35.stl"/>
        <mesh name="D_80_36" file="objects/D_80/D_80_36.stl"/>
        <mesh name="D_80_37" file="objects/D_80/D_80_37.stl"/>
        <mesh name="D_80_38" file="objects/D_80/D_80_38.stl"/>
        <mesh name="D_80_39" file="objects/D_80/D_80_39.stl"/>
        <mesh name="D_80_40" file="objects/D_80/D_80_40.stl"/>
        <mesh name="D_80_41" file="objects/D_80/D_80_41.stl"/>
        <mesh name="D_80_42" file="objects/D_80/D_80_42.stl"/>
        <mesh name="D_80_43" file="objects/D_80/D_80_43.stl"/>
        <mesh name="D_80_44" file="objects/D_80/D_80_44.stl"/>
        <mesh name="D_80_visual" file="objects/D_80/D_80_full.stl"/>
    </asset>
</mujoco>