<mujoco>
    <asset>
        <mesh name="D_217_1" file="objects/D_217/D_217_1.stl"/>
        <mesh name="D_217_2" file="objects/D_217/D_217_2.stl"/>
        <mesh name="D_217_3" file="objects/D_217/D_217_3.stl"/>
        <mesh name="D_217_4" file="objects/D_217/D_217_4.stl"/>
        <mesh name="D_217_5" file="objects/D_217/D_217_5.stl"/>
        <mesh name="D_217_6" file="objects/D_217/D_217_6.stl"/>
        <mesh name="D_217_7" file="objects/D_217/D_217_7.stl"/>
        <mesh name="D_217_8" file="objects/D_217/D_217_8.stl"/>
        <mesh name="D_217_9" file="objects/D_217/D_217_9.stl"/>
        <mesh name="D_217_10" file="objects/D_217/D_217_10.stl"/>
        <mesh name="D_217_11" file="objects/D_217/D_217_11.stl"/>
        <mesh name="D_217_12" file="objects/D_217/D_217_12.stl"/>
        <mesh name="D_217_13" file="objects/D_217/D_217_13.stl"/>
        <mesh name="D_217_14" file="objects/D_217/D_217_14.stl"/>
        <mesh name="D_217_15" file="objects/D_217/D_217_15.stl"/>
        <mesh name="D_217_16" file="objects/D_217/D_217_16.stl"/>
        <mesh name="D_217_17" file="objects/D_217/D_217_17.stl"/>
        <mesh name="D_217_18" file="objects/D_217/D_217_18.stl"/>
        <mesh name="D_217_19" file="objects/D_217/D_217_19.stl"/>
        <mesh name="D_217_20" file="objects/D_217/D_217_20.stl"/>
        <mesh name="D_217_21" file="objects/D_217/D_217_21.stl"/>
        <mesh name="D_217_22" file="objects/D_217/D_217_22.stl"/>
        <mesh name="D_217_23" file="objects/D_217/D_217_23.stl"/>
        <mesh name="D_217_24" file="objects/D_217/D_217_24.stl"/>
        <mesh name="D_217_25" file="objects/D_217/D_217_25.stl"/>
        <mesh name="D_217_26" file="objects/D_217/D_217_26.stl"/>
        <mesh name="D_217_27" file="objects/D_217/D_217_27.stl"/>
        <mesh name="D_217_28" file="objects/D_217/D_217_28.stl"/>
        <mesh name="D_217_29" file="objects/D_217/D_217_29.stl"/>
        <mesh name="D_217_30" file="objects/D_217/D_217_30.stl"/>
        <mesh name="D_217_31" file="objects/D_217/D_217_31.stl"/>
        <mesh name="D_217_32" file="objects/D_217/D_217_32.stl"/>
        <mesh name="D_217_33" file="objects/D_217/D_217_33.stl"/>
        <mesh name="D_217_34" file="objects/D_217/D_217_34.stl"/>
        <mesh name="D_217_35" file="objects/D_217/D_217_35.stl"/>
        <mesh name="D_217_36" file="objects/D_217/D_217_36.stl"/>
        <mesh name="D_217_37" file="objects/D_217/D_217_37.stl"/>
        <mesh name="D_217_38" file="objects/D_217/D_217_38.stl"/>
        <mesh name="D_217_39" file="objects/D_217/D_217_39.stl"/>
        <mesh name="D_217_40" file="objects/D_217/D_217_40.stl"/>
        <mesh name="D_217_41" file="objects/D_217/D_217_41.stl"/>
        <mesh name="D_217_42" file="objects/D_217/D_217_42.stl"/>
        <mesh name="D_217_43" file="objects/D_217/D_217_43.stl"/>
        <mesh name="D_217_44" file="objects/D_217/D_217_44.stl"/>
        <mesh name="D_217_visual" file="objects/D_217/D_217_full.stl"/>
    </asset>
</mujoco>