<mujoco>
    <asset>
        <mesh name="D_166_1" file="objects/D_166/D_166_1.stl"/>
        <mesh name="D_166_2" file="objects/D_166/D_166_2.stl"/>
        <mesh name="D_166_3" file="objects/D_166/D_166_3.stl"/>
        <mesh name="D_166_4" file="objects/D_166/D_166_4.stl"/>
        <mesh name="D_166_5" file="objects/D_166/D_166_5.stl"/>
        <mesh name="D_166_6" file="objects/D_166/D_166_6.stl"/>
        <mesh name="D_166_7" file="objects/D_166/D_166_7.stl"/>
        <mesh name="D_166_8" file="objects/D_166/D_166_8.stl"/>
        <mesh name="D_166_9" file="objects/D_166/D_166_9.stl"/>
        <mesh name="D_166_10" file="objects/D_166/D_166_10.stl"/>
        <mesh name="D_166_11" file="objects/D_166/D_166_11.stl"/>
        <mesh name="D_166_12" file="objects/D_166/D_166_12.stl"/>
        <mesh name="D_166_13" file="objects/D_166/D_166_13.stl"/>
        <mesh name="D_166_14" file="objects/D_166/D_166_14.stl"/>
        <mesh name="D_166_15" file="objects/D_166/D_166_15.stl"/>
        <mesh name="D_166_16" file="objects/D_166/D_166_16.stl"/>
        <mesh name="D_166_17" file="objects/D_166/D_166_17.stl"/>
        <mesh name="D_166_18" file="objects/D_166/D_166_18.stl"/>
        <mesh name="D_166_19" file="objects/D_166/D_166_19.stl"/>
        <mesh name="D_166_20" file="objects/D_166/D_166_20.stl"/>
        <mesh name="D_166_21" file="objects/D_166/D_166_21.stl"/>
        <mesh name="D_166_22" file="objects/D_166/D_166_22.stl"/>
        <mesh name="D_166_23" file="objects/D_166/D_166_23.stl"/>
        <mesh name="D_166_24" file="objects/D_166/D_166_24.stl"/>
        <mesh name="D_166_25" file="objects/D_166/D_166_25.stl"/>
        <mesh name="D_166_26" file="objects/D_166/D_166_26.stl"/>
        <mesh name="D_166_27" file="objects/D_166/D_166_27.stl"/>
        <mesh name="D_166_28" file="objects/D_166/D_166_28.stl"/>
        <mesh name="D_166_29" file="objects/D_166/D_166_29.stl"/>
        <mesh name="D_166_30" file="objects/D_166/D_166_30.stl"/>
        <mesh name="D_166_31" file="objects/D_166/D_166_31.stl"/>
        <mesh name="D_166_32" file="objects/D_166/D_166_32.stl"/>
        <mesh name="D_166_33" file="objects/D_166/D_166_33.stl"/>
        <mesh name="D_166_34" file="objects/D_166/D_166_34.stl"/>
        <mesh name="D_166_35" file="objects/D_166/D_166_35.stl"/>
        <mesh name="D_166_36" file="objects/D_166/D_166_36.stl"/>
        <mesh name="D_166_37" file="objects/D_166/D_166_37.stl"/>
        <mesh name="D_166_38" file="objects/D_166/D_166_38.stl"/>
        <mesh name="D_166_39" file="objects/D_166/D_166_39.stl"/>
        <mesh name="D_166_40" file="objects/D_166/D_166_40.stl"/>
        <mesh name="D_166_41" file="objects/D_166/D_166_41.stl"/>
        <mesh name="D_166_42" file="objects/D_166/D_166_42.stl"/>
        <mesh name="D_166_43" file="objects/D_166/D_166_43.stl"/>
        <mesh name="D_166_44" file="objects/D_166/D_166_44.stl"/>
        <mesh name="D_166_45" file="objects/D_166/D_166_45.stl"/>
        <mesh name="D_166_46" file="objects/D_166/D_166_46.stl"/>
        <mesh name="D_166_47" file="objects/D_166/D_166_47.stl"/>
        <mesh name="D_166_48" file="objects/D_166/D_166_48.stl"/>
        <mesh name="D_166_49" file="objects/D_166/D_166_49.stl"/>
        <mesh name="D_166_50" file="objects/D_166/D_166_50.stl"/>
        <mesh name="D_166_51" file="objects/D_166/D_166_51.stl"/>
        <mesh name="D_166_52" file="objects/D_166/D_166_52.stl"/>
        <mesh name="D_166_53" file="objects/D_166/D_166_53.stl"/>
        <mesh name="D_166_54" file="objects/D_166/D_166_54.stl"/>
        <mesh name="D_166_55" file="objects/D_166/D_166_55.stl"/>
        <mesh name="D_166_56" file="objects/D_166/D_166_56.stl"/>
        <mesh name="D_166_57" file="objects/D_166/D_166_57.stl"/>
        <mesh name="D_166_58" file="objects/D_166/D_166_58.stl"/>
        <mesh name="D_166_59" file="objects/D_166/D_166_59.stl"/>
        <mesh name="D_166_60" file="objects/D_166/D_166_60.stl"/>
        <mesh name="D_166_61" file="objects/D_166/D_166_61.stl"/>
        <mesh name="D_166_visual" file="objects/D_166/D_166_full.stl"/>
    </asset>
</mujoco>