<mujoco>
    <asset>
        <mesh name="D_229_1" file="objects/D_229/D_229_1.stl"/>
        <mesh name="D_229_2" file="objects/D_229/D_229_2.stl"/>
        <mesh name="D_229_3" file="objects/D_229/D_229_3.stl"/>
        <mesh name="D_229_4" file="objects/D_229/D_229_4.stl"/>
        <mesh name="D_229_5" file="objects/D_229/D_229_5.stl"/>
        <mesh name="D_229_6" file="objects/D_229/D_229_6.stl"/>
        <mesh name="D_229_7" file="objects/D_229/D_229_7.stl"/>
        <mesh name="D_229_8" file="objects/D_229/D_229_8.stl"/>
        <mesh name="D_229_9" file="objects/D_229/D_229_9.stl"/>
        <mesh name="D_229_10" file="objects/D_229/D_229_10.stl"/>
        <mesh name="D_229_11" file="objects/D_229/D_229_11.stl"/>
        <mesh name="D_229_12" file="objects/D_229/D_229_12.stl"/>
        <mesh name="D_229_13" file="objects/D_229/D_229_13.stl"/>
        <mesh name="D_229_14" file="objects/D_229/D_229_14.stl"/>
        <mesh name="D_229_15" file="objects/D_229/D_229_15.stl"/>
        <mesh name="D_229_16" file="objects/D_229/D_229_16.stl"/>
        <mesh name="D_229_17" file="objects/D_229/D_229_17.stl"/>
        <mesh name="D_229_18" file="objects/D_229/D_229_18.stl"/>
        <mesh name="D_229_19" file="objects/D_229/D_229_19.stl"/>
        <mesh name="D_229_20" file="objects/D_229/D_229_20.stl"/>
        <mesh name="D_229_21" file="objects/D_229/D_229_21.stl"/>
        <mesh name="D_229_22" file="objects/D_229/D_229_22.stl"/>
        <mesh name="D_229_23" file="objects/D_229/D_229_23.stl"/>
        <mesh name="D_229_24" file="objects/D_229/D_229_24.stl"/>
        <mesh name="D_229_25" file="objects/D_229/D_229_25.stl"/>
        <mesh name="D_229_26" file="objects/D_229/D_229_26.stl"/>
        <mesh name="D_229_27" file="objects/D_229/D_229_27.stl"/>
        <mesh name="D_229_28" file="objects/D_229/D_229_28.stl"/>
        <mesh name="D_229_29" file="objects/D_229/D_229_29.stl"/>
        <mesh name="D_229_30" file="objects/D_229/D_229_30.stl"/>
        <mesh name="D_229_31" file="objects/D_229/D_229_31.stl"/>
        <mesh name="D_229_32" file="objects/D_229/D_229_32.stl"/>
        <mesh name="D_229_33" file="objects/D_229/D_229_33.stl"/>
        <mesh name="D_229_34" file="objects/D_229/D_229_34.stl"/>
        <mesh name="D_229_35" file="objects/D_229/D_229_35.stl"/>
        <mesh name="D_229_36" file="objects/D_229/D_229_36.stl"/>
        <mesh name="D_229_37" file="objects/D_229/D_229_37.stl"/>
        <mesh name="D_229_38" file="objects/D_229/D_229_38.stl"/>
        <mesh name="D_229_39" file="objects/D_229/D_229_39.stl"/>
        <mesh name="D_229_40" file="objects/D_229/D_229_40.stl"/>
        <mesh name="D_229_41" file="objects/D_229/D_229_41.stl"/>
        <mesh name="D_229_42" file="objects/D_229/D_229_42.stl"/>
        <mesh name="D_229_43" file="objects/D_229/D_229_43.stl"/>
        <mesh name="D_229_44" file="objects/D_229/D_229_44.stl"/>
        <mesh name="D_229_visual" file="objects/D_229/D_229_full.stl"/>
    </asset>
</mujoco>