<mujoco>
    <asset>
        <mesh name="D_198_1" file="objects/D_198/D_198_1.stl"/>
        <mesh name="D_198_2" file="objects/D_198/D_198_2.stl"/>
        <mesh name="D_198_3" file="objects/D_198/D_198_3.stl"/>
        <mesh name="D_198_4" file="objects/D_198/D_198_4.stl"/>
        <mesh name="D_198_5" file="objects/D_198/D_198_5.stl"/>
        <mesh name="D_198_6" file="objects/D_198/D_198_6.stl"/>
        <mesh name="D_198_7" file="objects/D_198/D_198_7.stl"/>
        <mesh name="D_198_8" file="objects/D_198/D_198_8.stl"/>
        <mesh name="D_198_9" file="objects/D_198/D_198_9.stl"/>
        <mesh name="D_198_visual" file="objects/D_198/D_198_full.stl"/>
    </asset>
</mujoco>