<mujoco>
    <asset>
        <mesh name="D_126_1" file="objects/D_126/D_126_1.stl"/>
        <mesh name="D_126_2" file="objects/D_126/D_126_2.stl"/>
        <mesh name="D_126_3" file="objects/D_126/D_126_3.stl"/>
        <mesh name="D_126_4" file="objects/D_126/D_126_4.stl"/>
        <mesh name="D_126_5" file="objects/D_126/D_126_5.stl"/>
        <mesh name="D_126_6" file="objects/D_126/D_126_6.stl"/>
        <mesh name="D_126_7" file="objects/D_126/D_126_7.stl"/>
        <mesh name="D_126_8" file="objects/D_126/D_126_8.stl"/>
        <mesh name="D_126_9" file="objects/D_126/D_126_9.stl"/>
        <mesh name="D_126_10" file="objects/D_126/D_126_10.stl"/>
        <mesh name="D_126_11" file="objects/D_126/D_126_11.stl"/>
        <mesh name="D_126_12" file="objects/D_126/D_126_12.stl"/>
        <mesh name="D_126_13" file="objects/D_126/D_126_13.stl"/>
        <mesh name="D_126_14" file="objects/D_126/D_126_14.stl"/>
        <mesh name="D_126_15" file="objects/D_126/D_126_15.stl"/>
        <mesh name="D_126_16" file="objects/D_126/D_126_16.stl"/>
        <mesh name="D_126_17" file="objects/D_126/D_126_17.stl"/>
        <mesh name="D_126_18" file="objects/D_126/D_126_18.stl"/>
        <mesh name="D_126_19" file="objects/D_126/D_126_19.stl"/>
        <mesh name="D_126_20" file="objects/D_126/D_126_20.stl"/>
        <mesh name="D_126_21" file="objects/D_126/D_126_21.stl"/>
        <mesh name="D_126_22" file="objects/D_126/D_126_22.stl"/>
        <mesh name="D_126_23" file="objects/D_126/D_126_23.stl"/>
        <mesh name="D_126_24" file="objects/D_126/D_126_24.stl"/>
        <mesh name="D_126_25" file="objects/D_126/D_126_25.stl"/>
        <mesh name="D_126_26" file="objects/D_126/D_126_26.stl"/>
        <mesh name="D_126_27" file="objects/D_126/D_126_27.stl"/>
        <mesh name="D_126_28" file="objects/D_126/D_126_28.stl"/>
        <mesh name="D_126_29" file="objects/D_126/D_126_29.stl"/>
        <mesh name="D_126_30" file="objects/D_126/D_126_30.stl"/>
        <mesh name="D_126_31" file="objects/D_126/D_126_31.stl"/>
        <mesh name="D_126_32" file="objects/D_126/D_126_32.stl"/>
        <mesh name="D_126_33" file="objects/D_126/D_126_33.stl"/>
        <mesh name="D_126_34" file="objects/D_126/D_126_34.stl"/>
        <mesh name="D_126_35" file="objects/D_126/D_126_35.stl"/>
        <mesh name="D_126_36" file="objects/D_126/D_126_36.stl"/>
        <mesh name="D_126_37" file="objects/D_126/D_126_37.stl"/>
        <mesh name="D_126_38" file="objects/D_126/D_126_38.stl"/>
        <mesh name="D_126_39" file="objects/D_126/D_126_39.stl"/>
        <mesh name="D_126_40" file="objects/D_126/D_126_40.stl"/>
        <mesh name="D_126_41" file="objects/D_126/D_126_41.stl"/>
        <mesh name="D_126_42" file="objects/D_126/D_126_42.stl"/>
        <mesh name="D_126_43" file="objects/D_126/D_126_43.stl"/>
        <mesh name="D_126_44" file="objects/D_126/D_126_44.stl"/>
        <mesh name="D_126_45" file="objects/D_126/D_126_45.stl"/>
        <mesh name="D_126_46" file="objects/D_126/D_126_46.stl"/>
        <mesh name="D_126_47" file="objects/D_126/D_126_47.stl"/>
        <mesh name="D_126_48" file="objects/D_126/D_126_48.stl"/>
        <mesh name="D_126_49" file="objects/D_126/D_126_49.stl"/>
        <mesh name="D_126_50" file="objects/D_126/D_126_50.stl"/>
        <mesh name="D_126_51" file="objects/D_126/D_126_51.stl"/>
        <mesh name="D_126_52" file="objects/D_126/D_126_52.stl"/>
        <mesh name="D_126_53" file="objects/D_126/D_126_53.stl"/>
        <mesh name="D_126_54" file="objects/D_126/D_126_54.stl"/>
        <mesh name="D_126_55" file="objects/D_126/D_126_55.stl"/>
        <mesh name="D_126_56" file="objects/D_126/D_126_56.stl"/>
        <mesh name="D_126_57" file="objects/D_126/D_126_57.stl"/>
        <mesh name="D_126_58" file="objects/D_126/D_126_58.stl"/>
        <mesh name="D_126_59" file="objects/D_126/D_126_59.stl"/>
        <mesh name="D_126_60" file="objects/D_126/D_126_60.stl"/>
        <mesh name="D_126_61" file="objects/D_126/D_126_61.stl"/>
        <mesh name="D_126_62" file="objects/D_126/D_126_62.stl"/>
        <mesh name="D_126_63" file="objects/D_126/D_126_63.stl"/>
        <mesh name="D_126_64" file="objects/D_126/D_126_64.stl"/>
        <mesh name="D_126_65" file="objects/D_126/D_126_65.stl"/>
        <mesh name="D_126_66" file="objects/D_126/D_126_66.stl"/>
        <mesh name="D_126_67" file="objects/D_126/D_126_67.stl"/>
        <mesh name="D_126_68" file="objects/D_126/D_126_68.stl"/>
        <mesh name="D_126_69" file="objects/D_126/D_126_69.stl"/>
        <mesh name="D_126_70" file="objects/D_126/D_126_70.stl"/>
        <mesh name="D_126_71" file="objects/D_126/D_126_71.stl"/>
        <mesh name="D_126_72" file="objects/D_126/D_126_72.stl"/>
        <mesh name="D_126_73" file="objects/D_126/D_126_73.stl"/>
        <mesh name="D_126_74" file="objects/D_126/D_126_74.stl"/>
        <mesh name="D_126_75" file="objects/D_126/D_126_75.stl"/>
        <mesh name="D_126_76" file="objects/D_126/D_126_76.stl"/>
        <mesh name="D_126_77" file="objects/D_126/D_126_77.stl"/>
        <mesh name="D_126_78" file="objects/D_126/D_126_78.stl"/>
        <mesh name="D_126_79" file="objects/D_126/D_126_79.stl"/>
        <mesh name="D_126_80" file="objects/D_126/D_126_80.stl"/>
        <mesh name="D_126_81" file="objects/D_126/D_126_81.stl"/>
        <mesh name="D_126_82" file="objects/D_126/D_126_82.stl"/>
        <mesh name="D_126_83" file="objects/D_126/D_126_83.stl"/>
        <mesh name="D_126_84" file="objects/D_126/D_126_84.stl"/>
        <mesh name="D_126_85" file="objects/D_126/D_126_85.stl"/>
        <mesh name="D_126_86" file="objects/D_126/D_126_86.stl"/>
        <mesh name="D_126_87" file="objects/D_126/D_126_87.stl"/>
        <mesh name="D_126_88" file="objects/D_126/D_126_88.stl"/>
        <mesh name="D_126_89" file="objects/D_126/D_126_89.stl"/>
        <mesh name="D_126_90" file="objects/D_126/D_126_90.stl"/>
        <mesh name="D_126_91" file="objects/D_126/D_126_91.stl"/>
        <mesh name="D_126_92" file="objects/D_126/D_126_92.stl"/>
        <mesh name="D_126_93" file="objects/D_126/D_126_93.stl"/>
        <mesh name="D_126_94" file="objects/D_126/D_126_94.stl"/>
        <mesh name="D_126_95" file="objects/D_126/D_126_95.stl"/>
        <mesh name="D_126_96" file="objects/D_126/D_126_96.stl"/>
        <mesh name="D_126_97" file="objects/D_126/D_126_97.stl"/>
        <mesh name="D_126_98" file="objects/D_126/D_126_98.stl"/>
        <mesh name="D_126_visual" file="objects/D_126/D_126_full.stl"/>
    </asset>
</mujoco>