<mujoco>
    <asset>
        <mesh name="D_249_1" file="objects/D_249/D_249_1.stl"/>
        <mesh name="D_249_2" file="objects/D_249/D_249_2.stl"/>
        <mesh name="D_249_3" file="objects/D_249/D_249_3.stl"/>
        <mesh name="D_249_4" file="objects/D_249/D_249_4.stl"/>
        <mesh name="D_249_5" file="objects/D_249/D_249_5.stl"/>
        <mesh name="D_249_6" file="objects/D_249/D_249_6.stl"/>
        <mesh name="D_249_7" file="objects/D_249/D_249_7.stl"/>
        <mesh name="D_249_8" file="objects/D_249/D_249_8.stl"/>
        <mesh name="D_249_9" file="objects/D_249/D_249_9.stl"/>
        <mesh name="D_249_10" file="objects/D_249/D_249_10.stl"/>
        <mesh name="D_249_11" file="objects/D_249/D_249_11.stl"/>
        <mesh name="D_249_12" file="objects/D_249/D_249_12.stl"/>
        <mesh name="D_249_13" file="objects/D_249/D_249_13.stl"/>
        <mesh name="D_249_14" file="objects/D_249/D_249_14.stl"/>
        <mesh name="D_249_15" file="objects/D_249/D_249_15.stl"/>
        <mesh name="D_249_16" file="objects/D_249/D_249_16.stl"/>
        <mesh name="D_249_17" file="objects/D_249/D_249_17.stl"/>
        <mesh name="D_249_18" file="objects/D_249/D_249_18.stl"/>
        <mesh name="D_249_19" file="objects/D_249/D_249_19.stl"/>
        <mesh name="D_249_20" file="objects/D_249/D_249_20.stl"/>
        <mesh name="D_249_21" file="objects/D_249/D_249_21.stl"/>
        <mesh name="D_249_22" file="objects/D_249/D_249_22.stl"/>
        <mesh name="D_249_23" file="objects/D_249/D_249_23.stl"/>
        <mesh name="D_249_24" file="objects/D_249/D_249_24.stl"/>
        <mesh name="D_249_25" file="objects/D_249/D_249_25.stl"/>
        <mesh name="D_249_26" file="objects/D_249/D_249_26.stl"/>
        <mesh name="D_249_27" file="objects/D_249/D_249_27.stl"/>
        <mesh name="D_249_28" file="objects/D_249/D_249_28.stl"/>
        <mesh name="D_249_29" file="objects/D_249/D_249_29.stl"/>
        <mesh name="D_249_30" file="objects/D_249/D_249_30.stl"/>
        <mesh name="D_249_31" file="objects/D_249/D_249_31.stl"/>
        <mesh name="D_249_32" file="objects/D_249/D_249_32.stl"/>
        <mesh name="D_249_33" file="objects/D_249/D_249_33.stl"/>
        <mesh name="D_249_34" file="objects/D_249/D_249_34.stl"/>
        <mesh name="D_249_35" file="objects/D_249/D_249_35.stl"/>
        <mesh name="D_249_36" file="objects/D_249/D_249_36.stl"/>
        <mesh name="D_249_37" file="objects/D_249/D_249_37.stl"/>
        <mesh name="D_249_38" file="objects/D_249/D_249_38.stl"/>
        <mesh name="D_249_39" file="objects/D_249/D_249_39.stl"/>
        <mesh name="D_249_40" file="objects/D_249/D_249_40.stl"/>
        <mesh name="D_249_41" file="objects/D_249/D_249_41.stl"/>
        <mesh name="D_249_42" file="objects/D_249/D_249_42.stl"/>
        <mesh name="D_249_43" file="objects/D_249/D_249_43.stl"/>
        <mesh name="D_249_44" file="objects/D_249/D_249_44.stl"/>
        <mesh name="D_249_45" file="objects/D_249/D_249_45.stl"/>
        <mesh name="D_249_46" file="objects/D_249/D_249_46.stl"/>
        <mesh name="D_249_47" file="objects/D_249/D_249_47.stl"/>
        <mesh name="D_249_48" file="objects/D_249/D_249_48.stl"/>
        <mesh name="D_249_49" file="objects/D_249/D_249_49.stl"/>
        <mesh name="D_249_50" file="objects/D_249/D_249_50.stl"/>
        <mesh name="D_249_51" file="objects/D_249/D_249_51.stl"/>
        <mesh name="D_249_52" file="objects/D_249/D_249_52.stl"/>
        <mesh name="D_249_53" file="objects/D_249/D_249_53.stl"/>
        <mesh name="D_249_54" file="objects/D_249/D_249_54.stl"/>
        <mesh name="D_249_55" file="objects/D_249/D_249_55.stl"/>
        <mesh name="D_249_56" file="objects/D_249/D_249_56.stl"/>
        <mesh name="D_249_57" file="objects/D_249/D_249_57.stl"/>
        <mesh name="D_249_58" file="objects/D_249/D_249_58.stl"/>
        <mesh name="D_249_59" file="objects/D_249/D_249_59.stl"/>
        <mesh name="D_249_60" file="objects/D_249/D_249_60.stl"/>
        <mesh name="D_249_61" file="objects/D_249/D_249_61.stl"/>
        <mesh name="D_249_62" file="objects/D_249/D_249_62.stl"/>
        <mesh name="D_249_63" file="objects/D_249/D_249_63.stl"/>
        <mesh name="D_249_64" file="objects/D_249/D_249_64.stl"/>
        <mesh name="D_249_65" file="objects/D_249/D_249_65.stl"/>
        <mesh name="D_249_66" file="objects/D_249/D_249_66.stl"/>
        <mesh name="D_249_67" file="objects/D_249/D_249_67.stl"/>
        <mesh name="D_249_68" file="objects/D_249/D_249_68.stl"/>
        <mesh name="D_249_69" file="objects/D_249/D_249_69.stl"/>
        <mesh name="D_249_70" file="objects/D_249/D_249_70.stl"/>
        <mesh name="D_249_71" file="objects/D_249/D_249_71.stl"/>
        <mesh name="D_249_72" file="objects/D_249/D_249_72.stl"/>
        <mesh name="D_249_73" file="objects/D_249/D_249_73.stl"/>
        <mesh name="D_249_74" file="objects/D_249/D_249_74.stl"/>
        <mesh name="D_249_75" file="objects/D_249/D_249_75.stl"/>
        <mesh name="D_249_76" file="objects/D_249/D_249_76.stl"/>
        <mesh name="D_249_77" file="objects/D_249/D_249_77.stl"/>
        <mesh name="D_249_78" file="objects/D_249/D_249_78.stl"/>
        <mesh name="D_249_79" file="objects/D_249/D_249_79.stl"/>
        <mesh name="D_249_80" file="objects/D_249/D_249_80.stl"/>
        <mesh name="D_249_81" file="objects/D_249/D_249_81.stl"/>
        <mesh name="D_249_82" file="objects/D_249/D_249_82.stl"/>
        <mesh name="D_249_83" file="objects/D_249/D_249_83.stl"/>
        <mesh name="D_249_84" file="objects/D_249/D_249_84.stl"/>
        <mesh name="D_249_85" file="objects/D_249/D_249_85.stl"/>
        <mesh name="D_249_86" file="objects/D_249/D_249_86.stl"/>
        <mesh name="D_249_87" file="objects/D_249/D_249_87.stl"/>
        <mesh name="D_249_88" file="objects/D_249/D_249_88.stl"/>
        <mesh name="D_249_89" file="objects/D_249/D_249_89.stl"/>
        <mesh name="D_249_90" file="objects/D_249/D_249_90.stl"/>
        <mesh name="D_249_91" file="objects/D_249/D_249_91.stl"/>
        <mesh name="D_249_92" file="objects/D_249/D_249_92.stl"/>
        <mesh name="D_249_93" file="objects/D_249/D_249_93.stl"/>
        <mesh name="D_249_94" file="objects/D_249/D_249_94.stl"/>
        <mesh name="D_249_95" file="objects/D_249/D_249_95.stl"/>
        <mesh name="D_249_96" file="objects/D_249/D_249_96.stl"/>
        <mesh name="D_249_97" file="objects/D_249/D_249_97.stl"/>
        <mesh name="D_249_98" file="objects/D_249/D_249_98.stl"/>
        <mesh name="D_249_99" file="objects/D_249/D_249_99.stl"/>
        <mesh name="D_249_100" file="objects/D_249/D_249_100.stl"/>
        <mesh name="D_249_101" file="objects/D_249/D_249_101.stl"/>
        <mesh name="D_249_102" file="objects/D_249/D_249_102.stl"/>
        <mesh name="D_249_103" file="objects/D_249/D_249_103.stl"/>
        <mesh name="D_249_104" file="objects/D_249/D_249_104.stl"/>
        <mesh name="D_249_105" file="objects/D_249/D_249_105.stl"/>
        <mesh name="D_249_106" file="objects/D_249/D_249_106.stl"/>
        <mesh name="D_249_107" file="objects/D_249/D_249_107.stl"/>
        <mesh name="D_249_visual" file="objects/D_249/D_249_full.stl"/>
    </asset>
</mujoco>