<mujoco>
    <asset>
        <mesh name="D_138_1" file="objects/D_138/D_138_1.stl"/>
        <mesh name="D_138_2" file="objects/D_138/D_138_2.stl"/>
        <mesh name="D_138_3" file="objects/D_138/D_138_3.stl"/>
        <mesh name="D_138_4" file="objects/D_138/D_138_4.stl"/>
        <mesh name="D_138_5" file="objects/D_138/D_138_5.stl"/>
        <mesh name="D_138_6" file="objects/D_138/D_138_6.stl"/>
        <mesh name="D_138_7" file="objects/D_138/D_138_7.stl"/>
        <mesh name="D_138_8" file="objects/D_138/D_138_8.stl"/>
        <mesh name="D_138_9" file="objects/D_138/D_138_9.stl"/>
        <mesh name="D_138_10" file="objects/D_138/D_138_10.stl"/>
        <mesh name="D_138_11" file="objects/D_138/D_138_11.stl"/>
        <mesh name="D_138_12" file="objects/D_138/D_138_12.stl"/>
        <mesh name="D_138_13" file="objects/D_138/D_138_13.stl"/>
        <mesh name="D_138_14" file="objects/D_138/D_138_14.stl"/>
        <mesh name="D_138_15" file="objects/D_138/D_138_15.stl"/>
        <mesh name="D_138_16" file="objects/D_138/D_138_16.stl"/>
        <mesh name="D_138_17" file="objects/D_138/D_138_17.stl"/>
        <mesh name="D_138_18" file="objects/D_138/D_138_18.stl"/>
        <mesh name="D_138_19" file="objects/D_138/D_138_19.stl"/>
        <mesh name="D_138_20" file="objects/D_138/D_138_20.stl"/>
        <mesh name="D_138_21" file="objects/D_138/D_138_21.stl"/>
        <mesh name="D_138_22" file="objects/D_138/D_138_22.stl"/>
        <mesh name="D_138_23" file="objects/D_138/D_138_23.stl"/>
        <mesh name="D_138_24" file="objects/D_138/D_138_24.stl"/>
        <mesh name="D_138_25" file="objects/D_138/D_138_25.stl"/>
        <mesh name="D_138_26" file="objects/D_138/D_138_26.stl"/>
        <mesh name="D_138_27" file="objects/D_138/D_138_27.stl"/>
        <mesh name="D_138_28" file="objects/D_138/D_138_28.stl"/>
        <mesh name="D_138_29" file="objects/D_138/D_138_29.stl"/>
        <mesh name="D_138_30" file="objects/D_138/D_138_30.stl"/>
        <mesh name="D_138_31" file="objects/D_138/D_138_31.stl"/>
        <mesh name="D_138_32" file="objects/D_138/D_138_32.stl"/>
        <mesh name="D_138_33" file="objects/D_138/D_138_33.stl"/>
        <mesh name="D_138_34" file="objects/D_138/D_138_34.stl"/>
        <mesh name="D_138_35" file="objects/D_138/D_138_35.stl"/>
        <mesh name="D_138_36" file="objects/D_138/D_138_36.stl"/>
        <mesh name="D_138_37" file="objects/D_138/D_138_37.stl"/>
        <mesh name="D_138_38" file="objects/D_138/D_138_38.stl"/>
        <mesh name="D_138_39" file="objects/D_138/D_138_39.stl"/>
        <mesh name="D_138_40" file="objects/D_138/D_138_40.stl"/>
        <mesh name="D_138_41" file="objects/D_138/D_138_41.stl"/>
        <mesh name="D_138_42" file="objects/D_138/D_138_42.stl"/>
        <mesh name="D_138_43" file="objects/D_138/D_138_43.stl"/>
        <mesh name="D_138_44" file="objects/D_138/D_138_44.stl"/>
        <mesh name="D_138_45" file="objects/D_138/D_138_45.stl"/>
        <mesh name="D_138_46" file="objects/D_138/D_138_46.stl"/>
        <mesh name="D_138_47" file="objects/D_138/D_138_47.stl"/>
        <mesh name="D_138_48" file="objects/D_138/D_138_48.stl"/>
        <mesh name="D_138_49" file="objects/D_138/D_138_49.stl"/>
        <mesh name="D_138_50" file="objects/D_138/D_138_50.stl"/>
        <mesh name="D_138_51" file="objects/D_138/D_138_51.stl"/>
        <mesh name="D_138_52" file="objects/D_138/D_138_52.stl"/>
        <mesh name="D_138_53" file="objects/D_138/D_138_53.stl"/>
        <mesh name="D_138_54" file="objects/D_138/D_138_54.stl"/>
        <mesh name="D_138_visual" file="objects/D_138/D_138_full.stl"/>
    </asset>
</mujoco>