<mujoco>
    <asset>
        <mesh name="D_30_1" file="objects/D_30/D_30_1.stl"/>
        <mesh name="D_30_2" file="objects/D_30/D_30_2.stl"/>
        <mesh name="D_30_3" file="objects/D_30/D_30_3.stl"/>
        <mesh name="D_30_4" file="objects/D_30/D_30_4.stl"/>
        <mesh name="D_30_5" file="objects/D_30/D_30_5.stl"/>
        <mesh name="D_30_6" file="objects/D_30/D_30_6.stl"/>
        <mesh name="D_30_7" file="objects/D_30/D_30_7.stl"/>
        <mesh name="D_30_8" file="objects/D_30/D_30_8.stl"/>
        <mesh name="D_30_9" file="objects/D_30/D_30_9.stl"/>
        <mesh name="D_30_10" file="objects/D_30/D_30_10.stl"/>
        <mesh name="D_30_11" file="objects/D_30/D_30_11.stl"/>
        <mesh name="D_30_12" file="objects/D_30/D_30_12.stl"/>
        <mesh name="D_30_13" file="objects/D_30/D_30_13.stl"/>
        <mesh name="D_30_14" file="objects/D_30/D_30_14.stl"/>
        <mesh name="D_30_15" file="objects/D_30/D_30_15.stl"/>
        <mesh name="D_30_16" file="objects/D_30/D_30_16.stl"/>
        <mesh name="D_30_17" file="objects/D_30/D_30_17.stl"/>
        <mesh name="D_30_18" file="objects/D_30/D_30_18.stl"/>
        <mesh name="D_30_19" file="objects/D_30/D_30_19.stl"/>
        <mesh name="D_30_20" file="objects/D_30/D_30_20.stl"/>
        <mesh name="D_30_21" file="objects/D_30/D_30_21.stl"/>
        <mesh name="D_30_22" file="objects/D_30/D_30_22.stl"/>
        <mesh name="D_30_23" file="objects/D_30/D_30_23.stl"/>
        <mesh name="D_30_24" file="objects/D_30/D_30_24.stl"/>
        <mesh name="D_30_25" file="objects/D_30/D_30_25.stl"/>
        <mesh name="D_30_26" file="objects/D_30/D_30_26.stl"/>
        <mesh name="D_30_27" file="objects/D_30/D_30_27.stl"/>
        <mesh name="D_30_28" file="objects/D_30/D_30_28.stl"/>
        <mesh name="D_30_29" file="objects/D_30/D_30_29.stl"/>
        <mesh name="D_30_30" file="objects/D_30/D_30_30.stl"/>
        <mesh name="D_30_31" file="objects/D_30/D_30_31.stl"/>
        <mesh name="D_30_32" file="objects/D_30/D_30_32.stl"/>
        <mesh name="D_30_33" file="objects/D_30/D_30_33.stl"/>
        <mesh name="D_30_34" file="objects/D_30/D_30_34.stl"/>
        <mesh name="D_30_35" file="objects/D_30/D_30_35.stl"/>
        <mesh name="D_30_36" file="objects/D_30/D_30_36.stl"/>
        <mesh name="D_30_37" file="objects/D_30/D_30_37.stl"/>
        <mesh name="D_30_38" file="objects/D_30/D_30_38.stl"/>
        <mesh name="D_30_39" file="objects/D_30/D_30_39.stl"/>
        <mesh name="D_30_40" file="objects/D_30/D_30_40.stl"/>
        <mesh name="D_30_41" file="objects/D_30/D_30_41.stl"/>
        <mesh name="D_30_42" file="objects/D_30/D_30_42.stl"/>
        <mesh name="D_30_43" file="objects/D_30/D_30_43.stl"/>
        <mesh name="D_30_44" file="objects/D_30/D_30_44.stl"/>
        <mesh name="D_30_45" file="objects/D_30/D_30_45.stl"/>
        <mesh name="D_30_46" file="objects/D_30/D_30_46.stl"/>
        <mesh name="D_30_47" file="objects/D_30/D_30_47.stl"/>
        <mesh name="D_30_48" file="objects/D_30/D_30_48.stl"/>
        <mesh name="D_30_49" file="objects/D_30/D_30_49.stl"/>
        <mesh name="D_30_50" file="objects/D_30/D_30_50.stl"/>
        <mesh name="D_30_51" file="objects/D_30/D_30_51.stl"/>
        <mesh name="D_30_52" file="objects/D_30/D_30_52.stl"/>
        <mesh name="D_30_53" file="objects/D_30/D_30_53.stl"/>
        <mesh name="D_30_54" file="objects/D_30/D_30_54.stl"/>
        <mesh name="D_30_55" file="objects/D_30/D_30_55.stl"/>
        <mesh name="D_30_56" file="objects/D_30/D_30_56.stl"/>
        <mesh name="D_30_57" file="objects/D_30/D_30_57.stl"/>
        <mesh name="D_30_58" file="objects/D_30/D_30_58.stl"/>
        <mesh name="D_30_59" file="objects/D_30/D_30_59.stl"/>
        <mesh name="D_30_60" file="objects/D_30/D_30_60.stl"/>
        <mesh name="D_30_61" file="objects/D_30/D_30_61.stl"/>
        <mesh name="D_30_62" file="objects/D_30/D_30_62.stl"/>
        <mesh name="D_30_63" file="objects/D_30/D_30_63.stl"/>
        <mesh name="D_30_64" file="objects/D_30/D_30_64.stl"/>
        <mesh name="D_30_65" file="objects/D_30/D_30_65.stl"/>
        <mesh name="D_30_66" file="objects/D_30/D_30_66.stl"/>
        <mesh name="D_30_67" file="objects/D_30/D_30_67.stl"/>
        <mesh name="D_30_68" file="objects/D_30/D_30_68.stl"/>
        <mesh name="D_30_69" file="objects/D_30/D_30_69.stl"/>
        <mesh name="D_30_70" file="objects/D_30/D_30_70.stl"/>
        <mesh name="D_30_71" file="objects/D_30/D_30_71.stl"/>
        <mesh name="D_30_72" file="objects/D_30/D_30_72.stl"/>
        <mesh name="D_30_73" file="objects/D_30/D_30_73.stl"/>
        <mesh name="D_30_74" file="objects/D_30/D_30_74.stl"/>
        <mesh name="D_30_75" file="objects/D_30/D_30_75.stl"/>
        <mesh name="D_30_visual" file="objects/D_30/D_30_full.stl"/>
    </asset>
</mujoco>