<mujoco>
    <asset>
        <mesh name="D_162_1" file="objects/D_162/D_162_1.stl"/>
        <mesh name="D_162_2" file="objects/D_162/D_162_2.stl"/>
        <mesh name="D_162_3" file="objects/D_162/D_162_3.stl"/>
        <mesh name="D_162_4" file="objects/D_162/D_162_4.stl"/>
        <mesh name="D_162_5" file="objects/D_162/D_162_5.stl"/>
        <mesh name="D_162_6" file="objects/D_162/D_162_6.stl"/>
        <mesh name="D_162_7" file="objects/D_162/D_162_7.stl"/>
        <mesh name="D_162_8" file="objects/D_162/D_162_8.stl"/>
        <mesh name="D_162_9" file="objects/D_162/D_162_9.stl"/>
        <mesh name="D_162_10" file="objects/D_162/D_162_10.stl"/>
        <mesh name="D_162_11" file="objects/D_162/D_162_11.stl"/>
        <mesh name="D_162_12" file="objects/D_162/D_162_12.stl"/>
        <mesh name="D_162_13" file="objects/D_162/D_162_13.stl"/>
        <mesh name="D_162_14" file="objects/D_162/D_162_14.stl"/>
        <mesh name="D_162_15" file="objects/D_162/D_162_15.stl"/>
        <mesh name="D_162_16" file="objects/D_162/D_162_16.stl"/>
        <mesh name="D_162_17" file="objects/D_162/D_162_17.stl"/>
        <mesh name="D_162_18" file="objects/D_162/D_162_18.stl"/>
        <mesh name="D_162_19" file="objects/D_162/D_162_19.stl"/>
        <mesh name="D_162_20" file="objects/D_162/D_162_20.stl"/>
        <mesh name="D_162_21" file="objects/D_162/D_162_21.stl"/>
        <mesh name="D_162_22" file="objects/D_162/D_162_22.stl"/>
        <mesh name="D_162_23" file="objects/D_162/D_162_23.stl"/>
        <mesh name="D_162_24" file="objects/D_162/D_162_24.stl"/>
        <mesh name="D_162_25" file="objects/D_162/D_162_25.stl"/>
        <mesh name="D_162_26" file="objects/D_162/D_162_26.stl"/>
        <mesh name="D_162_27" file="objects/D_162/D_162_27.stl"/>
        <mesh name="D_162_28" file="objects/D_162/D_162_28.stl"/>
        <mesh name="D_162_29" file="objects/D_162/D_162_29.stl"/>
        <mesh name="D_162_30" file="objects/D_162/D_162_30.stl"/>
        <mesh name="D_162_31" file="objects/D_162/D_162_31.stl"/>
        <mesh name="D_162_32" file="objects/D_162/D_162_32.stl"/>
        <mesh name="D_162_33" file="objects/D_162/D_162_33.stl"/>
        <mesh name="D_162_34" file="objects/D_162/D_162_34.stl"/>
        <mesh name="D_162_35" file="objects/D_162/D_162_35.stl"/>
        <mesh name="D_162_36" file="objects/D_162/D_162_36.stl"/>
        <mesh name="D_162_37" file="objects/D_162/D_162_37.stl"/>
        <mesh name="D_162_38" file="objects/D_162/D_162_38.stl"/>
        <mesh name="D_162_39" file="objects/D_162/D_162_39.stl"/>
        <mesh name="D_162_40" file="objects/D_162/D_162_40.stl"/>
        <mesh name="D_162_41" file="objects/D_162/D_162_41.stl"/>
        <mesh name="D_162_42" file="objects/D_162/D_162_42.stl"/>
        <mesh name="D_162_43" file="objects/D_162/D_162_43.stl"/>
        <mesh name="D_162_44" file="objects/D_162/D_162_44.stl"/>
        <mesh name="D_162_45" file="objects/D_162/D_162_45.stl"/>
        <mesh name="D_162_46" file="objects/D_162/D_162_46.stl"/>
        <mesh name="D_162_47" file="objects/D_162/D_162_47.stl"/>
        <mesh name="D_162_48" file="objects/D_162/D_162_48.stl"/>
        <mesh name="D_162_49" file="objects/D_162/D_162_49.stl"/>
        <mesh name="D_162_50" file="objects/D_162/D_162_50.stl"/>
        <mesh name="D_162_51" file="objects/D_162/D_162_51.stl"/>
        <mesh name="D_162_52" file="objects/D_162/D_162_52.stl"/>
        <mesh name="D_162_53" file="objects/D_162/D_162_53.stl"/>
        <mesh name="D_162_54" file="objects/D_162/D_162_54.stl"/>
        <mesh name="D_162_55" file="objects/D_162/D_162_55.stl"/>
        <mesh name="D_162_56" file="objects/D_162/D_162_56.stl"/>
        <mesh name="D_162_57" file="objects/D_162/D_162_57.stl"/>
        <mesh name="D_162_58" file="objects/D_162/D_162_58.stl"/>
        <mesh name="D_162_59" file="objects/D_162/D_162_59.stl"/>
        <mesh name="D_162_60" file="objects/D_162/D_162_60.stl"/>
        <mesh name="D_162_61" file="objects/D_162/D_162_61.stl"/>
        <mesh name="D_162_62" file="objects/D_162/D_162_62.stl"/>
        <mesh name="D_162_63" file="objects/D_162/D_162_63.stl"/>
        <mesh name="D_162_64" file="objects/D_162/D_162_64.stl"/>
        <mesh name="D_162_65" file="objects/D_162/D_162_65.stl"/>
        <mesh name="D_162_66" file="objects/D_162/D_162_66.stl"/>
        <mesh name="D_162_67" file="objects/D_162/D_162_67.stl"/>
        <mesh name="D_162_68" file="objects/D_162/D_162_68.stl"/>
        <mesh name="D_162_69" file="objects/D_162/D_162_69.stl"/>
        <mesh name="D_162_70" file="objects/D_162/D_162_70.stl"/>
        <mesh name="D_162_visual" file="objects/D_162/D_162_full.stl"/>
    </asset>
</mujoco>