<mujoco>
    <asset>
        <mesh name="D_127_1" file="objects/D_127/D_127_1.stl"/>
        <mesh name="D_127_2" file="objects/D_127/D_127_2.stl"/>
        <mesh name="D_127_3" file="objects/D_127/D_127_3.stl"/>
        <mesh name="D_127_4" file="objects/D_127/D_127_4.stl"/>
        <mesh name="D_127_5" file="objects/D_127/D_127_5.stl"/>
        <mesh name="D_127_6" file="objects/D_127/D_127_6.stl"/>
        <mesh name="D_127_7" file="objects/D_127/D_127_7.stl"/>
        <mesh name="D_127_8" file="objects/D_127/D_127_8.stl"/>
        <mesh name="D_127_9" file="objects/D_127/D_127_9.stl"/>
        <mesh name="D_127_10" file="objects/D_127/D_127_10.stl"/>
        <mesh name="D_127_11" file="objects/D_127/D_127_11.stl"/>
        <mesh name="D_127_12" file="objects/D_127/D_127_12.stl"/>
        <mesh name="D_127_13" file="objects/D_127/D_127_13.stl"/>
        <mesh name="D_127_14" file="objects/D_127/D_127_14.stl"/>
        <mesh name="D_127_15" file="objects/D_127/D_127_15.stl"/>
        <mesh name="D_127_16" file="objects/D_127/D_127_16.stl"/>
        <mesh name="D_127_17" file="objects/D_127/D_127_17.stl"/>
        <mesh name="D_127_18" file="objects/D_127/D_127_18.stl"/>
        <mesh name="D_127_visual" file="objects/D_127/D_127_full.stl"/>
    </asset>
</mujoco>