<mujoco>
    <asset>
        <mesh name="D_37_1" file="objects/D_37/D_37_1.stl"/>
        <mesh name="D_37_2" file="objects/D_37/D_37_2.stl"/>
        <mesh name="D_37_3" file="objects/D_37/D_37_3.stl"/>
        <mesh name="D_37_4" file="objects/D_37/D_37_4.stl"/>
        <mesh name="D_37_5" file="objects/D_37/D_37_5.stl"/>
        <mesh name="D_37_6" file="objects/D_37/D_37_6.stl"/>
        <mesh name="D_37_7" file="objects/D_37/D_37_7.stl"/>
        <mesh name="D_37_8" file="objects/D_37/D_37_8.stl"/>
        <mesh name="D_37_9" file="objects/D_37/D_37_9.stl"/>
        <mesh name="D_37_10" file="objects/D_37/D_37_10.stl"/>
        <mesh name="D_37_11" file="objects/D_37/D_37_11.stl"/>
        <mesh name="D_37_12" file="objects/D_37/D_37_12.stl"/>
        <mesh name="D_37_13" file="objects/D_37/D_37_13.stl"/>
        <mesh name="D_37_14" file="objects/D_37/D_37_14.stl"/>
        <mesh name="D_37_15" file="objects/D_37/D_37_15.stl"/>
        <mesh name="D_37_16" file="objects/D_37/D_37_16.stl"/>
        <mesh name="D_37_17" file="objects/D_37/D_37_17.stl"/>
        <mesh name="D_37_18" file="objects/D_37/D_37_18.stl"/>
        <mesh name="D_37_19" file="objects/D_37/D_37_19.stl"/>
        <mesh name="D_37_20" file="objects/D_37/D_37_20.stl"/>
        <mesh name="D_37_21" file="objects/D_37/D_37_21.stl"/>
        <mesh name="D_37_22" file="objects/D_37/D_37_22.stl"/>
        <mesh name="D_37_23" file="objects/D_37/D_37_23.stl"/>
        <mesh name="D_37_24" file="objects/D_37/D_37_24.stl"/>
        <mesh name="D_37_25" file="objects/D_37/D_37_25.stl"/>
        <mesh name="D_37_26" file="objects/D_37/D_37_26.stl"/>
        <mesh name="D_37_27" file="objects/D_37/D_37_27.stl"/>
        <mesh name="D_37_28" file="objects/D_37/D_37_28.stl"/>
        <mesh name="D_37_29" file="objects/D_37/D_37_29.stl"/>
        <mesh name="D_37_30" file="objects/D_37/D_37_30.stl"/>
        <mesh name="D_37_31" file="objects/D_37/D_37_31.stl"/>
        <mesh name="D_37_32" file="objects/D_37/D_37_32.stl"/>
        <mesh name="D_37_33" file="objects/D_37/D_37_33.stl"/>
        <mesh name="D_37_34" file="objects/D_37/D_37_34.stl"/>
        <mesh name="D_37_35" file="objects/D_37/D_37_35.stl"/>
        <mesh name="D_37_36" file="objects/D_37/D_37_36.stl"/>
        <mesh name="D_37_37" file="objects/D_37/D_37_37.stl"/>
        <mesh name="D_37_38" file="objects/D_37/D_37_38.stl"/>
        <mesh name="D_37_39" file="objects/D_37/D_37_39.stl"/>
        <mesh name="D_37_40" file="objects/D_37/D_37_40.stl"/>
        <mesh name="D_37_41" file="objects/D_37/D_37_41.stl"/>
        <mesh name="D_37_42" file="objects/D_37/D_37_42.stl"/>
        <mesh name="D_37_43" file="objects/D_37/D_37_43.stl"/>
        <mesh name="D_37_44" file="objects/D_37/D_37_44.stl"/>
        <mesh name="D_37_45" file="objects/D_37/D_37_45.stl"/>
        <mesh name="D_37_visual" file="objects/D_37/D_37_full.stl"/>
    </asset>
</mujoco>