<mujoco>
    <asset>
        <mesh name="D_197_1" file="objects/D_197/D_197_1.stl"/>
        <mesh name="D_197_2" file="objects/D_197/D_197_2.stl"/>
        <mesh name="D_197_3" file="objects/D_197/D_197_3.stl"/>
        <mesh name="D_197_4" file="objects/D_197/D_197_4.stl"/>
        <mesh name="D_197_5" file="objects/D_197/D_197_5.stl"/>
        <mesh name="D_197_6" file="objects/D_197/D_197_6.stl"/>
        <mesh name="D_197_7" file="objects/D_197/D_197_7.stl"/>
        <mesh name="D_197_8" file="objects/D_197/D_197_8.stl"/>
        <mesh name="D_197_9" file="objects/D_197/D_197_9.stl"/>
        <mesh name="D_197_10" file="objects/D_197/D_197_10.stl"/>
        <mesh name="D_197_11" file="objects/D_197/D_197_11.stl"/>
        <mesh name="D_197_12" file="objects/D_197/D_197_12.stl"/>
        <mesh name="D_197_13" file="objects/D_197/D_197_13.stl"/>
        <mesh name="D_197_14" file="objects/D_197/D_197_14.stl"/>
        <mesh name="D_197_15" file="objects/D_197/D_197_15.stl"/>
        <mesh name="D_197_16" file="objects/D_197/D_197_16.stl"/>
        <mesh name="D_197_17" file="objects/D_197/D_197_17.stl"/>
        <mesh name="D_197_18" file="objects/D_197/D_197_18.stl"/>
        <mesh name="D_197_19" file="objects/D_197/D_197_19.stl"/>
        <mesh name="D_197_20" file="objects/D_197/D_197_20.stl"/>
        <mesh name="D_197_21" file="objects/D_197/D_197_21.stl"/>
        <mesh name="D_197_22" file="objects/D_197/D_197_22.stl"/>
        <mesh name="D_197_23" file="objects/D_197/D_197_23.stl"/>
        <mesh name="D_197_24" file="objects/D_197/D_197_24.stl"/>
        <mesh name="D_197_25" file="objects/D_197/D_197_25.stl"/>
        <mesh name="D_197_26" file="objects/D_197/D_197_26.stl"/>
        <mesh name="D_197_27" file="objects/D_197/D_197_27.stl"/>
        <mesh name="D_197_28" file="objects/D_197/D_197_28.stl"/>
        <mesh name="D_197_29" file="objects/D_197/D_197_29.stl"/>
        <mesh name="D_197_30" file="objects/D_197/D_197_30.stl"/>
        <mesh name="D_197_31" file="objects/D_197/D_197_31.stl"/>
        <mesh name="D_197_32" file="objects/D_197/D_197_32.stl"/>
        <mesh name="D_197_33" file="objects/D_197/D_197_33.stl"/>
        <mesh name="D_197_34" file="objects/D_197/D_197_34.stl"/>
        <mesh name="D_197_35" file="objects/D_197/D_197_35.stl"/>
        <mesh name="D_197_36" file="objects/D_197/D_197_36.stl"/>
        <mesh name="D_197_37" file="objects/D_197/D_197_37.stl"/>
        <mesh name="D_197_38" file="objects/D_197/D_197_38.stl"/>
        <mesh name="D_197_39" file="objects/D_197/D_197_39.stl"/>
        <mesh name="D_197_40" file="objects/D_197/D_197_40.stl"/>
        <mesh name="D_197_41" file="objects/D_197/D_197_41.stl"/>
        <mesh name="D_197_42" file="objects/D_197/D_197_42.stl"/>
        <mesh name="D_197_43" file="objects/D_197/D_197_43.stl"/>
        <mesh name="D_197_44" file="objects/D_197/D_197_44.stl"/>
        <mesh name="D_197_45" file="objects/D_197/D_197_45.stl"/>
        <mesh name="D_197_46" file="objects/D_197/D_197_46.stl"/>
        <mesh name="D_197_47" file="objects/D_197/D_197_47.stl"/>
        <mesh name="D_197_visual" file="objects/D_197/D_197_full.stl"/>
    </asset>
</mujoco>